Date,Open,High,Low,Close,Volume,SMA_20,EMA_20,MACD,RSI_14,Momentum_10,Bollinger_Upper,Bollinger_Lower,ATR_14,Volume_MA_20,OBV,Lag_1,Lag_5,Lag_10
2023-11-16,9.58,9.95,9.4001,9.86,44202,9.315999999999999,9.41662225610431,0.11887794913656258,72.06703854249243,0.8599999999999994,9.915943857022427,8.716056142977571,0.32846428571428554,68172.4,77971,9.79,9.44,9.0
2023-11-17,9.7,9.96,9.7,9.89,22041,9.355500000000001,9.461705850761042,0.1302820546720529,73.33333276296295,0.2900000000000009,9.998076229350508,8.712923770649494,0.3348999999999999,42579.1,100012,9.86,9.6,9.6
2023-11-20,9.8876,9.97,9.61,9.93,22322,9.3995,9.506305293545704,0.1402419273882778,75.13812096578252,0.4299999999999997,10.073731726524812,8.725268273475187,0.3499,41085.15,122334,9.89,9.64,9.5
2023-11-21,9.66,9.99,9.66,9.91,17966,9.4425,9.544752408446113,0.14494493041420142,73.14285655771432,0.6600000000000001,10.132393203024169,8.752606796975833,0.36347142857142867,38273.3,104368,9.93,9.69,9.25
2023-11-22,9.78,9.98,9.78,9.98,3409,9.488,9.586204560022674,0.15169911551739013,78.48837145416445,0.5400000000000009,10.194290532139199,8.7817094678608,0.36490000000000017,37230.0,107777,9.91,9.79,9.44
2023-11-24,9.82,9.98,9.81,9.98,2469,9.536999999999999,9.623708887639562,0.1551676953023371,66.96428487723219,0.5400000000000009,10.236687148133477,8.837312851866521,0.3006142857142859,36609.35,107777,9.98,9.86,9.44
2023-11-27,9.8,9.98,9.8,9.98,3178,9.5825,9.657641374531032,0.15604936603867436,73.52941075547871,0.3800000000000008,10.272606780448543,8.892393219551456,0.27284285714285733,36462.0,107777,9.98,9.89,9.6
2023-11-28,9.98,9.98,9.86,9.98,8260,9.629,9.688342196004267,0.1549128467400127,97.40259563164118,0.33999999999999986,10.292861114200381,8.965138885799618,0.26427857142857164,34187.2,107777,9.98,9.93,9.64
2023-11-29,9.86,10.2,9.84,9.93,104546,9.6745,9.711357224956242,0.148645859857103,88.88888691358025,0.2400000000000002,10.285227779827178,9.063772220172822,0.2778500000000002,35816.75,3231,9.98,9.91,9.69
2023-11-30,9.9,10.015,9.7,9.9,26765,9.714500000000001,9.729323203531838,0.13986490324215595,84.8484830486686,0.11000000000000121,10.269002147497151,9.159997852502851,0.2817785714285717,33236.05,-23534,9.93,9.98,9.79
2023-12-01,9.9,9.9499,9.82,9.94,9979,9.761500000000002,9.749387660338328,0.13429182135167572,81.48147936899872,0.08000000000000007,10.210277286225121,9.312722713774882,0.2667714285714288,31050.55,-13555,9.9,9.98,9.86
2023-12-04,9.94,10.0,9.88,10.0,17211,9.7815,9.77325550221087,0.13277139653989067,82.14285508928579,0.10999999999999943,10.23559366063796,9.327406339362039,0.2603428571428574,27620.55,3656,9.94,9.98,9.89
2023-12-05,9.95,10.0,9.9,9.9,12777,9.801499999999999,9.785326406762215,0.12268647140087907,67.21311321150242,-0.02999999999999936,10.238295748967174,9.364704251032824,0.25105714285714303,25826.95,-9121,10.0,9.98,9.93
2023-12-06,9.9,9.96,9.9,9.9,8033,9.834,9.79624770135629,0.11338664350782324,60.78431205690136,-0.009999999999999787,10.186638177471657,9.481361822528342,0.2324857142857145,25094.7,-9121,9.9,9.93,9.91
2023-12-07,9.82,10.0,9.82,9.85,14470,9.854499999999998,9.801366967893786,0.10108424027274232,48.979590437317846,-0.13000000000000078,10.154428061550213,9.554571938449783,0.20606428571428598,25305.4,-23591,9.9,9.9,9.98
2023-12-08,9.99,10.04,9.9,9.94,21934,9.8795,9.814570113808664,0.0970341403696704,54.54545315702474,-0.040000000000000924,10.109051049247295,9.649948950752705,0.1974928571428572,24314.75,-1657,9.85,9.94,9.98
2023-12-11,9.94,10.04,9.76,9.76,17451,9.8875,9.8093729601126,0.07921276521834386,37.6811586557446,-0.22000000000000064,10.084944195980341,9.690055804019657,0.19177857142857135,22471.5,-19108,9.94,10.0,9.98
2023-12-12,9.89,9.97,9.8,9.83,13448,9.897,9.811337440101877,0.06964580015343635,44.594593750913084,-0.15000000000000036,10.059493724575209,9.734506275424792,0.18034999999999993,21848.35,-5660,9.76,9.9,9.98
2023-12-13,9.98,10.02,9.75,9.75,14418,9.9,9.805495779139793,0.05529197570437816,34.666666019555535,-0.17999999999999972,10.047968702238391,9.75203129776161,0.18534999999999982,20576.05,-20078,9.83,9.9,9.93
2023-12-14,10.0,10.09,9.9,9.91,73427,9.906,9.81544856207886,0.055603421484828885,46.15384544378697,0.009999999999999787,10.04462482499636,9.767375175003641,0.1867785714285712,22915.3,53349,9.75,9.85,9.9
2023-12-15,10.02,10.03,9.6,9.6,184169,9.893,9.794929651404683,0.03152775600823432,34.4262291131416,-0.33999999999999986,10.08735182422338,9.698648175776622,0.20463571428571406,29913.65,-130820,9.91,9.94,9.94
2023-12-18,9.76,9.879,9.62,9.62,54015,9.8795,9.778269684604236,0.013852522961638414,35.48387056711755,-0.3800000000000008,10.109051049247295,9.649948950752705,0.21456428571428546,31512.35,-76805,9.6,9.76,10.0
2023-12-19,9.75,9.93,9.65,9.65,102590,9.8655,9.766053524165738,0.0021623087628785953,38.524589721849004,-0.25,10.115339948767222,9.61566005123278,0.20884999999999973,35525.75,25785,9.62,9.83,9.9
2023-12-20,9.82,9.82,9.68,9.785,6905,9.85925,9.767857950435667,0.0033906067767013326,45.6603768760413,-0.11500000000000021,10.110651859056073,9.607848140943926,0.19634999999999966,34972.7,32690,9.65,9.75,9.9
2023-12-21,9.8,9.81,9.69,9.79,6185,9.84975,9.769966717060841,0.004699897455530788,44.18604603208941,-0.0600000000000005,10.096251307779188,9.603248692220813,0.19564285714285695,35111.5,38875,9.785,9.91,9.85
2023-12-22,9.81,9.98,9.8,9.97,12694,9.849250000000001,9.78901750591219,0.019614129010763648,48.93616972687494,0.030000000000001137,10.094677124996847,9.603822875003155,0.19992857142857126,35622.75,51569,9.79,9.6,9.94
2023-12-26,9.97,10.05,9.936,10.01,20582,9.85075,9.810063457730076,0.03417393102501798,54.074073513305876,0.25,10.099880593527946,9.601619406472054,0.20092857142857135,36492.95,72151,9.97,9.62,9.76
2023-12-27,10.0262,10.08,10.02,10.07,21121,9.85525,9.83481931889864,0.049852281795566,56.028368238016185,0.2400000000000002,10.11713537066516,9.59336462933484,0.20092857142857135,37136.0,93272,10.01,9.65,9.83
2023-12-28,10.03,10.15,9.99,10.13,60374,9.86525,9.862931764717818,0.0662366808412358,59.85915433941682,0.3800000000000008,10.153136582199542,9.577363417800457,0.19949999999999996,34927.4,153646,10.07,9.785,9.75
2023-12-29,10.15,10.2,10.07,10.2,48807,9.88025,9.895033501411358,0.08377614429168823,59.285713692857136,0.28999999999999915,10.20470054768754,9.55579945231246,0.19878571428571426,36029.5,202453,10.13,9.79,9.91
2024-01-02,10.18,10.6,10.03,10.56,46005,9.911249999999999,9.958363644134087,0.12470562000877905,75.31645502884153,0.9600000000000009,10.355936465536773,9.466563534463225,0.21950000000000003,37830.8,248458,10.2,9.97,9.6
2024-01-03,10.2884,10.6,10.25,10.6,3953,9.94125,10.019471868502269,0.15847032685203466,74.8387090014568,0.9800000000000004,10.481774842410752,9.400725157589248,0.23235714285714287,37167.9,252411,10.56,10.01,9.62
2024-01-04,10.56,10.72,10.56,10.68,13101,9.980250000000002,10.082379309597291,0.18937957310296305,79.99999927741933,1.0299999999999994,10.612942450438695,9.347557549561309,0.22450000000000006,37184.1,265512,10.6,10.07,9.65
2024-01-05,10.5501,10.74,10.5501,10.74,8221,10.02225,10.145009851540406,0.2161377008808696,78.62068889607609,0.9550000000000001,10.738515718115409,9.30598428188459,0.22449285714285722,37193.5,273733,10.68,10.13,9.785
2024-01-08,10.74,10.75,10.7196,10.75,3265,10.067249999999998,10.20262796091751,0.23541454748428947,99.99999878260871,0.9600000000000009,10.848123161747063,9.286376838252933,0.1959500000000001,36633.25,276998,10.74,10.2,9.79
2024-01-09,10.75,10.8,10.6772,10.8,4928,10.110249999999999,10.259520536068225,0.2517606336223768,99.99999881355933,0.8300000000000001,10.953816831970068,9.26668316802993,0.18622142857142876,35782.95,281926,10.75,10.56,9.97
2024-01-10,10.74,10.74,10.6,10.61,3641,10.152750000000001,10.292899532633156,0.24672261650857585,85.82089462575178,0.5999999999999996,11.007590551460373,9.29790944853963,0.17622142857142883,35092.45,278285,10.8,10.6,10.01
2024-01-11,10.69,10.7,10.5,10.65,29875,10.19375,10.326909100953808,0.24311326320499305,84.73895487040525,0.5800000000000001,11.061965805091422,9.325534194908577,0.18050714285714303,35913.8,308160,10.61,10.68,10.07
2024-01-12,10.68,10.68,10.59,10.63,5812,10.237750000000002,10.355774900862968,0.2359322149565699,83.3333324074074,0.5,11.100453675417564,9.37504632458244,0.1783642857142858,35483.5,302348,10.65,10.74,10.13
2024-01-16,10.51,10.59,10.5,10.59,13247,10.27175,10.378082053161734,0.224454619936715,77.67857045758919,0.39000000000000057,11.133665095342327,9.409834904657675,0.17193571428571439,32474.5,289101,10.63,10.75,10.2
2024-01-17,10.45,10.56,10.45,10.56,680,10.319749999999999,10.395407571908235,0.21053053024484925,74.77477383166949,0.0,11.129496386547256,9.510003613452742,0.17165000000000014,23300.05,288421,10.59,10.8,10.56
2024-01-18,10.6599,10.8,10.48,10.73,28211,10.37525,10.427273517440785,0.2106662037142364,77.0491794436979,0.13000000000000078,11.133582485058342,9.616917514941656,0.1902214285714287,22009.85,316632,10.56,10.61,10.6
2024-01-19,10.75,10.87,10.57,10.75,46224,10.430250000000001,10.458009372922614,0.20995158949432735,76.27118553576554,0.07000000000000028,11.12390906231871,9.736590937681292,0.2002214285714286,19191.55,362856,10.73,10.65,10.68
2024-01-22,10.75,10.75,10.55,10.725,12283,10.47725,10.483437051691888,0.20501658070728546,73.12775240194838,-0.015000000000000568,11.111678669624988,9.842821330375012,0.20522142857142864,19460.45,350573,10.75,10.63,10.74
2024-01-23,10.7046,10.74,10.62,10.62,6680,10.51875,10.496443046768851,0.1904920168642228,53.40909005940076,-0.13000000000000078,11.066567439817728,9.970932560182273,0.17307857142857155,19485.2,343893,10.725,10.59,10.75
2024-01-24,10.64,10.64,10.5001,10.53,19464,10.54675,10.49963894707658,0.1698056862013786,46.23655844375073,-0.27000000000000135,11.029900570406618,10.063599429593381,0.15807142857142878,19823.7,324429,10.62,10.56,10.8
2024-01-25,10.5401,10.542,10.49,10.49,7193,10.57075,10.498720952116905,0.14849040136182978,39.325842078020514,-0.11999999999999922,10.98431314352737,10.15718685647263,0.15035714285714302,19154.25,317236,10.53,10.73,10.61
2024-01-26,10.515,10.515,10.38,10.44,17226,10.589250000000002,10.493128480486723,0.12613071582952884,32.95454493026861,-0.21000000000000085,10.936241202679367,10.242258797320636,0.14643571428571445,18959.5,300010,10.49,10.75,10.65
2024-01-29,10.42,10.44,10.25,10.3237,17709,10.598934999999999,10.476992434726082,0.09794360308726979,28.388927914990447,-0.30630000000000024,10.899686341774194,10.298183658225804,0.15783571428571438,16826.25,282301,10.44,10.725,10.63
2024-01-30,10.2501,10.33,10.25,10.26,6121,10.601935000000001,10.456326488561693,0.06968591505924415,22.99999967800001,-0.33000000000000007,10.88670334740582,10.317166652594182,0.15477857142857143,14691.95,276180,10.3237,10.62,10.59
2024-01-31,10.24,10.275,10.23,10.25,12244,10.586435,10.436676346793913,0.045958957036368986,28.048780008923302,-0.3100000000000005,10.911683570691514,10.261186429308486,0.1479928571428571,13003.9,263936,10.26,10.53,10.56
2024-02-01,10.2101,10.22,10.06,10.19,81912,10.565935,10.413183361384968,0.02207887864108038,22.619047242063445,-0.5400000000000009,10.936157751014102,10.195712248985897,0.1451357142857143,16901.85,182024,10.25,10.49,10.73
2024-02-02,10.08,10.26,10.05,10.26,30945,10.544934999999999,10.398594469824495,0.008682265608936035,29.213482686529446,-0.4900000000000002,10.93502907920604,10.154840920793959,0.15370714285714282,17794.05,212969,10.19,10.44,10.75
2024-02-05,10.24,10.24,10.16,10.19,754,10.517435,10.37872832984121,-0.0074773818828077765,28.26086913516066,-0.5350000000000001,10.926703180125436,10.108166819874565,0.15299285714285712,17420.7,212215,10.26,10.3237,10.725
2024-02-06,10.21,10.21,10.05,10.1,16005,10.484935,10.352182774618237,-0.027209346535897794,26.530611865889185,-0.5199999999999996,10.918929325817897,10.050940674182103,0.15656428571428563,18057.7,196210,10.19,10.26,10.62
2024-02-07,10.1,10.1,9.91,9.94,34621,10.441934999999999,10.312927272273644,-0.05508465345776514,9.278350381549572,-0.5899999999999999,10.913299381455882,9.970570618544116,0.1472785714285713,19542.35,161589,10.1,10.25,10.53
2024-02-08,9.99,10.05,9.99,10.01,2468,10.411935,10.28407705586663,-0.07072639941723047,13.725490007689402,-0.4800000000000004,10.913657885455205,9.910212114544795,0.13013571428571424,19483.7,164057,9.94,10.19,10.49
2024-02-09,9.98,10.046,9.98,10.02,4408,10.380435,10.258926860069808,-0.08137886155884821,14.925372926412734,-0.41999999999999993,10.898079646553294,9.862790353446707,0.12056428571428565,18210.35,168465,10.01,10.26,10.44
2024-02-12,10.0,10.26,10.0,10.19,7615,10.358434999999998,10.252362397206017,-0.07526670325294482,29.906541664774238,-0.13370000000000104,10.868768988781152,9.848101011218844,0.13056428571428555,18300.5,176080,10.02,10.19,10.3237
2024-02-13,10.195,10.2,10.15,10.2,3233,10.338935,10.247375502234016,-0.06882404997465663,33.33333286195287,-0.0600000000000005,10.841762375526596,9.836107624473403,0.12414285714285686,17799.8,179313,10.19,10.1,10.26
2024-02-14,10.18,10.23,10.18,10.23,2173,10.322435,10.245720692497443,-0.060603497734446066,36.73469335276973,-0.019999999999999574,10.816296285766525,9.828573714233476,0.12399999999999979,17874.45,181486,10.2,9.94,10.25
2024-02-15,10.24,10.29,10.23,10.29,3614,10.300434999999998,10.249937769402448,-0.04869460657485192,42.42424182430363,0.09999999999999964,10.755530803794754,9.845339196205243,0.11864285714285686,16644.6,185100,10.23,10.01,10.19
2024-02-16,10.29,10.29,10.241,10.241,5898,10.274985,10.249086553268882,-0.04271164500592839,45.51858606561153,-0.019000000000000128,10.678196498765665,9.871773501234333,0.10857142857142829,14628.3,179202,10.29,10.02,10.26
2024-02-20,10.21,10.26,10.2014,10.23,1784,10.250235,10.247268786290892,-0.038413491895202156,48.275861292112616,0.040000000000000924,10.593443264377264,9.907026735622736,0.10704285714285687,14103.35,177418,10.241,10.19,10.19
2024-02-21,10.22,10.28,10.2001,10.28,8336,10.233234999999999,10.250386044739379,-0.030625360844471317,51.6483508537616,0.17999999999999972,10.529844395989883,9.936625604010114,0.10953571428571392,14186.15,185754,10.23,10.2,10.1
2024-02-22,10.21,10.25,10.15,10.15,21578,10.214234999999999,10.240825469049915,-0.03453105084729202,47.959182988338235,0.21000000000000085,10.477625838469152,9.950844161530846,0.1052499999999996,14291.85,164176,10.28,10.23,9.94
2024-02-23,10.225,10.23,10.225,10.23,1218,10.201235,10.239794471997541,-0.03082356880766035,48.484847799204196,0.22000000000000064,10.430812270789525,9.971657729210476,0.09060714285714257,13993.1,165394,10.15,10.29,10.01
2024-02-26,10.2336,10.2336,10.19,10.19,1520,10.188735,10.235052141331108,-0.03075477744230426,49.99999927083334,0.16999999999999993,10.388916331218546,9.988553668781453,0.08800714285714253,13207.8,163874,10.23,10.241,10.02
2024-02-27,10.2,10.2,10.2,10.2,1371,10.18255,10.231713842156717,-0.029553467069172612,55.68181729597108,0.009999999999999787,10.37255883635964,9.992541163640361,0.0765785714285711,12390.9,165245,10.19,10.23,10.19
2024-02-28,10.2,10.25,10.1999,10.25,1832,10.18205,10.233455380998935,-0.024290759395372064,70.1298688547817,0.05000000000000071,10.371251618998324,9.992848381001677,0.06658571428571403,12176.45,167077,10.2,10.28,10.2
2024-02-29,10.26,10.29,10.26,10.29,1352,10.18405,10.23884058280856,-0.016702771647340242,68.91891761504755,0.05999999999999872,10.377082830586453,9.991017169413546,0.0644428571428568,11631.85,168429,10.25,10.15,10.23
2024-03-01,10.2604,10.27,10.21,10.2101,4074,10.185055,10.23610338444584,-0.016935870567321487,61.7360157250227,-0.07989999999999853,10.378427261386406,9.991682738613594,0.06401428571428536,7739.95,164355,10.29,10.23,10.29
2024-03-05,10.2338,10.2491,10.2101,10.2487,2338,10.18449,10.237303062117665,-0.013848674526418137,54.325717375740574,0.007699999999999818,10.377004386612118,9.991975613387883,0.048228571428571065,6309.6,166693,10.2101,10.19,10.241
2024-03-06,10.245,10.245,10.2101,10.2101,1475,10.185495,10.234712294296935,-0.014349089836994011,50.71418369396337,-0.019899999999999807,10.378340075261567,9.992649924738432,0.047149999999999616,6345.65,165218,10.2487,10.2,10.23
2024-03-07,10.21,10.2985,10.21,10.25,17079,10.192995,10.236168266268656,-0.011396836207085315,51.394699135947285,-0.02999999999999936,10.383493133434722,10.002496866565277,0.04989999999999955,6399.35,182297,10.2101,10.25,10.28
2024-03-08,10.25,10.2897,10.25,10.2501,3111,10.2085,10.237495098052594,-0.008945971902777572,46.96393142977472,0.10009999999999941,10.358462605865276,10.058537394134726,0.048449999999999625,4823.85,185408,10.25,10.29,10.15
2024-03-11,10.25,10.2886,10.25,10.28,3378,10.222,10.241543183952347,-0.004540020527137756,53.05642516804083,0.049999999999998934,10.342426190541886,10.101573809458113,0.047707142857142566,4869.35,188786,10.2501,10.2101,10.23
2024-03-12,10.2999,10.2999,10.21,10.22,5888,10.232000000000001,10.239491452147362,-0.005820124727543785,49.27219695806295,0.030000000000001137,10.306107631541169,10.157892368458834,0.04994285714285672,4943.35,182898,10.28,10.2487,10.19
2024-03-13,10.29,10.29,10.24,10.24,1274,10.2345,10.239539885276185,-0.0051620615221672494,46.95585896897716,0.040000000000000924,10.305968388300883,10.163031611699118,0.04780714285714246,4626.3,184172,10.22,10.2101,10.2
2024-03-14,10.2236,10.26,10.16,10.21,2943,10.235,10.23672656286893,-0.006979727864687035,55.38599501722825,-0.03999999999999915,10.305586594821047,10.164413405178951,0.04780714285714246,4611.8,181229,10.24,10.25,10.25
2024-03-15,10.26,10.26,10.16,10.16,2885,10.2315,10.229419271167126,-0.012311191022250867,43.35863262424875,-0.129999999999999,10.309665438586906,10.153334561413095,0.054592857142856666,4647.4,178344,10.21,10.2501,10.29
2024-03-18,10.19,10.2,10.16,10.16,1631,10.225,10.222807912008353,-0.016347934585757784,46.91991651564924,-0.05010000000000048,10.304295211244595,10.145704788755404,0.05433571428571377,4548.25,178344,10.16,10.28,10.2101
2024-03-19,10.135,10.19,10.1,10.15,3864,10.22045,10.215873825150414,-0.020121730297910645,44.86652848432981,-0.09869999999999912,10.306070545984863,10.134829454015136,0.060764285714285195,4446.55,174480,10.16,10.22,10.2487
2024-03-20,10.15,10.27,10.12,10.27,2965,10.22245,10.221028698945613,-0.013279633658445533,51.79533083458772,0.059899999999998954,10.31083393519192,10.134066064808081,0.06789999999999947,4505.6,177445,10.15,10.24,10.2101
2024-03-21,10.215,10.29,10.21,10.21,1092,10.218950000000001,10.219978346665078,-0.012552535324369174,43.0675899429008,-0.03999999999999915,10.303184847145902,10.1347151528541,0.07147142857142796,4143.4,176353,10.27,10.21,10.25
2024-03-22,10.22,10.28,10.22,10.25,1195,10.22395,10.222837551744595,-0.0086498516514677,53.71439070563867,-9.999999999976694e-05,10.302641496230258,10.145258503769742,0.07147142857142796,3124.25,177548,10.21,10.16,10.2501
2024-03-25,10.27,10.28,10.2663,10.2663,1641,10.225765,10.226976832530823,-0.004193687075876085,51.709400303163164,-0.013700000000000045,10.306686931839527,10.144843068160474,0.06966428571428514,3145.4,179189,10.25,10.16,10.28
2024-03-26,10.25,10.2533,10.22,10.24,2109,10.228265,10.228217134194555,-0.0027520969234249293,52.97512290218564,0.019999999999999574,10.307608630394759,10.148921369605242,0.06954999999999943,3174.85,177080,10.2663,10.15,10.22
2024-03-27,10.2599,10.2599,10.255,10.255,1666,10.231015,10.230767883318883,-0.0003949769470050768,50.523449105259125,0.015000000000000568,10.31004571421595,10.15198428578405,0.06357857142857082,3189.6,178746,10.24,10.27,10.24
2024-03-28,10.2599,10.2599,10.22,10.22,840,10.229515000000001,10.229742370621846,-0.0013351674398265345,47.06341334851169,0.009999999999999787,10.308166403440547,10.150863596559455,0.0635928571428565,3140.0,177906,10.255,10.21,10.21
2024-04-01,10.25,10.255,10.2,10.2,2938,10.225015,10.226909763895955,-0.0036516955890135705,42.04138362797571,0.03999999999999915,10.299271178902988,10.150758821097014,0.06476428571428514,3219.3,174968,10.22,10.25,10.16
2024-04-02,10.16,10.25,10.15,10.2,2491,10.224509999999999,10.224346929239198,-0.005425019017014421,47.74062207779308,0.03999999999999915,10.299328514455128,10.149691485544869,0.0654857142857138,3140.15,174968,10.2,10.2663,10.16
2024-04-03,10.25,10.25,10.25,10.25,285,10.224575,10.226790078835466,-0.0027646113626413893,51.05797563518479,0.09999999999999964,10.299484204690597,10.149665795309403,0.061914285714285304,3037.5,175253,10.2,10.24,10.15
2024-04-04,10.2,10.24,10.1831,10.24,1139,10.22607,10.22804816656542,-0.001446341241990723,53.31418306142601,-0.02999999999999936,10.30095630259132,10.15118369740868,0.05883571428571394,3020.7,174114,10.25,10.255,10.27
2024-04-05,10.25,10.25,10.135,10.1609,8542,10.221615,10.221653103083,-0.00670609214225415,50.09341768464217,-0.04910000000000103,10.300974734586838,10.142255265413162,0.059907142857142555,2593.85,165572,10.24,10.22,10.21
2024-04-08,10.08,10.14,10.07,10.14,2037,10.21611,10.213876617075096,-0.012417562675713256,48.01034486242577,-0.10999999999999943,10.30214409116225,10.130075908837751,0.06204999999999978,2540.15,163535,10.1609,10.2,10.25
2024-04-09,10.17,10.17,10.17,10.17,104,10.210609999999999,10.209697891639372,-0.014357973306356797,51.913507985478134,-0.09629999999999939,10.293451710826373,10.127768289173625,0.055621428571428363,2376.45,163639,10.14,10.2,10.2663
2024-04-10,10.1,10.1,10.01,10.05,3261,10.202110000000001,10.194488568626099,-0.025286166497725304,28.951396086261866,-0.1899999999999995,10.311520341087352,10.09269965891265,0.05133571428571404,2245.1,160378,10.17,10.25,10.24
2024-04-11,10.025,10.075,10.0101,10.075,1912,10.19386,10.183108704947422,-0.03156587170887981,36.156684769906256,-0.1800000000000015,10.315446450076124,10.072273549923878,0.050257142857142716,2277.0,162290,10.05,10.24,10.255
2024-04-12,10.08,10.08,10.01,10.05,1640,10.185860000000002,10.17043168542862,-0.038120238541520024,28.840456191776497,-0.16999999999999993,10.323031201519576,10.048688798480427,0.05097142857142854,2211.85,160650,10.075,10.1609,10.22
2024-04-15,10.055,10.1,10.0,10.05,10542,10.18036,10.158962001102084,-0.042820995079265955,26.29848703007052,-0.14999999999999858,10.33013871959031,10.03058128040969,0.05713571428571423,2594.7,160650,10.05,10.14,10.2
2024-04-16,10.03,10.03,10.0,10.01,4241,10.17286,10.144775143854266,-0.04920654034259364,25.531914133091817,-0.1899999999999995,10.340846783941341,10.004873216058659,0.056899999999999985,2725.2,156409,10.05,10.17,10.2
2024-04-17,10.0,10.05,9.975,9.975,1885,10.16411,10.128606082534812,-0.05644049595537659,21.428570816326342,-0.27500000000000036,10.353923014916223,9.974296985083779,0.06190714285714297,2626.25,154524,10.01,10.05,10.25
2024-04-18,10.05,10.05,10.0,10.04,2263,10.15261,10.120167408007687,-0.056280103225232025,32.692306812129985,-0.20000000000000107,10.343278219966699,9.9619417800333,0.06262857142857163,2591.15,156787,9.975,10.075,10.24
2024-04-19,9.97,10.07,9.97,10.07,4995,10.14561,10.115389559626003,-0.053120060780608824,37.73584805980782,-0.09089999999999954,10.33768129049284,9.953538709507159,0.06584285714285722,2786.3,161782,10.04,10.05,10.1609
2024-04-22,10.05,10.26,10.05,10.25,9200,10.14561,10.128209601566384,-0.035680793870195515,53.52112570521731,0.10999999999999943,10.33768129049284,9.953538709507159,0.07370000000000003,3186.55,170982,10.07,10.05,10.14
2024-04-23,10.25,10.25,10.25,10.25,258,10.144794999999998,10.13980868713149,-0.021610938220005593,49.99999893939396,0.08000000000000007,10.334837637598168,9.954752362401829,0.07370000000000003,3117.4,170982,10.25,10.01,10.17
2024-04-25,10.0601,10.25,10.0601,10.155,748,10.140545,10.141255478833253,-0.01791922111201316,44.29530118102782,0.10499999999999865,10.325352649363234,9.955737350636765,0.08319999999999997,3049.35,170234,10.25,9.975,10.05
2024-04-26,10.12,10.12,10.12,10.12,176,10.133795000000001,10.139231147515801,-0.0176145289018681,47.082321787483885,0.04499999999999993,10.310693287457141,9.95689671254286,0.07498571428571424,2974.85,170058,10.155,10.04,10.075
2024-04-29,10.1458,10.1886,10.03,10.06,7806,10.125795,10.131685323942868,-0.0219611811531788,44.594593750913056,0.009999999999999787,10.300739303618112,9.950850696381888,0.08131428571428564,3323.15,162252,10.12,10.07,10.05
2024-04-30,10.05,10.07,10.0,10.07,2445,10.119295,10.125810531186405,-0.024318717152683078,43.055554718364206,0.019999999999999574,10.29227986060926,9.94631013939074,0.08631428571428566,3298.5,164697,10.06,10.25,10.05
2024-05-01,10.0,10.0,9.96,10.0,6658,10.109295,10.113828575835319,-0.03147247913028828,46.26865574961011,-0.009999999999999787,10.285725018629734,9.932864981370265,0.08274285714285703,3506.85,158039,10.07,10.25,10.01
2024-05-02,9.9877,10.07,9.9802,10.04,3318,10.098794999999999,10.106797282898622,-0.03352784450904167,47.44525450476851,0.0649999999999995,10.264645134950687,9.932944865049311,0.08452142857142851,3658.5,161357,10.0,10.155,9.975
2024-05-03,10.02,10.19,10.0,10.19,1998,10.096295,10.11472135119399,-0.022790673552908203,58.641974295076906,0.15000000000000036,10.254514879980539,9.93807512001946,0.09309285714285702,3701.45,163355,10.04,10.12,10.04
2024-05-06,10.19,10.2,10.03,10.07,2532,10.091750000000001,10.1104621748898,-0.0236909938300105,51.075268048329285,0.0,10.247356622778835,9.936143377221168,0.09809285714285705,3400.95,160823,10.19,10.06,10.07
2024-05-07,10.06,10.25,10.06,10.25,6764,10.097249999999999,10.123751491566962,-0.009767824209378162,61.21495247008477,0.0,10.267156320938156,9.927343679061842,0.10952142857142848,3637.3,167587,10.07,10.07,10.25
2024-05-08,10.18,10.18,10.075,10.0996,1602,10.093729999999999,10.121451349512965,-0.010745450656651556,55.255609268113325,-0.15039999999999942,10.260171962067396,9.927288037932602,0.11166428571428558,3712.2,165985,10.25,10.0,10.25
2024-05-09,10.0892,10.15,10.0211,10.13,6113,10.09773,10.122265506702206,-0.008963929426743178,53.91032259754567,-0.02499999999999858,10.263591135322685,9.931868864677316,0.11729999999999981,3854.8,172098,10.0996,10.04,10.155
2024-05-10,10.1,10.1,10.0,10.01,8723,10.09448,10.111573553682948,-0.017038430293018436,47.58220449214144,-0.10999999999999943,10.264706321175828,9.924253678824174,0.11729999999999981,4195.35,163375,10.13,10.19,10.12
2024-05-13,10.0,10.13,10.0,10.03,3710,10.09348,10.103804643808381,-0.02157502552913293,39.82235329615748,-0.030000000000001137,10.265036313909189,9.92192368609081,0.1115857142857142,4298.85,167085,10.01,10.07,10.06
2024-05-14,10.0,10.07,9.98,10.07,5681,10.09448,10.100585153921868,-0.021692645930585286,41.97002088902544,0.0,10.26520030187909,9.92375969812091,0.11801428571428563,4055.8,172766,10.03,10.25,10.07
2024-05-15,10.12,10.13,10.0001,10.0001,1071,10.093985,10.091015139262643,-0.027113556332986732,42.93145879251582,9.999999999976694e-05,10.265790621806197,9.922179378193803,0.11372857142857143,3897.3,171695,10.07,10.0996,10.0
2024-05-16,10.0915,10.14,9.96,9.98,7965,10.094235,10.080442268856677,-0.03265511229058227,43.523315498402695,-0.05999999999999872,10.265324675162972,9.923145324837026,0.12658571428571427,4201.3,163730,10.0001,10.13,10.04
2024-05-17,9.9877,10.0,9.96,9.96,6370,10.090235,10.068971576584612,-0.03822006433059322,45.19600246661797,-0.22999999999999865,10.270175379307329,9.910294620692671,0.11811428571428564,4406.65,157360,9.98,10.01,10.19
2024-05-20,9.98,10.01,9.98,10.01,16641,10.087235,10.063355235957506,-0.038155964352762695,47.22427770064775,-0.0600000000000005,10.27056459418835,9.90390540581165,0.11525714285714272,4988.95,174001,9.96,10.03,10.07
2024-05-21,10.03,10.06,9.97,10.06,2875,10.077735,10.06303568967584,-0.03368236559703064,52.82805360143975,-0.1899999999999995,10.244493928112604,9.910976071887397,0.11882857142857135,4672.7,176876,10.01,10.07,10.25
2024-05-22,9.99,10.15,9.99,10.06,436,10.068235,10.062746576373378,-0.029793564478220347,50.97962312527953,-0.03960000000000008,10.21399967372194,9.92247032627806,0.12384285714285705,4681.6,176876,10.06,10.0001,10.0996
2024-05-23,10.07,10.07,10.045,10.05,3244,10.062985000000001,10.06153261671877,-0.027204966750856485,42.052678713967474,-0.08000000000000007,10.203043608409029,9.922926391590973,0.11205714285714283,4806.4,173632,10.06,9.98,10.13
2024-05-24,10.11,10.11,10.035,10.035,1353,10.058735,10.059005700840792,-0.02606340338920532,47.74426312397565,0.025000000000000355,10.196651195377367,9.920818804622634,0.10527142857142849,4865.25,172279,10.05,9.96,10.01
2024-05-28,10.08,10.08,10.05,10.06,732,10.058735,10.059100395998811,-0.022877714331519527,34.69716416597896,0.030000000000001137,10.196651195377367,9.920818804622634,0.09384285714285705,4511.55,173011,10.035,10.01,10.03
2024-05-29,9.9814,10.08,9.9814,10.04,811,10.057235,10.05728131066559,-0.02171651655437934,43.92332664166675,-0.030000000000001137,10.195287823986058,9.919182176013942,0.09338571428571411,4429.85,172200,10.06,10.06,10.07
2024-05-30,9.97,10.08,9.97,10.02,2862,10.058235,10.05373070964982,-0.022154692608353344,38.54166554253468,0.019899999999999807,10.194824176962003,9.921645823037997,0.0920357142857141,4240.05,169338,10.04,10.06,10.0001
2024-05-31,10.02,10.02,9.97,9.97,1114,10.054735,10.045756356349838,-0.026234090665347765,45.121949678762796,-0.009999999999999787,10.196770403666607,9.912699596333395,0.08846428571428547,4129.85,168224,10.02,10.05,9.98
2024-06-03,10.01,10.04,9.97,10.03,2285,10.046735000000002,10.044255750983186,-0.024344945022228615,49.99999844444449,0.06999999999999851,10.173941393003856,9.919528606996147,0.08417857142857102,4144.2,170509,9.97,10.035,9.96
2024-06-04,10.0,10.0,9.96,9.9999,3674,10.04323,10.040031393746693,-0.024988533433454307,42.03589959440442,-0.010099999999999554,10.171595040330088,9.914864959669911,0.0806071428571424,4201.3,166835,10.03,10.06,10.01
2024-06-05,10.0,10.08,10.0,10.08,2891,10.03473,10.043837927675579,-0.018818294981731043,58.87186137196088,0.019999999999999574,10.12108510773299,9.94837489226701,0.07704285714285662,4007.65,169726,9.9999,10.04,10.06
2024-06-06,10.0999,10.1,10.01,10.085,5036,10.034,10.04775812503981,-0.013370751095163058,62.063417121121795,0.025000000000000355,10.118267768702527,9.949732231297475,0.0706142857142852,4179.35,174762,10.08,10.02,10.06
2024-06-07,10.09,10.09,10.055,10.055,911,10.030249999999999,10.04844782741697,-0.011343509136027663,60.66936017661478,0.004999999999999005,10.10232272642778,9.958177273572218,0.07025714285714242,3919.25,173851,10.085,9.97,10.05
2024-06-10,10.01,10.07,10.01,10.07,790,10.033249999999999,10.05050041528202,-0.008429368014514438,57.31350365092872,0.03500000000000014,10.10675441447536,9.959745585524638,0.07239999999999965,3522.6,174641,10.055,10.03,10.035
2024-06-11,10.11,10.12,10.01,10.12,1853,10.037749999999999,10.057119423350398,-0.002061561875308371,57.31350365092854,0.05999999999999872,10.120814679934547,9.954685320065451,0.07382857142857104,3429.75,176494,10.07,9.9999,10.06
2024-06-12,10.12,10.12,10.02,10.1127,1327,10.039885,10.06241281160274,0.0023686196012242533,56.31137535722334,0.0727000000000011,10.128452601894038,9.951317398105962,0.06954285714285671,3212.05,175167,10.12,10.08,10.04
2024-06-13,10.0201,10.0201,10.0201,10.0201,1187,10.040885,10.058383020021527,-0.001574299576427407,47.01059656439028,9.999999999976694e-05,10.128000948748282,9.953769051251717,0.0677571428571424,3217.85,173980,10.1127,10.085,10.02
2024-06-17,10.03,10.08,10.03,10.032,1930,10.043485,10.055870351448048,-0.003696256021481048,49.69818773485989,0.06199999999999939,10.125928480480159,9.961041519519842,0.06597142857142822,2916.1,175910,10.0201,10.055,9.97
2024-06-18,10.08,10.08,10.08,10.08,1478,10.049485,10.0581684132149,-0.001487587682209579,51.92307552514794,0.05000000000000071,10.12336827280243,9.97560172719757,0.06382857142857112,2671.5,177388,10.032,10.07,10.03
2024-06-20,10.03,10.12,10.03,10.12,1258,10.054985,10.064057135765863,0.0034506763941166696,57.4074059190673,0.12009999999999899,10.132766482710414,9.977203517289587,0.06321428571428545,1902.35,178646,10.08,10.12,9.9999
2024-06-21,10.0301,10.14,9.9858,10.14,7023,10.058985,10.071289789502448,0.008875799670196471,61.111109526749125,0.0600000000000005,10.145581104810898,9.972388895189102,0.06637142857142843,2109.75,185669,10.12,10.1127,10.08
2024-06-24,10.1074,10.14,10.1074,10.14,2078,10.062985000000001,10.077833619073644,0.013025103476179467,67.346936851312,0.054999999999999716,10.156862978472615,9.969107021527387,0.0651285714285714,2191.85,185669,10.14,10.0201,10.085
2024-06-25,10.139,10.1396,10.08,10.08,1771,10.064485,10.07803994106663,0.011341234993068383,55.1020392419826,0.025000000000000355,10.158448044807377,9.970521955192622,0.06438571428571434,2118.2,183898,10.14,10.032,10.055
2024-06-26,10.095,10.14,10.095,10.13,541,10.069235,10.082988518107904,0.013881314967154168,62.75740168934371,0.0600000000000005,10.166470044040066,9.971999955959935,0.06474285714285724,2077.6,184439,10.08,10.08,10.07
2024-06-27,10.1004,10.15,10.095,10.14,4553,10.073235,10.088418183050008,0.016510933517551507,56.821280592319404,0.02000000000000135,10.175330935792095,9.971139064207906,0.06295714285714293,2268.65,188992,10.13,10.12,10.12
2024-06-28,10.07,10.14,10.07,10.11,2226,10.076735000000001,10.090473594188103,0.015989859301873466,52.68932715651751,-0.002700000000000813,10.17883310091538,9.974636899084622,0.06152857142857154,2339.4,186766,10.14,10.14,10.1127
2024-07-01,10.1399,10.14,10.1281,10.14,1432,10.082735,10.095190394741616,0.01779254772438854,59.143715946617874,0.11990000000000123,10.184898651482373,9.980571348517627,0.05987857142857157,2267.9,188198,10.11,10.14,10.0201
2024-07-02,10.14,10.15,10.1,10.1,4914,10.089234999999999,10.095648452385271,0.01581126837833935,53.06247296268953,0.06799999999999962,10.176680147318049,10.001789852681949,0.05916428571428588,2457.9,183284,10.14,10.08,10.032
2024-07-03,10.12,10.14,10.087,10.13,3524,10.094235000000001,10.098920028348578,0.016471957306533724,51.06428115176699,0.05000000000000071,10.178807741035858,10.009662258964145,0.0550928571428574,2519.85,186808,10.1,10.13,10.08
2024-07-05,10.14,10.14,10.13,10.14,600,10.10124,10.102832406601095,0.017599596081465663,52.888887321810735,0.02000000000000135,10.175492128092861,10.02698787190714,0.048664285714285986,2366.15,187408,10.13,10.14,10.12
2024-07-08,10.14,10.2,10.14,10.1857,2573,10.106525,10.110724558353372,0.02192808775308208,69.45488493334481,0.045700000000000074,10.189002783292503,10.024047216707496,0.05295000000000018,2350.25,189981,10.14,10.11,10.14
2024-07-09,10.2,10.25,10.2,10.2221,757,10.113380000000001,10.121331743272098,0.02797316348577006,71.11752722584868,0.08209999999999873,10.209916561931102,10.0168434380689,0.05295000000000018,2136.3,190738,10.1857,10.14,10.14
2024-07-10,10.23,10.24,10.225,10.23,2222,10.12213,10.131681101055708,0.033020750033703195,68.29268059488388,0.15000000000000036,10.227688626264989,10.016571373735012,0.05402142857142879,2201.85,192960,10.2221,10.1,10.08
2024-07-11,10.25,10.25,10.16,10.2,17181,10.128630000000001,10.138187662859927,0.03420594700097013,59.9999978999999,0.06999999999999851,10.23665403436275,10.020605965637252,0.05402142857142879,3021.4,175779,10.23,10.13,10.13
2024-07-12,10.11,10.28,10.11,10.28,5300,10.13663,10.151693599730411,0.04112646890570737,65.21738931947043,0.1399999999999988,10.263939868141952,10.009320131858049,0.05515000000000013,3193.75,181079,10.2,10.14,10.14
2024-07-15,10.28,10.7,10.225,10.7,19532,10.165995,10.203913256898943,0.07958409592463234,81.81818051652866,0.5899999999999999,10.447552364258918,9.884437635741083,0.08675000000000008,4104.0,200611,10.28,10.1857,10.11
2024-07-16,10.645,10.74,10.645,10.74,7974,10.20199,10.254969137194282,0.11199865422009125,88.37209158464009,0.5999999999999996,10.574418077973679,9.829561922026322,0.08927857142857157,4443.35,208585,10.7,10.2221,10.14
2024-07-17,10.71,10.71,10.71,10.71,469,10.23589,10.298305409842445,0.1337251767651093,84.52380811507918,0.6100000000000012,10.662635593631878,9.809144406368121,0.08606428571428586,4370.3,208116,10.74,10.23,10.1
2024-07-18,10.73,10.73,10.62,10.67,3808,10.26539,10.333704894619355,0.14603256614049265,80.45976882018738,0.5399999999999991,10.726915128015246,9.803864871984754,0.0899928571428574,4486.8,204308,10.71,10.2,10.13
2024-07-19,10.67,10.67,10.58,10.58,452,10.28839,10.357161571322274,0.1468314361653391,75.26881607122202,0.4399999999999995,10.765009026499227,9.811770973500773,0.09142142857142879,4446.5,203856,10.67,10.28,10.14
2024-07-22,10.6101,10.7,10.6101,10.7,2046,10.316390000000002,10.389812850243963,0.15535668233858324,77.45097932910406,0.5142999999999986,10.821263148841444,9.81151685115856,0.09699285714285732,4197.65,205902,10.58,10.7,10.1857
2024-07-23,10.7,11.19,10.67,11.04,19453,10.36139,10.451735435935014,0.187388051364616,85.60605969811748,0.8178999999999998,10.953043927651366,9.769736072348634,0.13056428571428583,5066.4,225355,10.7,10.74,10.2221
2024-07-24,11.0399,12.2,10.76,10.88,45167,10.401390000000001,10.492522537274537,0.1975848504841906,75.86206823305591,0.6500000000000004,11.020478337885066,9.782301662114936,0.2296357142857143,7236.2,180188,11.04,10.71,10.23
2024-07-25,10.9999,11.26,10.979,11.23,11030,10.456389999999999,10.562758486105533,0.2312423306562188,80.44692674510785,1.0300000000000011,11.163195453468395,9.749584546531603,0.2489928571428572,7760.65,191218,10.88,10.67,10.2
2024-07-26,11.25,11.6781,11.25,11.36,4598,10.51739,10.638686249333578,0.2653472764525624,81.32636123429064,1.08,11.314089065949153,9.720690934050848,0.27528571428571447,7762.9,195816,11.23,10.58,10.28
2024-07-29,11.345,11.345,11.25,11.25,2261,10.57439,10.696906606539903,0.280268849506097,76.38482413399689,0.5500000000000007,11.410513317270997,9.738266682729002,0.2785000000000002,7764.65,193555,11.36,10.7,10.7
2024-07-31,11.25,11.61,11.25,11.5,1388,10.64239,10.77339169163134,0.308708605676566,78.99543328496073,0.7599999999999998,11.548081321646242,9.73669867835376,0.30314285714285727,7762.45,194943,11.25,11.04,10.74
2024-08-01,11.71,11.71,10.87,10.88,1503,10.68139,10.783544863856928,0.2780137469370114,62.23021551394859,0.16999999999999993,11.555360523169105,9.807419476830896,0.35671428571428593,7591.9,193440,11.5,10.88,10.71
2024-08-02,10.86,11.12,10.81,11.03,4349,10.726389999999999,10.80701678158484,0.2627626285728386,63.15789442659282,0.35999999999999943,11.573075706679164,9.879704293320833,0.3667142857142859,7633.15,197789,10.88,11.23,10.67
2024-08-05,10.71,11.35,10.69,11.13,4649,10.77589,10.83777708810057,0.255796506200733,58.49802339171058,0.5500000000000007,11.593486871196031,9.95829312880397,0.3799285714285716,7835.6,202438,11.03,11.36,10.58
2024-08-07,11.13,11.13,11.0114,11.0114,1164,10.817175,10.854312603519563,0.23796269201039522,55.20202377795434,0.3114000000000008,11.591535008414466,10.042814991585535,0.3816142857142859,7765.15,201274,11.13,11.25,10.7
2024-08-08,11.25,11.56,11.25,11.56,2692,10.88407,10.92152092699389,0.2650414563851218,63.590432050951,0.5200000000000014,11.672997941743246,10.095142058256753,0.4037571428571431,7861.9,203966,11.0114,11.5,11.04
2024-08-12,11.62,11.62,11.405,11.55,3634,10.95007,10.981376076803997,0.2824388762709269,64.20637966586295,0.6699999999999999,11.729404380231369,10.170735619768632,0.411257142857143,7932.5,200332,11.56,10.88,10.88
2024-08-13,11.53,11.825,11.53,11.8,9665,11.03007,11.059340259965522,0.3127936721157081,68.7277413231646,0.5700000000000003,11.81368454837257,10.24645545162743,0.4259000000000001,7556.7,209997,11.55,11.03,11.23
2024-08-14,11.7899,11.7899,11.7899,11.7899,279,11.105565000000002,11.128917378064044,0.3322056212969198,67.31484099310273,0.42989999999999995,11.87573143252584,10.335398567474165,0.41947857142857153,7305.65,209718,11.8,11.13,11.36
2024-08-15,11.8,11.8,11.6896,11.7999,4285,11.16056,11.192820484915087,0.3444263148324396,63.486316370706554,0.5498999999999992,11.96510259093704,10.35601740906296,0.3902214285714288,6543.3,214003,11.7899,11.0114,11.25
2024-08-16,11.635,11.7698,11.6,11.6,1653,11.20356,11.231599486351746,0.33412941001689056,62.599747698307254,0.09999999999999964,12.0053840400225,10.401735959977499,0.2994928571428574,6227.25,212350,11.7999,11.56,11.5
2024-08-19,11.65,11.65,11.5787,11.59,1678,11.24756,11.26573286860396,0.32145657113353465,57.15080216108722,0.7099999999999991,12.031731424330776,10.463388575669224,0.284514285714286,6287.7,210672,11.6,11.55,10.88
2024-08-20,11.6395,11.6395,11.5834,11.5834,454,11.29323,11.29598688111787,0.3073378902950097,54.666220751388124,0.5533999999999999,12.041335098442664,10.545124901557335,0.2579428571428574,6120.0,210218,11.59,11.8,11.03
2024-08-21,11.6444,11.6444,11.6444,11.6444,247,11.34645,11.329169082916167,0.297639915782705,58.41009859359372,0.5143999999999984,12.029533850905983,10.663366149094019,0.2511571428571431,6109.75,210465,11.5834,11.7899,11.13
2024-08-22,11.6,11.65,11.51,11.65,23306,11.39395,11.359724408352722,0.28709660326046915,53.57074807180039,0.6386000000000003,12.017266570747603,10.770633429252397,0.23544285714285745,7172.75,233771,11.6444,11.7999,11.0114
2024-08-23,11.64,11.72,11.64,11.7,2145,11.42695,11.392131607557225,0.2795530205139549,76.7903808971083,0.1399999999999988,12.041183428969225,10.812716571030775,0.18115714285714304,6307.35,235916,11.65,11.6,11.56
2024-08-26,11.88,11.88,11.7,11.85,2569,11.47545,11.435738121123203,0.28242282728032464,76.79038089710832,0.29999999999999893,12.060323328616084,10.890576671383917,0.17187142857142895,4177.45,238485,11.7,11.59,11.55
2024-08-27,11.8262,11.8262,11.6901,11.7,3586,11.49895,11.460905919111468,0.2694869468441379,68.03340866080242,-0.10000000000000142,12.08005545288146,10.917844547118541,0.13445000000000043,3805.25,234899,11.85,11.5834,11.8
2024-08-28,11.84,11.85,11.8269,11.8269,2213,11.522295,11.495762498243709,0.26640399738305653,75.66563790563417,0.03700000000000081,12.117245890410416,10.927344109589583,0.12762857142857179,3686.0,237112,11.7,11.6444,11.7899
2024-08-29,11.685,11.7134,11.57,11.57,2169,11.538295,11.502832736506212,0.2404591926354005,50.38550446769694,-0.22989999999999888,12.11946484916554,10.95712515083446,0.11572857142857172,3681.4,234943,11.8269,11.65,11.7999
2024-08-30,11.57,11.83,11.57,11.83,2524,11.554795,11.533991523505621,0.2381325297278707,59.049773221268985,0.23000000000000043,12.149956662160305,10.959633337839696,0.11894285714285743,3738.2,237467,11.57,11.7,11.6
2024-09-03,11.83,11.83,11.685,11.7229,2473,11.59694,11.551982806981277,0.22505229553652484,47.25446858374572,0.13289999999999935,12.10371923107877,11.09016076892123,0.10822857142857169,3786.7,234994,11.83,11.85,11.59
2024-09-04,11.61,11.61,11.51,11.51,2254,11.620940000000001,11.547984444411632,0.19525607567557302,41.2906835658289,-0.07339999999999947,12.054902707105182,11.18697729289482,0.1153714285714288,3681.95,232740,11.7229,11.7,11.5834
2024-09-09,11.66,11.66,11.66,11.66,695,11.64744,11.558652592562906,0.18165212969209676,45.9957635560475,0.015600000000000946,12.014790642188025,11.280089357811974,0.1074857142857145,3484.25,233435,11.51,11.8269,11.6444
2024-09-10,11.76,11.775,11.52,11.52,1502,11.67287,11.5549713932712,0.1577555672097457,47.628926694247205,-0.13000000000000078,11.89753640626812,11.44820359373188,0.11357142857142881,3501.15,231933,11.66,11.57,11.65
2024-09-11,11.54,11.54,11.52,11.52,457,11.670869999999999,11.55164078438823,0.13723540495206166,47.91293937341613,-0.17999999999999972,11.900426011741109,11.441313988258889,0.10990714285714301,3389.4,231933,11.52,11.83,11.7
2024-09-12,11.54,11.7546,11.52,11.52,7604,11.669369999999999,11.548627376351256,0.1195944185090525,48.10225055469858,-0.33000000000000007,11.902613952705858,11.43612604729414,0.12265714285714299,3587.9,231933,11.52,11.7229,11.85
2024-09-13,11.53,11.88,11.53,11.79,6918,11.66887,11.571615245270184,0.1259486939802379,53.873576272092116,0.08999999999999986,11.900974977157365,11.436765022842636,0.1476571428571431,3450.55,238851,11.52,11.51,11.7
2024-09-16,11.65,11.8601,11.54,11.78,3679,11.668375,11.591461412387309,0.12869408140598715,53.45047205207206,-0.04690000000000083,11.899433041239037,11.437316958760961,0.16052142857142876,3620.55,235172,11.79,11.66,11.8269
2024-09-17,11.58,11.8489,11.58,11.6,11714,11.65838,11.592274611207564,0.11501945297321114,47.517131460303986,0.02999999999999936,11.882677946585055,11.434082053414944,0.17401428571428593,3992.0,223458,11.78,11.52,11.57
2024-09-18,11.8491,12.0,11.61,11.63,7261,11.65988,11.595867505378273,0.10538811205037035,44.191572173047874,-0.1999999999999993,11.882931871239236,11.436828128760762,0.18901428571428586,4272.4,230719,11.6,11.52,11.83
2024-09-19,11.855,11.9972,11.82,11.91,2210,11.675880000000001,11.625784885818437,0.11897736709333273,55.18825932768278,0.18710000000000093,11.922490475724395,11.429269524275607,0.19195000000000004,4299.0,232929,11.63,11.52,11.7229
2024-09-20,11.955,12.02,11.71,12.02,33334,11.697709999999999,11.663329182407157,0.1370432803800785,54.81090200440846,0.5099999999999998,11.983961452949957,11.41145854705004,0.21244285714285713,5943.0,266263,11.91,11.79,11.51
2024-09-23,12.03,12.03,12.0,12.01,2875,11.71599,11.696345450749332,0.14883801837478572,62.49999950284089,0.34999999999999964,12.032954025187927,11.399025974812073,0.2043428571428571,6074.4,263388,12.02,11.78,11.66
2024-09-24,12.01,12.01,11.87,11.87,2124,11.726989999999999,11.712883979249396,0.145214659346232,51.21951175788219,0.34999999999999964,12.049532145104475,11.404447854895523,0.19577142857142857,5015.3,261264,12.01,11.6,11.52
2024-09-25,11.87,12.1,11.85,12.1,7917,11.74699,11.749752171701834,0.15906855524526087,60.695444523378406,0.5800000000000001,12.109602397965203,11.384377602034798,0.2032714285714286,5303.9,269181,11.87,11.63,11.52
2024-09-26,12.1,12.59,12.0,12.4,9823,11.774489999999998,11.81168053630166,0.19204162346684406,74.054053493645,0.8800000000000008,12.239078741282544,11.309901258717453,0.23827142857142863,5666.6,279004,12.1,11.91,11.52
2024-09-27,12.4,12.51,12.4,12.4,1481,11.80949,11.867710961415789,0.2156867153803752,71.76470529134949,0.6100000000000012,12.349756370560009,11.269223629439992,0.24612857142857145,5561.35,279004,12.4,12.02,11.79
2024-09-30,12.755,12.755,12.56,12.56,1421,11.846145,11.933643250804762,0.2445176365136703,80.23255748647921,0.7800000000000011,12.482343775541256,11.209946224458744,0.2418428571428571,5521.75,280425,12.4,12.01,11.78
2024-10-01,12.65,12.65,12.65,12.65,437,11.900145,12.00186770310907,0.2714989262929617,81.21546898507373,1.0500000000000007,12.616005025938762,11.184284974061239,0.24041428571428572,5435.15,280862,12.56,11.87,11.6
2024-10-02,12.59,12.59,12.4064,12.55,7535,11.936145,12.054070779003444,0.2815669007338091,76.96335022121107,0.9199999999999999,12.70742352699964,11.164866473000359,0.23677142857142858,5685.7,273327,12.65,12.1,11.63
2024-10-03,12.64,12.65,12.6234,12.65,1427,11.9825,12.110825942907878,0.29422338312391005,74.71264307702474,0.7400000000000002,12.809259686334297,11.155740313665703,0.21367142857142848,5633.4,274754,12.55,12.4,11.91
2024-10-04,12.625,13.45,12.625,13.45,12489,12.0795,12.238366329297603,0.3646041203948176,83.00395210985957,1.4299999999999997,13.10433836979826,11.054661630201739,0.24973571428571414,6145.15,287243,12.65,12.4,12.02
2024-10-07,13.05,13.4486,13.05,13.3,87486,12.1615,12.339474297935928,0.4036248791410255,83.99999952960005,1.290000000000001,13.301034069142773,11.021965930857228,0.25899999999999984,10484.7,199757,13.45,12.56,12.01
2024-10-08,12.8,13.44,12.8,13.148,7711,12.242899999999999,12.416476745751554,0.417471628966231,78.94736799951825,1.2780000000000005,13.421408941975427,11.06439105802457,0.2768571428571426,10795.15,192046,13.3,12.65,11.87
2024-10-09,13.39,13.64,13.09,13.3,10666,12.331900000000001,12.50062181758474,0.43568806666153215,77.8668800761282,1.200000000000001,13.548768439889978,11.115031560110024,0.3034857142857141,11305.6,202712,13.148,12.55,12.1
2024-10-11,13.5961,13.9,13.3101,13.9,2630,12.4509,12.633895930195717,0.49285834560379804,81.5013401001948,1.5,13.792555520930165,11.109244479069837,0.32347857142857134,11056.9,205342,13.3,12.65,12.4
2024-10-14,13.51,13.63,13.51,13.52,986,12.5374,12.7182867939866,0.501719865349969,72.51043499846567,1.1199999999999992,13.922032103902762,11.152767896097238,0.3299071428571429,10760.3,204356,13.9,13.45,12.4
2024-10-15,13.6,13.75,13.5,13.5,10682,12.6234,12.792735670749781,0.5013496045827708,75.20098916115838,0.9399999999999995,14.023531783271356,11.223268216728645,0.3377642857142857,11110.45,193674,13.52,13.3,12.56
2024-10-16,13.74,13.92,13.625,13.92,11399,12.7394,12.90009417829742,0.5288504016310185,76.57710249063102,1.2699999999999996,14.166687217066112,11.312112782933887,0.3409785714285714,11094.7,205073,13.5,13.148,12.65
2024-10-17,13.79,14.0,13.75,13.88,5218,12.8519,12.993418542269096,0.5411789417657094,73.38811598374413,1.33,14.265632037440106,11.438167962559895,0.31669285714285716,10992.55,199855,13.92,13.3,12.55
2024-10-18,14.0,14.04,13.9158,14.04,1679,12.958400000000001,13.093092966814895,0.5574343056775088,74.66907309104482,1.3899999999999988,14.394116787788317,11.522683212211685,0.3177071428571428,10966.0,201534,13.88,13.9,12.65
2024-10-21,14.04,14.09,13.7801,13.89,4326,13.0519,13.168988874737286,0.5518516500636235,70.06638473719696,0.4400000000000013,14.47379878979533,11.63000121020467,0.32591428571428566,9515.6,197208,14.04,13.52,13.45
2024-10-22,13.8,13.8499,13.75,13.75,3212,13.138900000000001,13.224323267619448,0.530020775787758,66.3495835526474,0.4499999999999993,14.504179211852351,11.773620788147651,0.33304999999999996,9532.45,193996,13.89,13.5,13.3
2024-10-23,13.75,13.75,13.6,13.625,40777,13.226650000000001,13.262482956417596,0.49690518174336695,65.86013546118564,0.4770000000000003,14.468560629041685,11.984739370958318,0.33064999999999994,11465.1,153219,13.75,13.92,13.148
2024-10-24,13.6092,13.75,13.6,13.75,4012,13.309149999999999,13.308913151044491,0.4752686885530366,66.11013446820684,0.4499999999999993,14.451129311270053,12.167170688729945,0.33946428571428566,11269.85,157231,13.625,13.88,13.3
2024-10-25,13.66,13.66,13.6,13.6,435,13.369150000000001,13.336635708087872,0.4409350408006052,52.713458488426774,-0.3000000000000007,14.433460456290288,12.304839543709715,0.2848214285714286,10800.45,156796,13.75,14.04,13.9
2024-10-28,13.6004,13.7295,13.6004,13.7295,429,13.435624999999998,13.374051354936647,0.4193410427572708,57.827592196250656,0.20950000000000024,14.407093388033182,12.464156611966814,0.26557142857142857,10747.85,157225,13.6,13.89,13.52
2024-10-29,13.75,13.75,13.6,13.75,104641,13.495124999999998,13.409855987799823,0.39927918054545053,61.52373627054661,0.25,14.382951907917013,12.607298092082983,0.23057142857142868,15908.85,261866,13.7295,13.75,13.5
2024-10-30,13.74,13.85,13.6613,13.75,8652,13.550125,13.442250655628412,0.37901100723717995,59.14634112680943,-0.16999999999999993,14.34938109327175,12.750868906728249,0.2047642857142857,16319.6,261866,13.75,13.625,13.92
2024-10-31,13.75,13.95,13.75,13.95,26932,13.620125000000002,13.490607736044753,0.37476658640925997,51.21359188495615,0.06999999999999851,14.284401248417014,12.95584875158299,0.17691428571428564,17289.45,288798,13.75,13.75,13.88
2024-11-01,14.0,14.0999,14.0,14.05,2029,13.690124999999998,13.543883189754776,0.37514754913307335,64.88763993908603,0.010000000000001563,14.201397702494718,13.178852297505278,0.1754785714285713,17319.55,290827,13.95,13.6,14.04
2024-11-04,14.17,14.17,13.9899,14.0,12705,13.717624999999998,13.587322885968607,0.3671822344785589,63.812154202557934,0.10999999999999943,14.233659767800983,13.201590232199013,0.1704857142857141,17330.35,278122,14.05,13.7295,13.89
2024-11-05,13.99,14.1,13.99,14.1,10285,13.757624999999999,13.63614927778112,0.36473439836186117,56.04026792982298,0.34999999999999964,14.261230199902558,13.25401980009744,0.15727142857142834,13470.3,288407,14.0,13.75,13.75
2024-11-06,14.2,15.0,14.2,14.4924,25558,13.824845,13.71769696561149,0.38996262469584586,66.61962606780568,0.8674,14.34447392215246,13.30521607784754,0.19655714285714268,14362.65,313965,14.1,13.75,13.625
2024-11-07,14.5,14.68,14.5,14.525,13337,13.886095000000001,13.794582968886585,0.40788488036484694,64.13994116737076,0.7750000000000004,14.433296690806552,13.33889330919345,0.20054285714285708,14496.2,327302,14.4924,13.95,13.75
2024-11-08,14.59,14.85,14.47,14.795,24464,13.930845000000001,13.889860781373578,0.43881673440666624,74.65939997535058,1.1950000000000003,14.612662189498213,13.24902781050179,0.20554999999999982,15587.9,351766,14.525,14.05,13.6
2024-11-11,14.85,14.89,14.76,14.76,12412,13.992844999999999,13.972731183147523,0.4552583096920291,79.19075080423666,1.0305,14.739765573456872,13.245924426543127,0.20769999999999986,16159.2,339354,14.795,14.0,13.7295
2024-11-12,14.76,14.79,14.5884,14.76,9124,14.055845,14.047709165704902,0.46295175688285006,85.35825470715535,1.0099999999999998,14.839390213084663,13.272299786915337,0.21138571428571407,16081.3,339354,14.76,14.1,13.75
2024-11-13,14.75,14.75,14.51,14.54,15745,14.086845000000002,14.09459400706634,0.44615372543268883,73.23529351453281,0.7899999999999991,14.896388331892158,13.277301668107846,0.2178142857142855,16298.6,323609,14.76,14.4924,13.75
2024-11-14,14.6,14.63,14.405,14.63,4610,14.124345,14.145585054012402,0.435087988807755,81.40243832949133,0.6800000000000015,14.962522148654655,13.286167851345345,0.22959999999999983,16268.2,328219,14.54,14.525,13.95
2024-11-15,14.6134,14.62,14.54,14.6044,6967,14.152565000000001,14.18928171553503,0.41941781921710053,78.4779629589925,0.5543999999999993,15.01639743812584,13.288732561874163,0.22609285714285704,16532.6,321252,14.63,14.795,14.05
2024-11-18,14.6,14.6,14.4798,14.515,11213,14.183815000000001,14.220302504531693,0.39522930665054723,73.83177505691906,0.5150000000000006,15.052857823183565,13.314772176816437,0.22396428571428562,16876.95,310039,14.6044,14.76,14.0
2024-11-19,14.5104,14.53,14.5,14.515,6256,14.222065,14.248368932671532,0.371774155133048,73.83177505691906,0.4150000000000009,15.077954206492302,13.366175793507699,0.21262857142857136,17029.15,310039,14.515,14.76,14.1
2024-11-20,14.5,14.52,14.5,14.5,2442,14.265815,14.272333796226624,0.3479642882170726,69.36619649920647,0.007600000000000051,15.081719417196375,13.449910582803625,0.19977142857142852,15112.4,307597,14.515,14.54,14.4924
2024-11-21,14.51,14.53,14.51,14.52,9169,14.304315000000003,14.29592105372885,0.3269398706797553,67.53731272722203,-0.005000000000000782,15.089838624959166,13.51879137504084,0.19406428571428563,15370.25,316766,14.5,14.63,14.525
2024-11-22,14.53,14.53,14.3653,14.3653,2026,14.342580000000002,14.302528572421341,0.2944011974579759,62.64276259638767,-0.4297000000000004,15.054781971945232,13.630378028054771,0.19296428571428567,15449.8,314740,14.52,14.6044,14.795
2024-11-25,14.45,14.5,14.31,14.31,1628,14.371605000000002,14.303240136952642,0.26114153955395025,57.49999942500002,-0.4499999999999993,15.02335498265847,13.719855017341535,0.1986785714285714,15509.75,313112,14.3653,14.515,14.76
2024-11-26,14.45,14.5217,14.39,14.45,11216,14.406605000000003,14.317217266766676,0.24327552221609494,48.152665846865325,-0.3100000000000005,14.989329759349111,13.823880240650894,0.15094285714285696,10838.5,324328,14.31,14.515,14.76
2024-11-27,14.45,14.52,14.4,14.4,6172,14.439105000000001,14.32510133659842,0.2225169556758413,44.63519259665863,-0.1399999999999988,14.933438616200487,13.944771383799516,0.14665714285714262,10714.5,318156,14.45,14.5,14.54
2024-11-29,14.45,14.45,14.45,14.45,396,14.464104999999998,14.33699644739857,0.20770591971439245,31.746031275720114,-0.1800000000000015,14.901593571761186,14.02661642823881,0.11951428571428556,9387.7,318552,14.4,14.52,14.63
2024-12-02,14.52,14.52,14.3735,14.4,9895,14.481605000000002,14.342996785741564,0.18974620869654402,31.24999954427082,-0.2043999999999997,14.875140577072324,14.08806942292768,0.12069285714285691,9781.0,308657,14.45,14.3653,14.6044
2024-12-03,14.4856,14.5,14.45,14.45,2804,14.504105000000001,14.35318756805189,0.1775014640648891,34.65346486618951,-0.06500000000000128,14.826779412895476,14.181430587104526,0.1098642857142856,9285.95,311461,14.4,14.31,14.515
2024-12-04,14.4866,14.492,14.4443,14.4443,2442,14.52132,14.36186494252314,0.16543049360930873,43.98642627144659,-0.07070000000000043,14.784464087807361,14.258175912192637,0.09612857142857134,8893.8,309019,14.45,14.45,14.515
2024-12-05,14.4464,14.4468,14.4,14.4,1806,14.516699999999997,14.365496852759032,0.15055402965199072,34.66666601955539,-0.09999999999999964,14.785172537065698,14.248227462934295,0.08339999999999977,7706.2,307213,14.4443,14.4,14.5
2024-12-06,14.4,14.45,14.26,14.26,9505,14.50345,14.355449533448647,0.12601487379806642,30.07866679650452,-0.2599999999999998,14.795334220017688,14.211565779982314,0.09125714285714258,7514.6,297708,14.4,14.45,14.52
2024-12-09,14.3,14.46,14.3,14.46,630,14.486699999999999,14.365406720739252,0.12130738844796518,47.17948650203813,0.09470000000000134,14.744609874100409,14.22879012589959,0.0940999999999997,6322.9,298338,14.26,14.4,14.3653
2024-12-10,14.5,14.65,14.5,14.52,19009,14.474699999999999,14.380129890192656,0.12102309207788942,50.241545214123974,0.20999999999999908,14.69924357917331,14.250156420826688,0.10267142857142833,6652.75,317347,14.46,14.45,14.31
2024-12-11,14.56,14.82,14.56,14.82,10553,14.477699999999999,14.42202228160288,0.14335279614112117,62.121211462350864,0.370000000000001,14.719252060424516,14.236147939575481,0.1198142857142855,6724.2,327900,14.52,14.4443,14.45
2024-12-12,14.82,14.82,14.7,14.7,2714,14.4857,14.448496350021653,0.14964127885941103,56.338027613568755,0.29999999999999893,14.745823913792849,14.22557608620715,0.12695714285714274,6072.65,325186,14.82,14.4,14.4
2024-12-13,14.67,14.7,14.61,14.61,1846,14.484699999999998,14.46387765001959,0.1456833518878895,59.02752097219417,0.16000000000000014,14.742632728889088,14.226767271110909,0.12162142857142845,5934.45,323340,14.7,14.26,14.45
2024-12-16,14.6,14.6,14.3151,14.4001,1385,14.474484999999998,14.457803588112963,0.12417804327620985,52.9836408094768,9.999999999976694e-05,14.72861148549919,14.220358514500806,0.12839999999999993,5655.35,321955,14.61,14.46,14.4
2024-12-17,14.49,14.5,14.1901,14.5,1657,14.473735,14.461822294006966,0.11388325113313158,51.70091119620852,0.05000000000000071,14.727446226439913,14.220023773560087,0.14112857142857152,5177.55,323612,14.4001,14.52,14.45
2024-12-18,14.5,14.59,14.22,14.22,10525,14.458985000000002,14.438791599339636,0.08218353363584541,44.705259074083045,-0.2242999999999995,14.735840267338771,14.182129732661233,0.15898571428571437,5391.0,313087,14.5,14.82,14.4443
2024-12-19,14.35,14.59,14.35,14.59,2879,14.463485,14.453192399402528,0.08592667765536888,53.46568930165382,0.1899999999999995,14.746014806719222,14.180955193280779,0.17612857142857155,5412.85,315966,14.22,14.7,14.4
2024-12-20,14.3,15.5,14.3,15.17,52972,14.495985,14.521459789935621,0.1341479252068467,65.09922311107181,0.9100000000000001,14.92000192754264,14.07196807245736,0.2513785714285715,7603.0,368938,14.59,14.61,14.26
2024-12-23,14.63,14.93,14.1,14.5,1710,14.50272,14.519416000417943,0.11695206019322235,50.78869306863473,0.03999999999999915,14.922252203645124,14.083187796354876,0.30709285714285717,7587.2,367228,15.17,14.4001,14.46
2024-12-24,14.57,14.6,14.57,14.6,1178,14.517219999999998,14.527090667044805,0.11012393734382542,52.38503699844044,0.08000000000000007,14.928674910749093,14.105765089250903,0.3058285714285714,7564.7,368406,14.5,14.5,14.52
2024-12-26,14.6,15.22,14.6,14.93,4257,14.54122,14.565462984469109,0.12984408111918633,57.465209080930485,0.10999999999999943,14.990430004107294,14.092009995892704,0.3467714285714286,7216.75,372663,14.6,14.22,14.82
2024-12-27,14.76,15.14,14.43,14.43,3218,14.54272,14.552561747853003,0.10392859170709379,52.17402405994263,-0.2699999999999996,14.990141273757885,14.095298726242113,0.3839142857142859,7069.05,369445,14.93,14.59,14.7
2024-12-30,14.58,14.9668,14.58,14.72,3778,14.556220000000001,14.56850824805748,0.10557396505021188,53.250162321740525,0.11000000000000121,15.008132597977896,14.104307402022107,0.4001142857142858,7238.15,373223,14.43,15.17,14.61
2024-12-31,15.01,15.05,14.62,14.96,3927,14.584219999999998,14.60579317681391,0.12480525225265993,55.26340954742148,0.5599000000000007,15.063917784685511,14.104522215314486,0.4201142857142859,6939.75,377150,14.72,14.5,14.4001
2025-01-02,15.05,15.05,14.8,14.82,2851,14.60272,14.626193826641156,0.12728212681740736,49.999999825861984,0.3200000000000003,15.08911480000746,14.11632519999254,0.41940000000000016,6942.1,374299,14.96,14.6,14.5
2025-01-03,14.97,14.98,14.25,14.78,4980,14.619505,14.640842033627713,0.12458130629939745,51.01527978216815,0.5599999999999987,15.106050526512202,14.132959473487798,0.4629714285714287,7069.0,369319,14.82,14.93,14.22
2025-01-06,14.98,14.98,14.62,14.64,1395,14.631505,14.640761839948883,0.109877457675017,50.37595851790481,0.05000000000000071,15.106967923343452,14.156042076656549,0.4822571428571431,7048.45,367924,14.78,14.43,14.59
2025-01-07,14.49,15.025,14.49,15.0,11966,14.668505,14.67497499804899,0.12582313230862496,57.24534389684901,-0.16999999999999993,15.137367298156082,14.199642701843917,0.5001214285714288,7171.5,379890,14.64,14.72,15.17
2025-01-08,15.0,15.0,14.75,14.875,2874,14.689255,14.6940249982348,0.12691079041511166,54.50180053708879,0.375,15.155991916655463,14.222518083344536,0.4958428571428573,7283.7,377016,15.0,14.96,14.5
2025-01-10,14.51,14.8,14.51,14.79,3032,14.702755000000002,14.70316547459339,0.11953604060843581,57.17884110818542,0.1899999999999995,15.164471068938933,14.24103893106107,0.49012857142857175,6484.85,373984,14.875,14.82,14.6
2025-01-13,14.9,14.9,14.68,14.72,1153,14.697755,14.704768762727353,0.10681182306116987,51.77111696872055,-0.20999999999999908,15.156279913976844,14.239230086023158,0.4887000000000003,6014.85,372831,14.79,14.78,14.93
2025-01-14,14.55,14.65,14.5,14.52,5307,14.688754999999997,14.6871717377057,0.0796710620433494,40.12158037638233,0.08999999999999986,15.154109649024855,14.223400350975139,0.4137000000000004,6144.5,367524,14.72,14.64,14.43
2025-01-15,14.65,14.7999,14.65,14.65,1047,14.690755000000001,14.683631572209919,0.06786937107934854,52.72727245884299,-0.07000000000000028,15.155027063955016,14.226482936044986,0.3651214285714289,6104.55,368571,14.52,15.0,14.72
2025-01-16,14.52,14.78,14.52,14.58,3664,14.69975,14.673761898666116,0.05226554629510005,49.632352685715844,-0.3800000000000008,15.146969185635667,14.252530814364333,0.38155000000000033,6218.5,364907,14.65,14.875,14.96
2025-01-17,14.29,14.74,14.29,14.5,3181,14.69975,14.6572131464122,0.03306294230452167,41.29554632464064,-0.3200000000000003,15.146969185635667,14.252530814364333,0.3694071428571432,6294.7,361726,14.58,14.79,14.82
2025-01-21,14.5,14.75,14.5,14.52,2634,14.714749999999999,14.644145227706277,0.01923682302629004,52.26130616499583,-0.2599999999999998,15.11149298985695,14.318007010143047,0.3365500000000003,5900.15,364360,14.5,14.72,14.78
2025-01-22,14.5,14.7662,14.5,14.65,5797,14.71775,14.644702825067585,0.018555540707675178,48.08743132610708,0.009999999999999787,15.111416636957294,14.324083363042707,0.3279357142857146,6046.05,370157,14.52,14.52,14.64
2025-01-23,14.65,14.78,14.51,14.76,1041,14.69725,14.655683508394482,0.026585242130414244,44.117646695501705,-0.2400000000000002,15.02969667162466,14.364803328375341,0.31650714285714304,3449.5,371198,14.65,14.65,15.0
2025-01-24,14.52,14.7759,14.52,14.6,3127,14.702250000000001,14.650380317118817,0.01980982025849798,43.604650807869106,-0.27500000000000036,15.025074296353946,14.379425703646056,0.3169285714285716,3520.35,368071,14.76,14.58,14.875
2025-01-27,14.8,14.8,14.6966,14.79,2741,14.71175,14.663677429774168,0.02943238351758204,50.26737930281106,0.0,15.033083979399038,14.390416020600963,0.2721714285714288,3598.5,370812,14.6,14.5,14.79
2025-01-28,14.78,14.78,14.78,14.78,200,14.704250000000002,14.674755769795675,0.03583829623036827,54.022988071079375,0.05999999999999872,15.010797411977505,14.397702588022499,0.24645714285714299,3395.65,370612,14.79,14.52,14.72
2025-01-29,14.51,14.74,14.51,14.74,1758,14.719750000000001,14.680969506005612,0.03725787688888005,40.845070019837344,0.22000000000000064,14.997948622722767,14.441551377277236,0.22467142857142872,3322.65,368854,14.78,14.65,14.52
2025-01-31,14.8,14.8,14.5324,14.8,1031,14.723749999999999,14.692305743528888,0.04273181755404032,47.2324718367125,0.15000000000000036,15.004254714287436,14.443245285712562,0.22592857142857156,3185.3,369885,14.74,14.76,14.65
2025-02-03,14.5,14.78,14.5,14.78,2155,14.71475,14.700657577478518,0.0449381036301677,49.612402562346034,0.1999999999999993,14.974090763436024,14.455409236563977,0.22521428571428576,3096.7,367730,14.8,14.6,14.58
2025-02-04,14.8,14.8,14.65,14.65,1155,14.70625,14.695833046290089,0.03578418983110865,47.407406915775034,0.15000000000000036,14.962187389548797,14.450312610451205,0.22021428571428572,3011.9,366575,14.78,14.79,14.5
2025-02-05,14.5,14.65,14.5,14.65,313,14.69975,14.691467994262462,0.028204523010408877,55.6521732355388,0.13000000000000078,14.954400947894932,14.445099052105068,0.22021428571428572,2778.55,366575,14.65,14.78,14.52
2025-02-06,14.59,14.625,14.52,14.52,3324,14.69375,14.675137709094608,0.011574248173845447,44.34782554706992,-0.13000000000000078,14.959731301283018,14.427768698716982,0.21700714285714298,2875.0,363251,14.65,14.74,14.65
2025-02-07,14.5,14.74,14.5,14.74,4874,14.68075,14.681315070133216,0.01596278785217642,56.15384554911243,-0.019999999999999574,14.906004826458238,14.455495173541761,0.2155785714285716,2520.4,368125,14.52,14.8,14.76
2025-02-10,14.59,14.8,14.53,14.76,2432,14.675,14.688808872977672,0.02081463189809618,60.48387028485951,0.16000000000000014,14.884711581389885,14.465288418610116,0.20272142857142875,2498.3,370557,14.74,14.78,14.6
2025-02-11,14.5,14.78,14.5,14.78,1334,14.674499999999998,14.697493742217894,0.02597417202636798,60.48387028485951,-0.009999999999999787,14.883101862030829,14.465898137969168,0.20486428571428586,2413.4,371891,14.76,14.65,14.79
2025-02-12,14.8,14.8,14.77,14.77,1953,14.677000000000001,14.704399100101904,0.028922824012619586,55.357142165178544,-0.009999999999999787,14.889067516559168,14.464932483440835,0.18799285714285738,2453.4,369938,14.78,14.65,14.78
2025-02-13,14.77,14.77,14.76,14.76,974,14.689000000000002,14.709694423901723,0.03010569580798439,49.999999313725496,0.019999999999999574,14.890562318952925,14.487437681047078,0.16942142857142883,2236.75,368964,14.77,14.52,14.74
2025-02-14,14.7521,14.7521,14.7521,14.7521,312,14.694104999999999,14.713733050196797,0.030059162931905803,58.762529297528104,-0.047900000000000276,14.89667760660809,14.491532393391907,0.15114285714285738,2200.0,368652,14.76,14.74,14.8
2025-02-18,14.75,14.75,14.57,14.57,705,14.693605,14.700044188273292,0.015153655260773391,37.20930171984863,-0.20999999999999908,14.897409080070199,14.4898009199298,0.15661428571428587,2052.05,367947,14.7521,14.76,14.78
2025-02-19,14.6755,14.77,14.6755,14.77,472,14.707105000000002,14.706706646532979,0.019257275686166864,49.523808863492086,0.11999999999999922,14.89178383331426,14.522426166685744,0.16336428571428588,1916.6,368419,14.57,14.78,14.65
2025-02-20,14.7,14.77,14.64,14.75,2445,14.718605000000002,14.710829823053647,0.02065746518544387,50.48543620699406,0.09999999999999964,14.88159772796372,14.555612272036283,0.15622142857142865,1907.15,365974,14.77,14.77,14.65
2025-02-21,14.75,14.79,14.745,14.79,5483,14.725604999999998,14.71836983990568,0.024709950232578493,49.5049498088422,0.2699999999999996,14.888216639062305,14.562993360937691,0.14032142857142865,1891.45,371457,14.75,14.76,14.52
2025-02-24,14.75,14.79,14.75,14.79,2460,14.727105,14.725191759914663,0.02760337925545997,50.50504979083768,0.049999999999998934,14.891595146563327,14.562614853436672,0.12317857142857148,1962.4,371457,14.79,14.7521,14.74
2025-02-25,14.79,14.79,14.75,14.75,4113,14.734604999999998,14.7275544494466,0.026364859210680436,55.55555469135804,-0.009999999999999787,14.887997712036457,14.58121228796354,0.11532142857142855,2011.7,367344,14.79,14.57,14.76
2025-02-26,14.79,14.79,14.645,14.77,110851,14.733605,14.731596882832639,0.026689496107652033,56.52173827032135,-0.009999999999999787,14.88573270916363,14.581477290836371,0.11496428571428563,7417.2,478195,14.75,14.77,14.78
2025-02-27,14.761,14.79,14.645,14.79,1210,14.734105,14.737159084467626,0.0282351290484808,66.66666551440338,0.019999999999999574,14.886938855096947,14.581271144903052,0.11782142857142842,7467.7,479405,14.77,14.75,14.77
2025-02-28,14.7872,14.79,14.76,14.79,2177,14.736604999999997,14.742191552613566,0.02912432717535829,54.23728684860671,0.02999999999999936,14.891467172679297,14.581742827320697,0.10282142857142837,7488.65,479405,14.79,14.79,14.76
2025-03-03,14.8,14.8,14.749,14.75,9490,14.734105,14.742935214269416,0.026298208019229108,49.180326740123654,-0.002100000000000435,14.886248553751072,14.581961446248927,0.08717857142857113,7911.6,469915,14.79,14.79,14.7521
2025-03-04,14.75,14.79,14.75,14.75,8640,14.732604999999998,14.743608051005662,0.023784317420902923,47.457625992530936,0.17999999999999972,14.883429184507044,14.581780815492952,0.07003571428571398,8235.85,469915,14.75,14.75,14.57
2025-03-05,14.75,14.801,14.75,14.8,1868,14.740105,14.748978712814647,0.02553230265101014,52.380951216931344,0.030000000000001137,14.888532681843651,14.591677318156348,0.07153571428571391,8271.5,471783,14.75,14.77,14.77
2025-03-06,14.8,14.9,14.8,14.9,1881,14.752604999999999,14.763361692546585,0.034588048313850095,59.72222106095692,0.15000000000000036,14.910864406972784,14.594345593027214,0.07796428571428533,8349.9,473664,14.8,14.79,14.75
2025-03-07,14.93,15.0,14.93,14.9804,2314,14.775625,14.784032007542148,0.04770251516288937,64.40378435122655,0.19040000000000035,14.92511941637386,14.62613058362614,0.08296428571428535,8299.4,475978,14.9,14.79,14.79
2025-03-10,14.8101,14.8101,14.71,14.71,4000,14.774124999999998,14.776981340157182,0.035863393575638725,57.94731969656858,-0.0799999999999983,14.925711874520719,14.622538125479277,0.07725714285714247,8255.7,471978,14.9804,14.75,14.79
2025-03-11,14.8,14.8,14.7,14.7,6048,14.771125000000001,14.769649783951737,0.025381308074797104,44.93340962786947,-0.05000000000000071,14.926223106475302,14.616026893524701,0.0776499999999997,8436.5,465930,14.71,14.75,14.75
2025-03-12,14.75,14.75,14.75,14.75,2693,14.769625000000001,14.767778375956333,0.020868206237086184,49.99999902885685,-0.019999999999999574,14.924941828995012,14.614308171004991,0.0683642857142855,8504.45,468623,14.7,14.8,14.77
2025-03-13,14.75,14.77,14.74,14.75,15662,14.768625,14.766085197293824,0.017094485922786617,47.06227870318468,-0.03999999999999915,14.9241890044301,14.6130609955699,0.06729285714285689,9189.9,468623,14.75,14.9,14.79
2025-03-14,14.81,14.81,14.75,14.76,12480,14.768625,14.765505654694412,0.014740779284254657,47.828603547191044,-0.02999999999999936,14.9241890044301,14.6130609955699,0.0687214285714284,9765.2,481103,14.75,14.9804,14.79
2025-03-17,14.72,14.76,14.72,14.76,466,14.769020000000001,14.764981306628277,0.0127287210428495,50.768284095335,0.009999999999999787,14.924447391749034,14.613592608250968,0.0687214285714284,9772.9,481103,14.76,14.71,14.75
2025-03-18,14.75,14.8323,14.75,14.75,4444,14.778020000000001,14.763554515520822,0.010209544687985073,48.439449628351625,0.0,14.902735889337638,14.653304110662365,0.06424285714285702,9959.85,476659,14.76,14.7,14.75
2025-03-19,14.7501,14.91,14.7501,14.8,1546,14.77952,14.767025514042649,0.012108086920626704,50.74537759326892,0.0,14.904550987319624,14.654489012680376,0.06530714285714279,10013.55,478205,14.75,14.75,14.8
2025-03-20,14.9298,14.93,14.85,14.85,2004,14.784519999999997,14.774927846038587,0.017446168875864032,54.16204112337883,-0.05000000000000071,14.912542655892226,14.656497344107768,0.06887857142857141,9991.5,480209,14.8,14.75,14.9
2025-03-21,14.9,15.0,14.8,15.0,3847,14.79502,14.796363289273007,0.03339542204445678,65.04573795060143,0.019600000000000506,14.955314565691179,14.63472543430882,0.07952142857142849,9909.7,484056,14.85,14.76,14.9804
2025-03-24,15.0,15.0,14.73,14.73,359,14.792019999999999,14.79004297600891,0.023972239517972227,49.09156914309416,0.019999999999999574,14.954934605983485,14.629105394016513,0.09594999999999995,9804.65,483697,15.0,14.76,14.71
2025-03-25,14.98,14.98,14.97,14.97,431,14.80302,14.807181740198539,0.03546151543571874,56.58506291277434,0.27000000000000135,14.98282208534772,14.62321791465228,0.09302142857142849,9620.55,484128,14.73,14.75,14.7
2025-03-26,14.9437,14.9437,14.8,14.8,5511,14.80452,14.806497764941536,0.03049771149169267,46.32569029353347,0.05000000000000071,14.983661550620026,14.625378449379975,0.09614285714285702,4353.55,478617,14.97,14.8,14.75
2025-03-27,14.91,14.91,14.82,14.9,416,14.81002,14.81540273970901,0.03423834701711037,47.087800159932506,0.15000000000000036,14.993974314696313,14.626065685303686,0.09757142857142842,4313.85,479033,14.8,14.85,14.75
2025-03-28,14.8826,14.97,14.8826,14.96,1254,14.818520000000001,14.82917390735577,0.041565188559612665,60.6837599576302,0.20000000000000107,15.01393284340871,14.623107156591292,0.09666428571428565,4267.7,480287,14.9,15.0,14.76
2025-03-31,14.71,14.92,14.71,14.92,1727,14.827020000000001,14.837824011417124,0.043641030924144175,59.16666597638892,0.16000000000000014,15.024660051344343,14.629379948655659,0.10452142857142833,3879.55,478560,14.96,14.73,14.76
2025-04-02,14.7348,14.92,14.7297,14.81,1121,14.830020000000001,14.835174105567875,0.0359951406864063,52.38095179894183,0.0600000000000005,15.024534322028849,14.635505677971153,0.11811428571428552,3503.6,477439,14.92,14.97,14.75
2025-04-03,14.7159,14.79,14.5001,14.51,7290,14.815520000000001,14.804205143132839,0.005662945876974135,42.307691928007884,-0.2900000000000009,15.05701828461987,14.574021715380132,0.13667857142857123,3774.7,470149,14.81,14.8,14.8
2025-04-04,14.51,14.8465,14.25,14.3,28689,14.78552,14.756185605691616,-0.034918265963746364,36.931817888042374,-0.5499999999999989,15.115639835339923,14.455400164660077,0.17499999999999982,5115.1,441460,14.51,14.9,14.85
2025-04-07,14.16,14.3,13.0,14.15,19105,14.744,14.698453643244795,-0.0782805457139979,34.031413363120535,-0.8499999999999996,15.166792720149207,14.321207279850793,0.26499999999999996,5954.65,422355,14.3,14.96,15.0
2025-04-08,14.28,14.29,14.0,14.0001,10885,14.708505000000002,14.631943772459577,-0.12331959058139752,31.708863630458026,-0.7299000000000007,15.246750357767745,14.17025964223226,0.27983571428571413,6298.9,411470,14.15,14.92,14.73
2025-04-09,14.01,14.21,14.0,14.0,4459,14.673505,14.571758651272951,-0.15720921729424475,29.999999789999976,-0.9700000000000006,15.298176755404889,14.048833244595112,0.2834142857142856,6219.45,407011,14.0001,14.81,14.97
2025-04-10,13.7948,14.02,13.1,13.89,14711,14.630505,14.506829255913622,-0.1907442898778715,26.69902894476391,-0.9100000000000001,15.34495273069508,13.916057269304918,0.3434142857142856,6820.35,392300,14.0,14.51,14.8
2025-04-11,14.0,14.14,14.0,14.14,966,14.600005,14.471893136302802,-0.19490146310007006,30.09259239754803,-0.7599999999999998,15.344427066120371,13.855582933879628,0.3391285714285714,6085.55,393266,13.89,14.3,14.9
2025-04-14,14.23,14.95,14.23,14.85,10195,14.604505,14.507903313797772,-0.13929923171466108,52.3076920260355,-0.11000000000000121,15.354069660951927,13.854940339048072,0.37127142857142853,5971.3,403461,14.14,14.15,14.96
2025-04-15,14.6131,14.95,14.23,14.51,59221,14.592005,14.508102998197984,-0.12127128140738463,41.4814812663923,-0.41000000000000014,15.338985110987657,13.845024889012343,0.42198571428571413,8909.05,344240,14.85,14.0001,14.92
2025-04-16,14.53,14.89,14.51,14.88,11207,14.598505,14.543521760274366,-0.0762491404953547,51.37931009678954,0.07000000000000028,15.353493366519348,13.84351663348065,0.4388642857142857,9247.2,355447,14.51,14.0,14.81
2025-04-17,14.8677,14.8677,14.52,14.64,7030,14.590504999999999,14.55271016405776,-0.059251746441809416,45.72368399995672,0.13000000000000078,15.339873423126802,13.841136576873195,0.45727142857142855,9521.4,348417,14.88,13.89,14.51
2025-04-21,14.5308,14.5308,14.5308,14.5308,5514,14.574545,14.550623481766545,-0.05397057735208399,43.05321746641684,0.23079999999999856,15.314176417382706,13.834913582617295,0.4510285714285714,9696.9,342903,14.64,14.14,14.3
2025-04-22,14.54,14.54,14.52,14.52,9223,14.550545000000003,14.54770695969354,-0.05007939840882614,43.464052088726554,0.3699999999999992,15.262688201078761,13.838401798921245,0.4374571428571428,9965.7,333680,14.5308,14.85,14.15
2025-04-23,14.74,14.74,14.72,14.73,1331,14.550545,14.565068201627488,-0.029707911790511687,48.734176999278965,0.7299000000000007,15.262688201078758,13.838401798921241,0.42529285714285703,10014.3,335011,14.52,14.51,14.0001
2025-04-24,14.5934,14.98,14.59,14.98,8030,14.551044999999998,14.604585515758204,0.006534226292664869,57.55626983736728,0.9800000000000004,15.264441148825103,13.837648851174894,0.43244285714285713,10394.25,343041,14.73,14.88,14.0
2025-04-25,14.96,14.98,14.96,14.98,798,14.560045000000002,14.640339276162186,0.03485459970492322,61.72413763305587,1.0899999999999999,15.290991122213908,13.829098877786096,0.3912642857142856,10158.6,343041,14.98,14.64,13.89
2025-04-28,14.775,14.81,14.6,14.6,1777,14.545044999999998,14.636497440337216,0.026332332723599805,57.18849814676069,0.4599999999999991,15.258725985713514,13.831364014286482,0.3134071428571428,10226.65,341264,14.98,14.5308,14.14
2025-04-29,14.76,14.76,14.76,14.76,316,14.535045,14.64825958887653,0.0321187921231445,62.099932846279074,-0.08999999999999986,15.229593033199754,13.840496966800247,0.29269285714285714,10179.75,341580,14.6,14.52,14.85
2025-04-30,14.77,14.77,14.7,14.7,3430,14.524045000000001,14.653187247078765,0.031499992027367085,60.93749973339842,0.1899999999999995,15.199632137938519,13.848457862061483,0.2826928571428571,10264.9,338150,14.76,14.73,14.51
2025-05-01,14.73,14.73,14.72,14.72,720,14.519544999999999,14.659550366404597,0.032251644464837526,63.34405116179525,-0.16000000000000014,15.188276479350472,13.850813520649526,0.21769285714285708,10244.85,338870,14.7,14.98,14.88
2025-05-02,14.89,14.96,14.89,14.96,521,14.542044999999998,14.688164617223206,0.05161830498461839,63.225806166076985,0.3200000000000003,15.239105445842744,13.844984554157252,0.21269285714285704,9906.4,339391,14.72,14.98,14.64
2025-05-06,14.843,14.843,14.843,14.843,379,14.569194999999999,14.70291084415433,0.056870038383483035,49.86039062702615,0.3122000000000007,15.268854870674442,13.869535129325556,0.1612642857142857,8490.9,339012,14.96,14.6,14.5308
2025-05-09,14.8716,14.8716,14.7,14.83,1416,14.603195,14.715014573282488,0.05929951568021785,57.33944917304939,0.3100000000000005,15.28288742107277,13.923502578927229,0.12209285714285732,7606.45,337596,14.843,14.76,14.52
2025-05-13,14.827,14.85,14.827,14.85,1668,14.645689999999998,14.727870328207965,0.062122615947687976,49.180327492609486,0.11999999999999922,15.270692925130488,14.020687074869508,0.09659285714285724,7145.6,339264,14.83,14.7,14.73
2025-05-14,14.97,14.97,14.82,14.82,688,14.686689999999999,14.736644582664349,0.06123333420912225,55.55555507544579,-0.16000000000000014,15.236395091845276,14.136984908154721,0.08247142857142872,6957.05,338576,14.85,14.72,14.98
2025-05-15,14.93,14.93,14.93,14.93,359,14.73869,14.755059384315363,0.06861371650273185,62.31490568089296,-0.05000000000000071,15.150550813996547,14.326829186003453,0.08247142857142872,6239.45,338935,14.82,14.96,14.98
2025-05-16,14.93,14.93,14.8,14.81,2593,14.77219,14.760291823904376,0.06404149503473278,58.38150241772197,0.21000000000000085,15.073048322314518,14.471331677685482,0.09032857142857154,6320.8,336342,14.93,14.843,14.6
2025-05-19,14.92,14.98,14.92,14.97,1498,14.77819,14.780264031151578,0.07249298539416316,57.14285666666667,0.21000000000000085,15.090163048094682,14.466216951905318,0.09318571428571445,5885.95,337840,14.81,14.83,14.76
2025-05-21,14.75,14.9999,14.53,14.53,5933,14.77919,14.756429361518094,0.04318867743766397,37.967914154250906,-0.16999999999999993,15.087651894943644,14.470728105056356,0.09889285714285734,3221.55,331907,14.97,14.85,14.7
2025-05-22,14.9388,14.9388,14.725,14.725,5830,14.771440000000002,14.753436088992562,0.035292838697523976,43.825665562441,0.004999999999999005,15.077012514609633,14.46586748539037,0.11273571428571458,2952.7,337737,14.53,14.82,14.72
2025-05-23,14.745,14.745,14.745,14.745,346,14.776690000000002,14.752632651945651,0.030299884257843246,54.252198968017126,-0.21500000000000163,15.076303968475951,14.477076031524053,0.09773571428571451,2618.5,338083,14.725,14.93,14.96
2025-05-27,14.8035,14.8035,14.5943,14.6059,2018,14.780445,14.738658113665114,0.014946431243762603,45.42485562855652,-0.23709999999999987,15.068752529340337,14.492137470659664,0.1126785714285716,2443.7,336065,14.745,14.81,14.843
2025-05-28,14.5502,14.5502,14.5502,14.5502,2507,14.781955,14.720709721887484,-0.00169626192959349,45.54113546995128,-0.2797999999999998,15.064783350214146,14.499126649785854,0.10767857142857158,2107.9,333558,14.6059,14.97,14.83
2025-06-02,14.56,14.56,14.52,14.55,13614,14.772955000000001,14.704451653136296,-0.014732032798407957,44.8795176937872,-0.29999999999999893,15.073636755000395,14.472273244999608,0.1098214285714288,2722.05,319944,14.5502,14.53,14.85
2025-06-03,14.56,14.59,14.52,14.52,13713,14.749955,14.686884829028077,-0.027170519572569773,34.827585870630145,-0.3000000000000007,15.054303764449095,14.445606235550905,0.1098214285714288,3006.2,306231,14.55,14.725,14.82
2025-06-04,14.6821,14.6821,14.5722,14.5722,837,14.729565,14.675962464358737,-0.032442034628422434,40.225237826196,-0.35779999999999923,15.023484038441758,14.43564596155824,0.11767142857142877,3008.15,307068,14.52,14.745,14.93
2025-06-05,14.52,14.85,14.52,14.85,3817,14.742065,14.692537467753143,-0.014041745459891786,50.60606017667585,0.03999999999999915,15.034040992345089,14.450089007654912,0.1289857142857144,3110.15,310885,14.5722,14.6059,14.81
2025-06-06,14.88,14.88,14.845,14.845,10685,14.746315000000001,14.70705770891951,0.0001355950050214716,49.847094374398,-0.125,15.041843110873446,14.450786889126556,0.1298428571428573,3628.6,300200,14.85,14.5502,14.97
2025-06-09,14.9,14.9,14.8,14.8,15793,14.751315,14.715909355689082,0.0076519091014084495,49.393938974839315,0.27000000000000135,15.04692751504845,14.45570248495155,0.12627142857142865,4246.75,284407,14.845,14.55,14.53
2025-06-10,14.85,15.05,14.85,14.975,5338,14.764064999999999,14.740584655147265,0.027413671893718572,51.3119529338966,0.25,15.075560613047774,14.452569386952224,0.14055714285714302,4477.65,289745,14.8,14.52,14.725
2025-06-11,14.8501,14.8501,14.85,14.85,3408,14.758565,14.751005164180858,0.03261261799146453,51.162790281233086,0.10500000000000043,15.059188739477579,14.457941260522423,0.13127857142857163,4622.0,286337,14.975,14.5722,14.745
2025-06-12,14.9896,14.99,14.925,14.925,539,14.762665000000002,14.767576100925538,0.042297118575270076,48.62385279465814,0.3191000000000006,15.070292473108577,14.455037526891427,0.13163571428571444,4630.0,286876,14.85,14.85,14.6059
2025-06-13,14.85,14.93,14.85,14.93,530,14.767665000000003,14.783045043694534,0.04980153221129591,66.66666588888894,0.37979999999999947,15.083053363935493,14.452276636064513,0.10378571428571437,4585.7,287406,14.925,14.845,14.5502
2025-06-16,15.0,15.0,14.9,14.9,453,14.770165,14.79418361096172,0.05272035734252434,58.45410548950974,0.34999999999999964,15.089074373532606,14.451255626467395,0.09565714285714286,4524.95,286953,14.93,14.8,14.55
2025-06-17,14.85,15.04,14.85,15.04,3010,14.781165000000001,14.817594695632033,0.06557447552405549,62.770562009707525,0.5199999999999996,15.121751968722826,14.440578031277177,0.10922857142857138,4641.05,289963,14.9,14.975,14.52
2025-06-18,14.8501,15.05,14.8501,15.05,1074,14.787164999999998,14.83972853414327,0.0756957991645848,71.64440880882965,0.4778000000000002,15.142692168405354,14.431637831594642,0.10856428571428582,4676.8,291037,15.04,14.85,14.5722
2025-06-20,14.92,15.05,14.92,15.05,1314,14.799164999999999,14.859754388034386,0.08276298094374823,75.75757466439293,0.20000000000000107,15.173634096610705,14.424695903389292,0.11785000000000016,4612.85,291037,15.05,14.925,14.85
2025-06-23,14.98,15.05,14.95,15.05,2257,14.803164999999998,14.877873017745397,0.08735677885114512,75.77319478265494,0.20500000000000007,15.186911721708084,14.419418278291912,0.12213571428571449,4650.8,291037,15.05,14.93,14.845
2025-06-24,15.0,15.2,14.87,15.2,3013,14.836665,14.90855177796012,0.10192620138427522,81.19265950761731,0.3999999999999986,15.236640327003032,14.436689672996968,0.14070714285714306,4504.8,294050,15.05,14.9,14.8
2025-06-26,15.03,15.19,14.88,15.19,5979,14.859914999999997,14.935356370535347,0.11138171816796039,79.48081588783037,0.21499999999999986,15.285781681758785,14.43404831824121,0.1550000000000001,4512.25,288071,15.2,15.04,14.975
2025-06-27,15.08,15.2,15.08,15.2,1436,14.882665000000003,14.960560525722457,0.11831830005639965,72.43589613576606,0.34999999999999964,15.330718719876764,14.434611280123242,0.14000000000000007,4566.75,289507,15.19,15.05,14.85
2025-06-30,15.2,15.2,15.035,15.1218,3423,14.90846,14.975916666129843,0.11616641065211297,66.2212834891023,0.19679999999999964,15.348759345064048,14.468160654935952,0.14928571428571427,4637.0,286084,15.2,15.05,14.925
2025-07-01,14.88,15.045,14.88,14.91,2099,14.926449999999999,14.96963888840319,0.09626089717978381,55.39215610246059,-0.019999999999999574,15.333242596838708,14.51965740316129,0.1539285714285714,4616.6,283985,15.1218,15.05,14.93
2025-07-02,14.88,14.88,14.85,14.85,4937,14.94145,14.958244708555268,0.0747820943489863,43.09392198528737,-0.05000000000000071,15.310135011758568,14.572764988241431,0.14178571428571424,4182.75,279048,14.91,15.2,14.9
2025-07-03,14.89,14.89,14.89,14.89,494,14.959950000000001,14.951745212502386,0.060292638064472825,52.439023494943555,-0.14999999999999858,15.27244186263199,14.647458137368012,0.1417785714285714,3521.8,279542,14.85,15.19,15.04
2025-07-07,15.2,15.2,15.2,15.2,545,14.99134,14.975388525597397,0.0729827490886894,63.03317451899103,0.14999999999999858,15.263334708928133,14.719345291071866,0.1371357142857143,3507.2,280087,14.89,15.2,15.05
2025-07-08,15.17,15.2,14.94,14.94,1406,14.995840000000001,14.972018189826217,0.06135269078471772,50.381678850882814,-0.11000000000000121,15.2608778832915,14.730802116708503,0.14999285714285712,3386.65,278681,15.2,15.1218,15.05
2025-07-09,14.8833,14.8833,14.8833,14.8833,1033,14.997755000000002,14.963568838414197,0.04701856885670885,49.37532678143594,-0.16670000000000051,15.258726194015653,14.73678380598435,0.14285,2904.05,277648,14.94,14.91,15.05
2025-07-11,14.86,14.86,14.86,14.86,543,15.000754999999998,14.953705139517607,0.0333936178435188,42.62295033055631,-0.33999999999999986,15.253401093016457,14.74810890698354,0.1292785714285715,2141.55,277105,14.8833,14.85,15.2
2025-07-14,14.9199,14.9199,14.9199,14.9199,312,14.998000000000001,14.950485602420693,0.027116592202489187,44.87754891858751,-0.27009999999999934,15.253019148921176,14.742980851078826,0.11499999999999996,1890.25,277417,14.86,14.89,15.19
2025-07-16,15.1999,15.1999,14.9,14.9,2034,15.000499999999999,14.9456774498092,0.02030220923925974,44.18514450411532,-0.29999999999999893,15.250337901133507,14.75066209886649,0.12713571428571413,1821.55,275383,14.9199,15.2,15.2
