Date,Open,High,Low,Close,Volume,SMA_20,EMA_20,MACD,RSI_14,Momentum_10,Bollinger_Upper,Bollinger_Lower,ATR_14,Volume_MA_20,OBV,Lag_1,Lag_5,Lag_10
2023-08-15,13.3,15.0,12.95,14.4,49158.9,14.5575,14.454820394364328,-0.13790694176217677,51.72413780618312,-0.9000000000000004,15.694103898045677,13.420896101954321,0.7860714285714288,20580.11,41912.899999999994,13.3,14.7,15.3
2023-08-16,14.2,14.5,13.5,13.6,15263.9,14.507499999999999,14.373408928234392,-0.17336000075947489,40.98360646331632,-1.4000000000000004,15.721573179100222,13.293426820899775,0.7860714285714288,20430.504999999997,26648.999999999993,14.4,13.9,15.0
2023-08-17,13.7,13.9,13.5,13.7,2255.5,14.4625,14.30927474459302,-0.19203486071687337,34.54545445752065,-1.3000000000000007,15.727775089706416,13.197224910293585,0.7645714285714288,20385.975,28904.499999999993,13.6,14.1,15.0
2023-08-18,13.3,14.5,13.0,14.5,25664.6,14.4475,14.32743905463178,-0.14989111922485954,44.999999895,-0.8000000000000007,15.70300367330574,13.191996326694259,0.8288571428571431,20782.135000000002,54569.09999999999,13.7,13.9,15.3
2023-08-21,14.7,14.8,14.0,14.25,13668.2,14.465,14.32006390657161,-0.13257653582345164,41.32231395396489,-0.5999999999999996,15.697925489702396,13.232074510297604,0.8288571428571431,19069.0,40900.899999999994,14.5,13.3,14.85
2023-08-22,14.2,14.6,13.1,13.7,14642.5,14.444999999999999,14.261010201183838,-0.15578130172896465,39.68253959435626,-1.0,15.715267273989381,13.174732726010616,0.8895714285714288,19025.305,26258.399999999994,14.25,14.4,14.7
2023-08-23,14.3,14.3,13.4,13.9,6779.9,14.430000000000001,14.226628277261568,-0.15797609987295935,41.538461448994084,0.0,15.719389900607831,13.140610099392172,0.928857142857143,19121.325,33038.299999999996,13.7,13.6,13.9
2023-08-24,13.9,13.937,12.8,13.0,7188.9,14.345000000000002,14.109806536569991,-0.2216340520960678,33.802816834755006,-1.0999999999999996,15.775826040402794,12.91417395959721,0.9815000000000002,15374.02,25849.399999999994,13.9,13.7,14.1
2023-08-25,13.5,13.5,12.25,13.1,11008.9,14.229999999999999,14.013634485468087,-0.2615363712372236,37.037036960219474,-0.8000000000000007,15.673460753664058,12.78653924633594,1.0279285714285715,15305.025,36858.299999999996,13.0,14.5,13.9
2023-08-28,13.3,13.4,12.8,13.3,9152.7,14.14,13.945669296375888,-0.2752106610758247,39.705882271193786,0.0,15.579517463011749,12.700482536988252,1.0422142857142858,15162.855,46011.0,13.1,14.25,13.3
2023-08-29,13.1,13.6,12.6,13.1,12690.5,14.030000000000001,13.865129363387709,-0.29721747149677036,43.54838699843912,-1.3000000000000007,15.432028605459358,12.627971394540644,1.0422142857142858,15058.1,33320.5,13.3,13.7,14.4
2023-08-30,12.8,13.1,12.4,12.4,9807.2,13.9,13.725593233541261,-0.3621579209176655,37.31343275785253,-1.1999999999999993,15.401928584748356,12.398071415251644,1.0633571428571427,14510.4,23513.3,13.1,13.9,13.6
2023-08-31,12.5,12.9,11.8,12.3,43493.1,13.765,13.589822449394473,-0.4160703180588179,37.878787798438935,-1.3999999999999986,15.334478626135038,12.195521373864963,1.077642857142857,15924.105,-19979.8,12.4,13.0,13.7
2023-09-01,12.1,12.6,10.9,11.5,34455.4,13.575,13.390791739928334,-0.5126435078704059,36.7647058066609,-3.0,15.27654728347311,11.873452716526888,1.1169285714285713,17294.004999999997,-54435.2,12.3,13.1,14.5
2023-09-05,11.1,11.5,10.6,10.6,14236.3,13.3625,13.12500205041135,-0.6492499037123611,21.212121167125815,-3.6500000000000004,15.418268520657493,11.306731479342508,1.0347857142857142,17147.84,-68671.5,11.5,13.3,14.25
2023-09-06,10.7,10.875,9.7,10.0,14822.3,13.127500000000001,12.827382807515031,-0.7935064402805931,21.874999952148457,-3.6999999999999993,15.576447142194608,10.678552857805395,1.0472857142857142,17001.159999999996,-83493.8,10.6,13.1,13.7
2023-09-07,9.876,10.0,9.1,9.222,8837.0,12.893600000000001,12.484013016323123,-0.9557162637737893,18.366770237760022,-4.678000000000001,15.868914748498309,9.918285251501693,1.083,16858.784999999996,-92330.8,10.0,12.4,13.9
2023-09-08,9.3,9.551,9.0,9.2,8450.2,12.648599999999998,12.171249871911398,-1.0732916695250925,7.9365079188712855,-3.8000000000000007,15.990082331005357,9.307117668994639,1.0152142857142856,17041.094999999998,-100781.0,9.222,12.3,13.0
2023-09-11,8.988,9.599,7.693,7.702,35578.0,12.3387,11.745607026967456,-1.2665642048329477,6.624271317867027,-5.398,16.286203786871948,8.391196213128053,1.0942142857142856,18040.7,-136359.0,9.2,11.5,13.1
2023-09-12,7.8,8.0,7.552,7.553,32869.5,12.05135,11.346311119637221,-1.4146159781162453,6.995942339730931,-5.747000000000001,16.508057790097496,7.594642209902503,1.0190714285714286,18501.175,-169228.5,7.702,10.6,13.3
2023-09-13,8.259,8.259,7.4,7.491,89786.3,11.7059,10.979138632052724,-1.518995511052994,4.280211148534335,-5.609,16.45740019079846,6.95439980920154,1.016142857142857,20532.545000000002,-259014.8,7.553,10.0,13.1
2023-09-14,7.491,7.6,6.52,7.39,262062.2,11.395399999999999,10.63731590519056,-1.5910175666084267,4.830917863505178,-5.010000000000001,16.428987290444677,6.361812709555321,1.0120714285714285,32872.46000000001,-521077.0,7.491,9.222,12.4
2023-09-15,8.049,8.5,7.683,8.2,54617.4,11.1204,10.405190580886696,-1.5668967087005417,14.595375693015143,-4.100000000000001,16.224323254661414,6.016476745338587,0.9811428571428572,35490.55500000001,-466459.6,7.39,9.2,12.3
2023-09-18,8.377,8.48,7.85,7.937,30665.2,10.79225,10.17012481127844,-1.5503264264097023,11.599599002950825,-3.5629999999999997,15.824699351328242,5.7598006486717575,0.9832857142857144,35740.58500000001,-497124.8,8.2,7.702,11.5
2023-09-19,8.2,8.2,7.4,7.83,40654.5,10.471250000000001,9.947255781632874,-1.527861322227574,11.75616833605423,-2.7699999999999996,15.39283330856623,5.549666691433773,0.9690000000000001,37089.9,-537779.3,7.937,7.553,10.6
2023-09-20,7.75,8.3,7.564,7.71,28472.2,10.17175,9.734183802429744,-1.5020705399742447,12.83676700796913,-2.29,14.994068414905493,5.349431585094505,0.9715714285714288,37781.384999999995,-566251.5,7.83,7.491,10.0
2023-09-21,7.579,7.95,7.218,7.512,22781.0,9.85235,9.522547249817388,-1.4800517188690883,12.640449410585774,-1.71,14.477093077927883,5.227606922072115,0.9452857142857144,38581.439999999995,-589032.5,7.71,7.39,9.222
2023-09-22,7.5,8.0,6.905,7.8,110039.0,9.59235,9.35849513078716,-1.423470063681247,18.622795071112776,-1.3999999999999995,14.053801747440131,5.130898252559868,0.9020714285714287,43723.945,-478993.5,7.512,8.2,9.2
2023-09-25,8.289,8.289,6.899,7.1,81899.8,9.292349999999999,9.143400356426477,-1.4174283331289104,19.27668534587893,-0.6020000000000003,13.563546567215,5.021153432784997,0.9370714285714288,47268.490000000005,-560893.3,7.8,7.937,7.702
2023-09-26,7.01,7.499,6.249,6.77,113196.4,8.96585,8.917362227243004,-1.422250206364624,20.235901164153574,-0.7830000000000004,12.934775787321158,4.996924212678842,0.9424285714285716,52470.675,-674089.7000000001,7.1,7.83,7.553
2023-09-27,6.712,7.0,6.25,7.0,282348.6,8.66085,8.734756300838908,-1.3917820659078473,27.224272164587987,-0.49099999999999966,12.20713453603571,5.11456546396429,0.9317142857142857,65953.58,-391741.1000000001,6.77,7.71,7.491
2023-09-28,7.065,7.2,6.5,6.792,48544.2,8.38045,8.549731891235202,-1.3682990958350123,26.22432852149673,-0.5979999999999999,11.548564529761178,5.212335470238822,0.942357142857143,67890.43000000001,-440285.3000000001,7.0,7.512,7.39
2023-09-29,7.057,7.25,6.9,7.0,12096.6,8.11545,8.402138377784231,-1.3179587905507804,40.69952290148561,-1.1999999999999993,10.74378871685633,5.487111283143669,0.8312142857142858,66320.605,-428188.7000000001,6.792,7.8,8.2
2023-10-02,7.302,7.32,6.8,7.266,4514.6,7.90375,8.293934722757161,-1.2425846499121027,46.31200188939398,-0.6710000000000003,10.01556287797442,5.79193712202558,0.8363571428571428,64823.565,-423674.10000000015,7.0,7.1,7.937
2023-10-03,7.297,7.42,6.837,7.42,17393.9,7.744750000000001,8.210702844399336,-1.157244329568468,49.10871185349687,-0.41000000000000014,9.439476169466127,6.050023830533874,0.8166428571428571,64981.44499999999,-406280.2000000001,7.266,6.77,7.83
2023-10-04,7.4,7.743,7.049,7.494,19367.2,7.6194500000000005,8.142445430647019,-1.0713558681030086,51.31445886794681,-0.2160000000000002,8.941743139726611,6.29715686027339,0.7890714285714286,65208.68999999999,-386913.0000000001,7.42,7.0,7.71
2023-10-05,8.0,8.0,7.35,7.797,31480.3,7.5482,8.109545865823494,-0.9679739992033545,44.15772669811304,0.28500000000000014,8.64047018057258,6.4559298194274195,0.7771428571428572,66340.855,-355432.7000000001,7.494,6.792,7.512
2023-10-06,8.0,8.1,7.7,8.0,15598.7,7.488200000000001,8.099112926221256,-0.8599326009151849,50.92947751165161,0.20000000000000018,8.292227650741893,6.684172349258108,0.7607142857142856,66698.28,-339834.0000000001,7.797,7.0,7.8
2023-10-09,8.236,9.498,8.201,9.3,36572.8,7.568099999999999,8.213483123723993,-0.6628875227069049,66.04102991606842,2.200000000000001,8.708729170792504,6.427470829207495,0.7962142857142857,66748.01999999999,-303261.2000000001,8.0,7.266,7.1
2023-10-10,9.509,9.7,8.696,9.073,20916.1,7.6441,8.295341873845517,-0.5188922098880688,64.53401558893661,2.303000000000001,8.96827933274266,6.319920667257339,0.8153571428571428,66150.35,-324177.3000000001,9.3,7.42,6.77
2023-10-11,9.0,9.3,8.88,9.1,23517.1,7.724549999999999,8.371975981098325,-0.3980341556196052,67.57414764363921,2.0999999999999996,9.196795184814734,6.252304815185264,0.7930714285714284,62836.88999999999,-300660.2000000001,9.073,7.494,7.0
2023-10-12,8.927,9.118,8.103,8.5,19101.5,7.78005,8.384168744803247,-0.346270614832461,57.24637664566267,1.7080000000000002,9.28257047538362,6.27752952461638,0.7873571428571429,50688.854999999996,-319761.7000000001,9.1,7.797,6.792
2023-10-13,8.5,9.0,8.4,8.722,18522.6,7.80615,8.416343150060081,-0.28419848833396344,68.63511007332454,1.7219999999999995,9.356751550502484,6.255548449497517,0.7309285714285713,48884.115,-301239.10000000015,8.5,8.0,7.0
2023-10-16,8.899,9.0,8.253,8.253,9229.0,7.821950000000001,8.400786659578168,-0.26946946050311027,66.51079916919369,0.9870000000000001,9.384558813895152,6.25934118610485,0.6949999999999997,47812.305,-310468.10000000015,8.722,9.3,7.266
2023-10-17,8.78,8.9,7.5,8.0,42801.9,7.830449999999999,8.362616501523105,-0.27490268882826285,61.0766502314858,0.5800000000000001,9.395091337747768,6.265808662252231,0.7414285714285713,47919.675,-353270.0000000002,8.253,9.073,7.42
2023-10-18,8.0,8.799,7.8,8.0,3171.7,7.84495,8.328081596616142,-0.27602318488369626,64.02693894649857,0.5060000000000002,9.410266241799643,6.279633758200356,0.7627857142857142,46654.65,-353270.0000000002,8.0,9.1,7.494
2023-10-19,7.82,8.0,7.1,7.3,3287.1,7.834349999999999,8.23016906360508,-0.329269998577459,53.1263024710779,-0.4969999999999999,9.411982373293222,6.256717626706775,0.8020714285714285,45679.955,-356557.10000000015,8.0,8.5,7.797
2023-10-20,7.049,7.665,6.601,6.692,14028.7,7.77895,8.083676771833169,-0.41547061934940555,44.416342291473,-1.3079999999999998,9.437407682369429,6.120492317630571,0.8409285714285714,40879.44,-370585.80000000016,7.3,8.722,8.0
2023-10-23,7.0,7.5,6.985,7.4,40177.1,7.793950000000001,8.018564698325248,-0.4220650957393053,49.82437641420069,-1.9000000000000004,9.43185102843457,6.156048971565432,0.8360714285714285,38793.305,-330408.7000000002,6.692,8.253,9.3
2023-10-24,7.536,7.7,7.2,7.532,18690.7,7.83205,7.972225203246653,-0.4119364045140381,50.33031976623358,-1.5410000000000004,9.40377590016924,6.2603240998307585,0.8222142857142857,34068.020000000004,-311718.0000000002,7.4,8.0,9.073
2023-10-25,7.6,7.835,7.149,7.4,9882.0,7.85205,7.9177275648422105,-0.4097887808414935,46.44328961651925,-1.6999999999999993,9.388990977533199,6.315109022466801,0.8247857142857141,20444.69,-321600.0000000002,7.532,8.0,9.1
2023-10-26,7.6,7.7215,7.0,7.2,13102.2,7.872450000000001,7.8493725586667615,-0.4193249567020416,42.828970849837646,-1.2999999999999998,9.360191555795819,6.384708444204183,0.8477499999999999,18672.59,-334702.2000000002,7.4,7.3,8.5
2023-10-27,7.2,7.4,6.433,6.91,12058.6,7.86795,7.759908505460404,-0.4450641063236995,23.83975474304802,-1.8119999999999994,9.36730192666687,6.36859807333313,0.8241785714285715,18670.69,-346760.80000000016,7.2,6.692,8.722
2023-10-30,7.35,8.0,6.9,7.115,6415.4,7.8604,7.698488647797508,-0.4438563885564166,28.4645841622296,-1.138,9.373967886607032,6.346832113392969,0.8310357142857143,18765.73,-340345.40000000014,6.91,7.4,8.253
2023-10-31,7.192,7.307,6.585,6.6,7861.2,7.819399999999999,7.5938706813406025,-0.4788037283002371,25.16885173771078,-1.4000000000000004,9.424835032041132,6.213964967958866,0.852607142857143,18289.095,-348206.60000000015,7.115,7.532,8.0
2023-11-01,7.03,7.499,6.6,6.853,5174.0,7.787349999999999,7.523311568831974,-0.48060011819846604,32.43012578322556,-1.1470000000000002,9.444884792839453,6.1298152071605445,0.8443214285714287,17579.435,-343032.60000000015,6.6,7.4,8.0
2023-11-02,6.494,7.2,6.494,6.909,13895.6,7.742949999999999,7.464805705133691,-0.47207293212046864,29.949126206749,-0.391,9.446335542166775,6.0395644578332215,0.8518928571428572,16700.2,-329137.0000000002,6.853,7.2,7.3
2023-11-03,6.9,7.3,6.6,7.102,21257.7,7.698049999999999,7.430252780835245,-0.4446525764564848,36.44287384918723,0.41000000000000014,9.420144987905157,5.9759550120948415,0.8485357142857144,16983.15,-307879.30000000016,6.909,6.91,6.692
2023-11-06,7.457,8.5,7.457,8.0,80632.0,7.63305,7.484514420755698,-0.3466300701523384,49.99999985685072,0.5999999999999996,9.190854321878328,6.0752456781216715,0.8230357142857143,19186.11,-227247.30000000016,7.102,7.115,7.4
2023-11-07,8.0,8.4,7.752,8.0,46876.7,7.5794,7.533608285445632,-0.26588240929388984,49.99999985685072,0.46799999999999997,8.995897741837668,6.1629022581623305,0.7979642857142858,20484.14,-227247.30000000016,8.0,6.6,7.532
2023-11-08,7.9,8.399,7.51,8.018,21385.1,7.5253,7.579740829688905,-0.1981561810843564,58.53136862655914,0.6180000000000003,8.769429135284112,6.281170864715888,0.7971785714285715,20377.54,-205862.20000000016,8.0,6.853,7.4
2023-11-09,8.136,8.136,7.2,7.37,8132.0,7.4688,7.559765512575677,-0.19443482370544451,57.98022579761695,0.16999999999999993,8.626161354661019,6.311438645338981,0.7880357142857142,19829.065,-213994.20000000016,8.018,6.909,7.2
2023-11-10,7.627,7.627,6.9,6.904,6265.7,7.3778999999999995,7.497311654235136,-0.22641395857200486,43.80928591779082,-0.006000000000000227,8.39830113887145,6.3574988611285494,0.8031785714285713,19216.22,-220259.90000000017,7.37,7.102,6.91
2023-11-13,7.0,7.0,6.5,6.569,6535.8,7.293700000000001,7.4089010204984564,-0.27556933915072257,38.560227954420725,-0.5460000000000003,8.28763044339904,6.299769556600961,0.8031785714285713,19081.56,-226795.70000000016,6.904,8.0,7.115
2023-11-14,6.639,6.793,6.253,6.31,16130.3,7.209200000000001,7.304243780450984,-0.3315706047932059,37.430811687262135,-0.29000000000000004,8.237076216180283,6.18132378381972,0.7927499999999998,17747.98,-242926.00000000015,6.569,8.0,6.6
2023-11-15,6.79,6.8,5.6,5.749,20731.7,7.096650000000001,7.156125325169938,-0.4163582496767715,34.55397051655193,-1.104,8.24574433903384,5.947555660966163,0.8269285714285715,18625.98,-263657.7000000001,6.31,8.018,6.853
2023-11-16,5.62,6.247,5.57,6.12,17858.3,7.037650000000001,7.057446722772801,-0.4484817265961043,41.73294253154852,-0.7889999999999997,8.261522933720796,5.813777066279206,0.8062142857142857,19354.54,-245799.40000000014,5.749,7.37,6.909
2023-11-17,5.914,6.372,5.877,6.29,10518.4,7.01755,6.984356558699202,-0.4549917806578385,41.3029726801093,-0.8120000000000003,8.277983087641173,5.757116912358827,0.7629999999999999,19179.025,-235281.00000000015,6.12,6.904,7.102
2023-11-20,6.397,6.5,6.121,6.41,9729.0,6.96805,6.9296559340611825,-0.44534372332098826,47.81508724254572,-1.5899999999999999,8.242918740405365,5.693181259594635,0.7384999999999999,17656.620000000003,-225552.00000000015,6.29,6.569,8.0
2023-11-21,6.45,6.6,6.3,6.41,10333.8,6.91195,6.880164892722022,-0.43270884847614255,44.59096443851686,-1.5899999999999999,8.181061993730728,5.6428380062692725,0.6957142857142856,17238.775,-225552.00000000015,6.41,6.31,8.0
2023-11-22,6.41,6.5999,6.2,6.226,12454.7,6.85325,6.817863474367544,-0.43254264474698,41.91333161572659,-1.7920000000000007,8.135844882095881,5.570655117904119,0.6738499999999998,17367.41,-238006.70000000016,6.41,5.749,8.018
2023-11-24,6.4,6.6,6.25,6.566,161423.6,6.82155,6.79387647680873,-0.40038288045872417,43.86727674733596,-0.8040000000000003,8.099390691001247,5.543709308998753,0.6488499999999997,24783.48,-76583.10000000015,6.226,6.12,7.37
2023-11-27,6.43,6.999,6.43,6.507,52882.6,6.801399999999999,6.766554907588851,-0.37532626866354146,28.85868014612815,-0.39700000000000024,8.086059512539213,5.516740487460785,0.614992857142857,26824.68,-129465.70000000016,6.566,6.29,6.904
2023-11-28,6.6,6.999,6.25,6.499,9876.5,6.7706,6.741073487818484,-0.352055195416793,28.793444361936082,-0.07000000000000028,8.053137845958311,5.488062154041689,0.6222071428571425,26997.734999999997,-139342.20000000016,6.507,6.41,6.569
2023-11-29,6.824,6.824,5.9,5.9,26884.3,6.735600000000001,6.6609712508833905,-0.3775620294643067,24.296116422294745,-0.40999999999999925,8.07469873854714,5.396501261452861,0.6247071428571426,27948.890000000003,-166226.50000000015,6.499,6.41,6.31
2023-11-30,6.353,6.357,5.91,6.149,64077.9,6.7004,6.612212084132591,-0.37339179466159056,33.59312000260583,0.40000000000000036,8.063304545446815,5.337495454553184,0.5897785714285713,30894.085000000003,-102148.60000000015,5.9,6.226,5.749
2023-12-01,6.2,6.5,6.0,6.248,14656.9,6.667350000000001,6.577525218977106,-0.35797606745005517,40.22063191321144,0.1280000000000001,8.040971609583725,5.293728390416277,0.5735642857142855,30932.15,-87491.70000000016,6.149,6.566,6.12
2023-12-04,6.5,6.5,5.5,5.996,26509.4,6.612049999999999,6.522141864788811,-0.36191032220129404,41.24121046243445,-0.2939999999999996,8.000961042583402,5.223138957416597,0.6092785714285712,31194.734999999997,-114001.10000000015,6.248,6.507,6.29
2023-12-05,6.398,6.4,5.9,5.905,14540.0,6.507299999999999,6.4633664490946385,-0.36812371551325374,43.47405716769682,-0.5049999999999999,7.76529876160913,5.249301238390868,0.6064214285714284,27890.135,-128541.10000000015,5.996,6.499,6.41
2023-12-06,6.0,6.293,5.61,5.99,13012.8,6.4068,6.418283930133245,-0.3620187416780869,54.586981056635814,-0.41999999999999993,7.468536928463323,5.345063071536676,0.5694928571428569,26196.94,-115528.30000000015,5.905,5.9,6.41
2023-12-07,6.0,6.099,5.2,5.201,49664.9,6.26595,6.302352127263412,-0.41602341290824096,34.909687852631976,-1.0250000000000004,7.1622369547542934,5.369663045245707,0.5853499999999998,27610.93,-165193.20000000016,5.99,6.149,6.226
2023-12-08,5.0,5.281,4.824,5.1,200854.3,6.15245,6.187842400857373,-0.4616470703736679,30.006720288946866,-1.4660000000000002,7.034873331990755,5.270026668009245,0.582635714285714,37247.045,-366047.5000000001,5.201,6.248,6.566
2023-12-11,5.292,5.3,4.7495,4.91,214741.4,6.05275,6.066143124585242,-0.5072818960846872,25.37754420378016,-1.5969999999999995,7.02377655934167,5.08172344065833,0.5948857142857141,47670.83,-580788.9000000001,5.1,5.996,6.507
2023-12-12,4.73,4.88,4.204,4.492,127722.4,5.9489,5.9162247317676,-0.5705877687725529,22.31524240403769,-2.0069999999999997,7.1126027835407974,4.785197216459203,0.6217428571428568,53730.159999999996,-708511.3000000002,4.91,5.905,6.499
2023-12-13,4.916,4.916,4.0,4.235,1024767.7,5.84515,5.756108090646876,-0.634178495445509,21.854679020083267,-1.665,7.223497488842905,4.466802511157096,0.6586071428571427,104162.03,-1733279.0,4.492,5.99,5.9
2023-12-14,4.358,4.936,4.235,4.89,142767.8,5.8022,5.673621605823364,-0.6245369607633249,28.24506739474792,-1.2590000000000003,7.245180920470414,4.359219079529586,0.6836785714285714,110263.83499999999,-1590511.2,4.235,5.201,6.149
2023-12-15,4.7,5.0,4.7,4.838,69655.1,5.7381,5.594038595744948,-0.6140125840196857,28.296488843653876,-1.4100000000000001,7.234547006113079,4.241652993886921,0.6644642857142856,112853.675,-1660166.3,4.89,5.1,6.248
2023-12-18,4.9,5.12,4.55,4.6,84770.5,5.6536,5.499368253293048,-0.6177505192516497,26.699386411339518,-1.3960000000000008,7.2085447646306156,4.098655235369384,0.6516785714285714,116566.27999999998,-1744936.8,4.838,4.91,5.996
2023-12-19,4.6,5.48,4.4,5.157,174683.5,5.59095,5.466761752979425,-0.5692160250774672,40.78849477534368,-0.7480000000000002,7.118298783108392,4.063601216891609,0.6628214285714285,124814.00499999998,-1570253.3,4.6,4.492,5.905
2023-12-20,5.4,5.677,5.3,5.53,128459.3,5.546950000000001,5.47278444317186,-0.49495481183474954,42.55472682324605,-0.45999999999999996,7.024852136920884,4.069047863079118,0.6578214285714286,130720.28,-1441794.0,5.157,4.235,5.99
2023-12-21,5.4,5.6,5.2,5.563,66683.8,5.513800000000001,5.481376400965016,-0.42850044386279773,41.62796368056917,0.3620000000000001,6.956903030935165,4.070696969064836,0.6506785714285712,133431.735,-1375110.2,5.53,4.89,5.201
2023-12-22,5.797,5.8,5.0,5.2,115998.8,5.4455,5.4545786484921575,-0.400503860840991,40.52831971266147,0.10000000000000053,6.805851579942534,4.085148420057466,0.636392857142857,131160.495,-1491109.0,5.563,4.838,5.1
2023-12-26,5.02,5.8,5.02,5.776,44041.7,5.40895,5.485190205778618,-0.3280639780109791,48.62385306577044,0.8659999999999997,6.685942597760988,4.131957402239012,0.6563928571428571,130718.45,-1447067.3,5.2,4.6,4.91
2023-12-27,5.8,6.2,5.8,6.17,39337.3,5.3925,5.550410186180654,-0.2361451630204945,51.80144100776218,1.678,6.61779901828494,4.16720098171506,0.6361785714285713,132191.49,-1407730.0,5.776,5.157,4.492
2023-12-28,6.299,7.364,6.2,7.179,58124.5,5.456449999999999,5.705513977972973,-0.08095949669928704,68.96088938545775,2.944,6.9062182537127095,4.006681746287289,0.6551071428571428,133753.49999999997,-1349605.5,6.17,5.53,4.235
2023-12-29,7.69,8.179,7.351,7.89,151732.8,5.5435,5.913560265785071,0.09825753970771789,73.94438705197024,3.0,7.336742813863534,3.7502571861364657,0.6816071428571427,138136.245,-1197872.7,7.179,5.563,4.89
2024-01-02,6.845,7.099,6.41,6.806,104868.8,5.571400000000001,5.998554526186493,0.15108747647051857,64.10714272358632,1.968,7.4270705016047005,3.7157294983953006,0.6915000000000001,142646.84,-1302741.5,7.89,5.2,4.838
2024-01-03,6.666,7.118,6.644,6.99,41529.8,5.6211,6.092977904644922,0.20543295234142978,69.25686078174591,2.3900000000000006,7.575281794053474,3.6669182059465264,0.6770714285714285,143397.86000000002,-1261211.7,6.806,5.776,4.6
2024-01-04,6.73,7.3492,6.5,7.01,77836.0,5.67635,6.1803133422977865,0.2472653744353046,72.20355240664911,1.8529999999999998,7.724549134541457,3.6281508654585437,0.6722999999999999,146562.66,-1183375.7,6.99,6.17,5.157
2024-01-05,7.01,7.0699,6.7516,7.05,27310.0,5.72935,6.26314064303133,0.2804127094184219,69.16932890160267,1.5199999999999996,7.864725058884222,3.593974941115778,0.6449642857142857,147277.52,-1156065.7,7.01,7.179,5.53
2024-01-08,7.13,7.2187,6.9219,7.0,31941.0,5.8193,6.333317724647394,0.2991989366469898,69.19389187345269,1.4370000000000003,8.011763368234956,3.626836631765044,0.6447357142857142,146391.325,-1188006.7,7.05,7.89,5.563
2024-01-09,6.91,7.0,6.63,6.63,30870.0,5.8957999999999995,6.36157317944288,0.2809945592680414,67.6092989336346,1.4299999999999997,8.08935761024716,3.7022423897528407,0.63045,137892.11000000002,-1218876.7,7.0,6.806,5.2
2024-01-10,6.63,7.16,6.6123,7.11,24311.0,6.0058,6.432851924257844,0.301817252207476,67.17074011950231,1.3340000000000005,8.211821959140497,3.799778040859503,0.5924285714285714,128370.59000000001,-1194565.7,6.63,6.99,5.776
2024-01-11,7.25,7.9,7.105,7.72,104357.0,6.167199999999999,6.555437455280907,0.3633492294856575,68.48413218116512,1.5499999999999998,8.379220900253307,3.955179099746692,0.6222857142857142,127202.31999999999,-1090208.7,7.11,7.01,6.17
2024-01-12,7.87,8.5,7.66,8.39,138019.0,6.37495,6.730157697635106,0.46086096022278245,71.54397180283257,1.2110000000000003,8.603292076640363,4.146607923359637,0.6537142857142858,82864.885,-952189.7,7.72,7.05,7.179
2024-01-16,8.53,8.99,8.53,8.95,80138.0,6.5779499999999995,6.941571250241287,0.5766765599748682,77.74489477827338,1.0599999999999996,8.970385048890037,4.185514951109963,0.6294285714285716,79733.39499999999,-872051.7,8.39,7.0,7.89
2024-01-17,8.95,10.75,8.875,10.64,282401.0,6.868049999999999,7.293802559742117,0.7956504567826146,80.89430879922253,3.8340000000000005,9.73262326481158,4.003476735188419,0.7076428571428571,90370.69,-589650.7,8.95,6.63,6.806
2024-01-18,11.29,14.76,10.9,12.15,868210.0,7.24555,7.7562975540523915,1.0785932389273114,83.26657752940231,5.16,10.766383482362652,3.7247165176373462,0.9547857142857143,129542.665,278559.30000000005,10.64,7.11,6.99
2024-01-19,12.2,12.2,10.865,11.02,169302.0,7.5387,8.067126358428354,1.1978421171312252,71.08354363869034,4.01,11.295741618922449,3.781658381077551,0.9669999999999999,129273.59,109257.30000000005,12.15,7.72,7.01
2024-01-22,10.82,11.8,10.42,11.61,150488.0,7.842699999999999,8.40454289572089,1.3246833416303128,70.69425890190035,4.56,11.88823701334142,3.7971629866585763,1.0064285714285715,130375.025,259745.30000000005,11.02,8.39,7.05
2024-01-23,11.69,11.7199,10.72,10.93,51759.0,8.11105,8.64506261993795,1.354721366664677,74.02143510760716,3.9299999999999997,12.231203572763711,3.990896427236291,1.0286357142857143,129628.785,207986.30000000005,11.61,8.95,7.0
2024-01-24,10.885,10.9825,10.405,10.8,31556.0,8.39105,8.85029475137243,1.3524469344905299,72.33294243696821,4.170000000000001,12.438730322045377,4.343369677954622,1.0360285714285715,125406.64500000002,176430.30000000005,10.93,10.64,6.63
2024-01-25,10.71,11.47,10.71,11.26,29482.0,8.66525,9.079790489336961,1.3719462186714129,73.69007792289175,4.1499999999999995,12.710034185251775,4.620465814748226,1.0296571428571428,124678.66,205912.30000000005,10.8,12.15,7.11
2024-01-26,11.56,11.94,11.26,11.7,46357.0,8.941749999999999,9.32933425225725,1.4066871755798331,74.81323361287244,3.9799999999999995,13.024208386032115,4.8592916139678834,1.0554928571428572,125029.64500000002,252269.30000000005,11.26,11.02,7.72
2024-01-29,11.63,11.64,11.2,11.22,26542.0,9.1438,9.509397656804179,1.3795857417852062,71.53061214271139,2.83,13.25878844917478,5.028811550825221,1.0657214285714287,123450.52000000002,225727.30000000005,11.7,11.61,8.39
2024-01-30,11.2,11.66,11.18,11.62,84091.0,9.3303,9.710407403775209,1.3745385054891202,75.38148514187785,2.67,13.54296946746419,5.1176305325358085,1.0735785714285715,120068.42999999998,309818.30000000005,11.22,10.93,8.95
2024-01-31,11.74,12.5,10.9701,11.78,149696.0,9.578999999999999,9.907511460558522,1.3676829908031571,74.55310188814475,1.1399999999999988,13.751294080567263,5.406705919432735,1.1437357142857145,122309.79,459514.30000000005,11.62,10.8,10.64
2024-02-01,11.84,12.5,11.5527,12.21,102438.0,9.84,10.126796083362473,1.3810268242990613,74.0621649478167,0.0600000000000005,13.983352316790409,5.696647683209592,1.1546142857142858,125355.2,561952.3,11.78,11.26,12.15
2024-02-02,12.13,12.19,11.25,12.03,32469.0,10.091,10.308053599232714,1.3613844871037433,70.58823518232631,1.0099999999999998,14.119116446338534,6.0628835536614645,1.161757142857143,123086.85,529483.3,12.21,11.7,11.02
2024-02-05,12.05,13.59,11.51,12.95,54414.0,10.386,10.559667542162932,1.403869562835519,71.73913032561437,1.3399999999999999,14.339888958321502,6.432111041678497,1.2774714285714286,124442.05,583897.3,12.03,11.22,11.61
2024-02-06,14.38,16.1858,13.96,14.83,408536.0,10.7775,10.966365871480749,1.5711256140417138,72.31096900826905,3.9000000000000004,14.867965807987602,6.687034192012397,1.3025285714285713,143271.8,992433.3,12.95,11.62,10.93
2024-02-07,16.93,17.99,15.5,17.5,474138.0,11.321,11.588616740863534,1.897249652038962,75.35545013696907,6.699999999999999,15.944941813511146,6.697058186488852,1.2046714285714286,165435.2,1466571.3,14.83,11.78,10.8
2024-02-08,18.59,18.63,16.0701,17.36,139924.0,11.8335,12.138272289352722,2.1199708401875075,83.15899569411863,6.1,16.754836040248886,6.912163959751115,1.2921642857142857,171215.85,1326647.3,17.5,12.21,11.26
2024-02-09,17.57,17.9,16.2301,17.59,82129.0,12.327,12.657484452271511,2.28865548517677,82.49999987445653,5.890000000000001,17.485302862478378,7.168697137521622,1.3128714285714282,170104.45,1408776.3,17.36,12.03,11.7
2024-02-12,18.1,18.1,16.7,17.05,91447.0,12.76,13.075819266340892,2.3516578823783956,83.77483430763272,5.83,17.98031255365948,7.53968744634052,1.34145,167775.85,1317329.3,17.59,12.95,11.22
2024-02-13,17.9,17.9,16.601,17.82,111202.0,13.2035,13.527646002879854,2.4356428376794685,86.18556688591774,6.200000000000001,18.566120235432837,7.8408797645671635,1.392985714285714,169329.05,1428531.3,17.05,14.83,11.62
2024-02-14,17.73,17.86,17.27,17.48,49884.0,13.5455,13.904060669272248,2.4465641618557576,82.46346543272563,5.700000000000001,19.08913921891331,8.001860781086693,1.380842857142857,157703.2,1378647.3,17.82,17.5,11.78
2024-02-15,17.41,18.88,17.01,17.95,113712.0,13.8355,14.289388224579653,2.464732081399383,82.51821007749689,5.739999999999998,19.670907260400675,8.000092739599324,1.4658428571428568,119978.3,1492359.3,17.48,17.36,12.21
2024-02-16,17.91,19.76,17.91,18.94,100916.0,14.2315,14.732303631762543,2.5298515713879297,88.1422923681826,6.910000000000002,20.3313611718456,8.131638828154399,1.5665571428571425,116559.0,1593275.3,17.95,17.59,12.03
2024-02-20,19.32,19.5,18.5544,19.44,61789.0,14.623,15.180655666832777,2.591926497505032,88.2583169045385,6.490000000000002,21.012633380472018,8.233366619527983,1.5998142857142852,112124.05,1655064.3,18.94,17.05,12.95
2024-02-21,19.18,19.59,18.86,18.91,44333.0,15.022,15.535831317610608,2.5687442041600796,83.6638336948731,4.08,21.437217434884204,8.606782565115795,1.542678571428571,111752.75,1610731.3,19.44,17.82,14.83
2024-02-22,19.06,19.65,19.0,19.4,105338.0,15.452000000000002,15.903847382600073,2.5603959560326235,83.7558684344993,1.8999999999999986,21.828435565918944,9.07556443408106,1.5214428571428567,115441.85,1716069.3,18.91,17.48,17.5
2024-02-23,19.24,20.6799,18.6,20.24,155437.0,15.901,16.316814298542923,2.5916849981946495,86.29531377470076,2.879999999999999,22.299190204638894,9.502809795361106,1.602864285714285,121739.6,1871506.3,19.4,17.95,17.36
2024-02-26,20.87,21.28,20.02,20.8,378010.0,16.356,16.743784365348358,2.6313363420501314,85.84474874869164,3.210000000000001,22.790467712005587,9.921532287994417,1.5442928571428567,138322.25,2249516.3,20.24,18.94,17.59
2024-02-27,21.07,22.2188,20.76,21.03,123243.0,16.8465,17.151995378172323,2.6507628927429963,83.3333332078853,3.9800000000000004,23.126246139689698,10.5667538603103,1.4895071428571425,143157.3,2372759.3,20.8,19.44,17.05
2024-02-28,20.92,20.92,19.0732,20.0,125036.0,17.2655,17.423233913584482,2.553610230374396,66.318537737799,2.1799999999999997,23.1848579843906,11.346142015609399,1.4435642857142856,145204.55,2247723.3,21.03,18.91,17.82
2024-02-29,20.07,21.56,19.7139,21.25,68261.0,17.738999999999997,17.787687826576438,2.5481070137028077,72.1778790181881,3.7699999999999996,23.315940870556595,12.1620591294434,1.3925785714285712,141132.8,2315984.3,20.0,19.4,17.48
2024-03-01,21.44,22.08,20.6201,22.08,120224.0,18.232499999999998,18.196479462140587,2.5809675740724103,73.9594449268482,4.129999999999999,23.4868590925711,12.978140907428898,1.3775785714285713,142022.1,2436208.3,21.25,20.24,17.95
2024-03-04,23.58,23.58,21.54,22.28,128907.0,18.745,18.58538618003196,2.5932546048864467,78.95902534823627,3.34,23.419623542399783,14.070376457600217,1.4232928571428567,146844.0,2565115.3,22.08,20.8,18.94
2024-03-05,22.26,25.6,22.14,24.86,186713.0,19.3405,19.182968448600345,2.779139453860367,82.47232461673315,5.419999999999998,23.940644048087876,14.740355951912122,1.5776499999999998,153458.95,2751828.3,22.28,21.03,19.44
2024-03-06,25.0,27.07,24.11,26.9,165788.0,19.944,19.91792383444793,3.0558389615257546,87.55980851468601,7.989999999999998,25.176157248562454,14.711842751437544,1.746935714285714,141321.55,2917616.3,24.86,20.0,18.91
2024-03-07,27.5,27.9999,25.75,26.7,173075.0,20.404,20.563835850214794,3.2218475622442,85.6560716219083,7.300000000000001,26.306218672936332,14.501781327063668,1.7740714285714285,126268.4,2744541.3,26.9,21.25,19.4
2024-03-08,24.8,27.96,24.38,27.55,101251.0,20.9135,21.229184816861004,3.3830010672152895,85.49051927478422,7.310000000000002,27.4360028292746,14.390997170725399,1.8976428571428572,124334.75,2845792.3,26.7,22.08,20.24
2024-03-11,27.15,27.95,26.03,26.52,120282.0,21.36,21.733071977159955,3.3885432205604324,77.96208522184287,5.719999999999999,28.14201025934753,14.57798974065247,1.967242857142857,126242.4,2725510.3,27.55,22.28,20.8
2024-03-12,26.72,26.78,23.35,26.0,220864.0,21.807499999999997,22.139446074573293,3.3127881124948253,78.0237153286694,4.969999999999999,28.573168364696354,15.041831635303641,2.1601,132713.25,2504646.3,26.52,24.86,21.03
2024-03-13,25.68,27.29,24.7427,26.79,61811.0,22.256,22.58235597223298,3.2787029977149373,78.53281844791819,6.789999999999999,29.097512298192278,15.41448770180772,2.2956214285714287,130243.7,2566457.3,26.0,26.9,20.0
2024-03-14,27.24,27.45,24.25,24.35,117668.0,22.5995,22.750703022496506,3.0199906205907077,64.12371127850639,3.1000000000000014,29.11336690877727,16.08563309122273,2.3756285714285714,133632.9,2448789.3,26.79,26.7,21.25
2024-03-15,24.25,25.5875,24.25,25.08,348747.0,22.956,22.97254082987779,2.841113360062433,64.53804341687957,3.0,29.172072207126533,16.739927792873466,2.381164285714285,145384.65,2797536.3,24.35,27.55,22.08
2024-03-18,25.12,25.36,24.1,24.86,112290.0,23.252000000000002,23.152298846079905,2.65104017219911,63.018354800662344,2.5799999999999983,29.22179273200991,17.282207267990096,2.3669642857142854,145953.35,2685246.3,25.08,26.52,22.28
2024-03-19,24.54,26.96,24.0976,26.24,98630.0,23.592,23.446365622643725,2.5819963826905976,70.71713140836388,1.379999999999999,29.42055619930197,17.763443800698028,2.4395071428571424,147795.4,2783876.3,24.86,26.0,24.86
2024-03-20,26.01,27.47,26.01,27.47,113471.0,24.02,23.829568896677657,2.596597246159501,70.67819142357084,0.5700000000000003,29.654880094927567,18.385119905072433,2.411928571428571,151252.3,2897347.3,26.24,26.79,26.9
2024-03-21,27.8,30.285,27.8,29.67,129863.0,24.5335,24.385800430327404,2.753944070119637,73.12614253359135,2.9700000000000024,30.266614428705566,18.800385571294434,2.4851499999999995,152478.55,3027210.3,27.47,24.35,26.7
2024-03-22,30.06,30.165,29.04,29.23,55779.0,24.982999999999997,24.847152770296223,2.8107378501649016,70.87087081127976,1.6799999999999997,30.708433929774305,19.25756607022569,2.419792857142857,147495.65,2971431.3,29.67,25.08,27.55
2024-03-25,29.3,29.3,26.8913,27.7,135009.0,25.328,25.118852506458488,2.7011520970518177,59.10256404952334,1.1799999999999997,30.818890446433727,19.837109553566272,2.3446999999999996,135345.6,2836422.3,29.23,24.86,26.52
2024-03-26,28.14,28.605,27.36,27.89,80735.0,25.671,25.382771315367204,2.599668621302815,53.599999945425466,1.8900000000000006,30.881313254548772,20.460686745451227,2.2221999999999995,133220.2,2917157.3,27.7,26.24,26.0
2024-03-27,27.83,29.485,27.36,28.82,69788.0,26.112000000000002,25.710126428189376,2.5647208541011004,57.320441933529956,2.030000000000001,30.76447687287448,21.459523127125525,2.213278571428571,130457.8,2986945.3,27.89,27.47,26.79
2024-03-28,29.99,31.0,29.36,29.36,95945.0,26.517500000000002,26.057733435028485,2.551189402024967,56.38673247781127,5.009999999999998,30.783354020746145,22.25164597925386,2.074707142857142,131842.0,3082890.3,28.82,29.67,24.35
2024-04-01,30.53,31.01,28.175,28.3,164722.0,26.828500000000002,26.27128263169244,2.4269561390372907,56.26760557832771,3.2200000000000024,30.611833395161945,23.04516660483806,2.1400642857142853,134066.9,2918168.3,29.36,29.23,25.08
2024-04-02,28.35,28.37,26.09,26.2,96682.0,27.0245,26.264493809626494,2.134443570030424,50.633713516548035,1.3399999999999999,30.167662838858202,23.881337161141797,2.0579214285714285,132455.65,2821486.3,28.3,27.7,24.86
2024-04-03,27.71,28.9399,27.01,27.1,63731.0,27.1365,26.344065827757305,1.9527377141026747,50.97545621688758,0.860000000000003,30.109970593165716,24.163029406834287,2.013821428571428,126306.55,2885217.3,26.2,27.89,26.24
2024-04-04,27.45,29.655,27.07,27.54,69842.0,27.168499999999995,26.45796432035185,1.8232218371455176,61.48308129152173,0.07000000000000028,30.145027648469846,24.191972351530143,1.9698928571428571,121509.25,2955059.3,27.1,28.82,27.47
2024-04-05,27.52,29.77,26.975,29.5,53099.0,27.3085,26.747682004127864,1.8573249722979277,64.61640205657213,-0.1700000000000017,30.45101173426611,24.165988265733887,2.074,115510.45,3008158.3,27.54,29.36,29.67
2024-04-08,29.8,30.7,29.2791,30.0,66023.0,27.430999999999994,27.057426575163305,1.902763862666653,66.68831162768595,0.7699999999999996,30.79626467247223,24.065735327527758,2.085492857142857,113749.05,3074181.3,29.5,28.3,29.23
2024-04-09,29.83,30.2599,29.1171,29.58,63074.0,27.583999999999996,27.29767166324299,1.8831759616795303,61.565096893219426,1.879999999999999,31.05156034364829,24.1164396563517,1.9626642857142855,110888.65,3011107.3,30.0,26.2,27.7
2024-04-10,29.0,29.22,27.5,27.94,66928.0,27.681,27.358845790553183,1.7155424938997221,51.582491533861635,0.05000000000000071,31.069630526054066,24.292369473945936,1.9812357142857142,103191.85,2944179.3,29.58,27.1,27.89
2024-04-11,28.26,29.36,28.22,29.08,54878.0,27.795499999999997,27.522765239071926,1.655595504268291,47.86076862436178,0.259999999999998,31.21200775839278,24.378992241607214,1.8851642857142856,102845.2,2999057.3,27.94,27.54,28.82
2024-04-12,29.11,29.11,27.58,27.72,40382.0,27.964,27.541549502017457,1.481271335635757,44.86743707490522,-1.6400000000000006,30.97313976166999,24.954860238330006,1.914092857142857,98980.9,2958675.3,29.08,29.5,29.36
2024-04-15,27.71,27.885,25.37,26.3,107348.0,28.025,27.42330669230151,1.21453569135004,45.20547940870708,-2.0,30.830554640727108,25.21944535927289,1.9216857142857144,86910.95,2851327.3,27.72,30.0,28.3
2024-04-16,26.26,26.28,24.17,24.17,87145.0,27.990500000000004,27.113467959701364,0.821799463302078,38.75453442910741,-2.0299999999999976,30.971418085352084,25.009581914647924,1.9834714285714286,85653.7,2764182.3,26.3,29.58,26.2
2024-04-17,24.04,24.5354,23.35,23.82,71952.0,27.8695,26.79980434449171,0.4768146889687692,34.33583956887833,-3.280000000000001,31.310549258583805,24.428450741416192,1.9163571428571426,84319.8,2692230.3,24.17,27.94,27.1
2024-04-18,23.69,23.85,21.85,23.21,120088.0,27.6565,26.45791821644488,0.15243273957390358,30.817217689866425,-4.329999999999998,31.679796762868165,23.633203237131838,1.9420714285714282,84650.65,2572142.3,23.82,29.08,27.54
2024-04-19,23.21,23.58,21.43,21.59,64582.0,27.252500000000005,25.994306957735844,-0.23268050610564828,29.776974055643294,-7.91,31.98473603539987,22.52026396460014,1.8931428571428568,81386.6,2507560.3,23.21,27.72,29.5
2024-04-22,21.53,23.32,21.345,22.52,86432.0,26.917,25.66342058080862,-0.4575677689028339,38.06744484222151,-7.48,31.99754327803634,21.836456721963664,1.8713571428571425,82919.25,2593992.3,21.59,26.3,30.0
2024-04-23,22.37,24.61,21.85,22.11,77665.0,26.6375,25.32499957311256,-0.6612535867222817,33.28868047782707,-7.469999999999999,32.13464519211182,21.14035480788818,1.9306499999999995,80052.05,2516327.3,22.52,24.17,29.58
2024-04-24,21.88,22.57,21.4014,22.03,44701.0,26.3445,25.011190089958983,-0.8196826024415778,31.091283429287714,-5.91,32.17512143478632,20.51387856521368,1.8294785714285708,78250.35,2471626.3,22.11,23.82,27.94
2024-04-25,21.5,21.5698,20.55,21.18,72554.0,25.9625,24.646314843296224,-1.0022730351807212,19.093610678505883,-7.899999999999999,32.103084148451245,19.82191585154875,1.702678571428571,78388.65,2399072.3,22.03,23.21,29.08
2024-04-26,21.18,21.5599,20.15,20.4,52241.0,25.514499999999998,24.24190390583944,-1.1961285075996244,15.065502168055517,-7.32,31.913373173828113,19.115626826171884,1.7018928571428569,76203.45,2346831.3,21.18,21.59,27.72
2024-04-29,20.57,22.2663,20.57,21.92,35469.0,25.195500000000003,24.020770200521397,-1.2131249486714566,24.19137464025073,-4.379999999999999,31.645594980940835,18.74540501905917,1.7414285714285713,69740.8,2382300.3,20.4,22.52,26.3
2024-04-30,21.88,24.16,21.46,23.87,90969.0,25.079,24.006411133805074,-1.0570609416350933,36.567656731884675,-0.3000000000000007,31.536866357763767,18.621133642236234,1.8114285714285714,69455.15,2473269.3,21.92,22.11,24.17
2024-05-01,24.36,25.36,23.87,23.99,79875.0,24.9235,24.00484816868078,-0.9131696452474749,31.988676542969458,0.16999999999999815,31.326000416161456,18.520999583838545,1.8364285714285713,70262.35,2553144.3,23.87,22.03,23.82
2024-05-02,24.15,24.15,23.17,23.98,59567.0,24.7455,24.002481676425468,-0.7908255279923218,35.36776208958149,0.7699999999999996,31.038729360946085,18.452270639053914,1.7971428571428567,69748.6,2493577.3,23.99,21.18,23.21
2024-05-03,24.37,25.095,24.0411,24.52,58055.0,24.4965,24.05176913581352,-0.6428827026810069,42.52100835333662,2.9299999999999997,30.3782837430494,18.6147162569506,1.6927785714285708,69996.4,2551632.3,23.98,20.4,21.59
2024-05-06,26.18,26.18,21.8,22.44,110761.0,24.1185,23.89826731335509,-0.6855726817846879,42.70042189048051,-0.0799999999999983,29.457749996611508,18.779250003388494,1.854921428571428,72233.3,2440871.3,24.52,21.92,22.52
2024-05-07,22.34,24.67,22.2882,22.77,48296.0,23.778,23.790813283511746,-0.6848816699398839,45.56213012359511,0.6600000000000001,28.481475087075196,19.0745249129248,1.940378571428571,71494.4,2489167.3,22.44,23.87,22.11
2024-05-08,23.0,23.27,21.13,21.19,53001.0,23.4405,23.54311678032015,-0.8025752276614142,42.10937495394287,-0.8399999999999999,27.84576228384575,19.03523771615425,1.950378571428571,70798.05,2436166.3,22.77,23.99,22.03
2024-05-09,21.1,22.68,21.1,21.42,40422.0,23.0575,23.340915182194422,-0.867291547263477,49.25503937865289,0.240000000000002,26.65646988185877,19.458530118141233,1.9096642857142854,70075.25,2476588.3,21.19,23.98,21.18
2024-05-10,21.66,22.3899,20.6301,21.33,53381.0,22.738,23.149399450556857,-0.9152910381474939,44.370860868382955,0.9299999999999997,25.666211956665382,19.809788043334617,1.8942928571428568,70725.2,2423207.3,21.42,24.52,20.4
2024-05-13,21.29,22.02,20.63,20.76,35493.0,22.461,22.92183759812287,-0.9879368899063401,43.709226410817415,-1.1600000000000001,24.99159510371524,19.930404896284756,1.7964357142857141,67132.45,2387714.3,21.33,22.44,21.92
2024-05-14,20.61,21.685,20.61,20.92,39212.0,22.298499999999997,22.731186398301645,-1.0208310837658487,44.865864881764836,-2.9499999999999993,24.784014031342448,19.812985968657546,1.7897499999999997,64735.8,2426926.3,20.76,22.77,23.87
2024-05-15,20.6,21.814,20.6,21.6,101371.0,22.1875,22.623454360368154,-0.9807244761556007,51.973684142139895,-2.389999999999997,24.583592213320898,19.791407786679102,1.8036214285714283,66206.75,2528297.3,20.92,21.19,23.99
2024-05-16,21.77,23.0451,21.77,22.845,77712.0,22.169249999999998,22.644553945094994,-0.8388093424148764,61.00855462817473,-1.1350000000000016,24.537954453804623,19.800545546195373,1.793992857142857,64087.95,2606009.3,21.6,21.42,23.98
2024-05-17,22.8,23.695,22.58,23.02,65738.0,22.24075,22.680310712228806,-0.7041030781749456,55.63524582183468,-1.5,24.62213012836877,19.859369871631227,1.7524714285714285,64145.75,2671747.3,22.845,21.33,24.52
2024-05-20,23.22,23.36,22.6208,23.23,35119.0,22.276249999999997,22.73266207296892,-0.5737878800872807,46.00997498202747,0.7899999999999991,24.696017007052795,19.8564829929472,1.6124142857142856,61580.1,2706866.3,23.02,20.76,22.44
2024-05-21,22.86,23.25,22.135,23.1,109083.0,22.32575,22.76764663744807,-0.4755205546037651,44.45828136707151,0.33000000000000185,24.77156118821982,19.87993881178018,1.5856285714285714,63151.0,2597783.3,23.23,20.92,22.77
2024-05-22,23.95,24.305,23.35,23.82,93709.0,22.41525,22.86787076721492,-0.3356755534456326,49.08466811359435,2.629999999999999,24.94505439227188,19.88544560772812,1.583842857142857,65601.4,2691492.3,23.1,21.6,21.19
2024-05-23,23.96,24.387,23.43,23.82,186483.0,22.54725,22.958549741765882,-0.22228501921439658,45.731707238994645,2.3999999999999986,25.081170355579722,20.013329644420274,1.5769214285714288,71297.85,2691492.3,23.82,22.845,21.42
2024-05-24,23.8,24.3256,23.1864,23.92,143905.0,22.72325,23.050116433026275,-0.12293591146810456,61.897105970006535,2.5900000000000034,25.1141456150584,20.3323543849416,1.3454357142857147,75881.05,2835397.3,23.82,23.02,21.33
2024-05-28,24.15,24.98,23.3301,23.98,130035.0,22.82625,23.13867677273806,-0.038910987893615356,60.168067085318846,3.219999999999999,25.248725625861894,20.40377437413811,1.2931571428571431,80609.35,2965432.3,23.92,23.23,20.76
2024-05-29,23.56,24.435,23.56,24.22,70456.0,22.84375,23.241659937239195,0.04650923318499878,82.86334031234561,3.299999999999997,25.30275466599164,20.38474533400836,1.2028,79583.7,3035888.3,23.98,23.1,20.92
2024-05-30,24.2,24.76,23.6601,24.1,105441.0,22.84925,23.32340660988308,0.10333123887817663,79.77777752958029,2.5,25.31951586039901,20.37898413960099,1.1685071428571432,80862.0,2930447.3,24.22,23.82,21.6
2024-05-31,24.1,25.96,24.1,25.96,71315.0,22.948249999999998,23.574510742275166,0.2950484025669766,86.92184988566103,3.115000000000002,25.746281780038515,20.15021821996148,1.1756642857142858,81449.4,3001762.3,24.1,23.82,22.845
2024-06-03,26.05,26.58,24.56,25.14,52948.0,22.97925,23.72360495729658,0.3764786796206998,83.58895687572927,2.120000000000001,25.863027265287617,20.095472734712384,1.2206642857142858,81194.05,2948814.3,25.96,23.92,23.02
2024-06-04,25.04,25.5194,24.32,24.52,66163.0,23.08325,23.799452104220716,0.3865282866436921,75.78796546403561,1.2899999999999991,26.034382298306113,20.132117701693886,1.2295500000000001,78964.15,2882651.3,25.14,23.98,23.23
2024-06-05,24.57,26.38,24.28,26.22,286193.0,23.25575,24.029980475247314,0.5256095607737024,78.87499986196876,3.1199999999999974,26.516830342463255,19.994669657536743,1.2928357142857145,90859.0,3168844.3,24.52,24.22,23.1
2024-06-06,26.33,26.835,24.9,25.41,73398.0,23.46675,24.16141090617614,0.563971135712503,66.95307324027192,1.5899999999999999,26.711101001518323,20.22239899848168,1.3399714285714288,91878.85,3095446.3,26.22,24.1,23.82
2024-06-07,25.01,25.325,23.62,24.52,116725.0,23.62175,24.19556224844508,0.5166023301552869,59.057970914636286,0.6999999999999993,26.74845210487534,20.495047895124657,1.3821142857142856,95694.0,2978721.3,25.41,25.96,23.82
2024-06-10,24.41,24.41,23.53,23.95,83078.0,23.75275,24.172175367640786,0.4281327277646483,54.1666665788966,0.029999999999997584,26.688901213300966,20.816598786699032,1.3921714285714284,97178.85,2895643.3,24.52,25.14,23.92
2024-06-11,23.72,24.14,23.36,23.99,99740.0,23.914250000000003,24.15482533262738,0.35713081439007865,55.20467827217946,0.00999999999999801,26.490569845704098,21.337930154295908,1.368242857142857,100391.2,2995383.3,23.95,24.52,23.98
2024-06-12,24.27,25.4,23.945,24.0,104554.0,24.06825,24.140080062853343,0.2982303886313602,51.14795909233783,-0.21999999999999886,26.225014816498213,21.911485183501785,1.403957142857143,103658.3,3099937.3,23.99,26.22,24.22
2024-06-13,23.99,24.98,23.7813,24.34,65280.0,24.20525,24.15912005686731,0.27580720107039625,53.178484016564944,0.23999999999999844,26.02337359894838,22.38712640105162,1.4212214285714284,101853.75,3165217.3,24.0,25.41,24.1
2024-06-14,24.4,25.245,23.9,25.02,72416.0,24.314,24.241108622879946,0.3093410878267058,56.278538722842505,-0.9400000000000013,26.047780778955076,22.580219221044924,1.4359214285714283,101588.95,3237633.3,24.34,24.52,25.96
2024-06-17,24.87,25.03,24.05,24.32,64101.0,24.378999999999998,24.24862208736757,0.276248366593304,51.80851056113626,-0.8200000000000003,26.002484232332414,22.755515767667582,1.3880714285714286,101507.1,3173532.3,25.02,23.95,25.14
2024-06-18,24.3,24.64,22.81,23.19,190097.0,24.377000000000002,24.147800936189704,0.1570304426922604,44.99514085229038,-1.3299999999999983,26.00653141472613,22.747468585273875,1.4562857142857144,109256.0,2983435.3,24.32,23.99,24.52
2024-06-20,22.99,23.18,20.5,21.86,122850.0,24.315,23.929915132743066,-0.04426029883160609,40.260869516204146,-4.359999999999999,26.220156437837055,22.409843562162948,1.56915,109944.35,2860585.3,23.19,24.0,26.22
2024-06-21,22.0,22.21,21.47,22.12,76310.0,24.23,23.75754226295801,-0.18072158890355183,30.60606056277932,-3.289999999999999,26.365869106969253,22.094130893030748,1.4891500000000002,109074.4,2936895.3,21.86,24.34,25.41
2024-06-24,22.16,22.605,21.89,22.5,79557.0,24.164,23.637776333152487,-0.2552628098277161,36.04651157456119,-2.0199999999999996,26.43077977014005,21.897220229859954,1.3959357142857145,103728.1,3016452.3,22.12,25.02,24.52
2024-06-25,22.42,23.09,21.2,21.3,85062.0,24.032999999999998,23.415130968090345,-0.40648156796399704,33.964143378934466,-2.6499999999999986,26.636908802671844,21.42909119732815,1.445264285714286,100785.95,2931390.3,22.5,24.32,23.95
2024-06-26,21.05,21.05,19.11,20.98,142252.0,23.883,23.183213733034123,-0.545852599607688,19.745958397639328,-3.009999999999998,26.823627215587344,20.942372784412655,1.4338357142857148,101396.8,2789138.3,21.3,23.19,23.99
2024-06-27,22.49,22.96,20.98,22.01,159030.0,23.7725,23.071479091792778,-0.5666606440290565,30.855855807209252,-1.9899999999999984,26.823814643335215,20.721185356664787,1.4370500000000004,105825.5,2948168.3,20.98,21.86,24.0
2024-06-28,21.89,23.49,20.97,22.7,1613520.0,23.7025,23.036100130669656,-0.5214628372479453,39.51612896852237,-1.6400000000000006,26.786242599675425,20.618757400324576,1.4952642857142862,181229.45,4561688.3,22.01,22.12,24.34
2024-07-01,22.45,23.59,21.525,23.14,95895.0,23.561500000000002,23.045995356320166,-0.4450091389387012,45.26315782062174,-1.879999999999999,26.463131301617526,20.65986869838248,1.5799071428571434,182458.45,4657583.3,22.7,22.5,25.02
2024-07-02,22.81,23.8349,22.725,22.78,95710.0,23.4435,23.020662465242054,-0.4087561370202657,43.179255850675375,-1.5399999999999991,26.26570723622678,20.62129276377322,1.603471428571429,184596.55,4561873.3,23.14,21.3,24.32
2024-07-03,22.92,23.99,22.19,22.21,86634.0,23.328,22.943456516171384,-0.42116468346599234,40.5090137256494,-0.9800000000000004,26.153780562866473,20.502219437133526,1.628114285714286,185620.1,4475239.3,22.78,20.98,23.19
2024-07-05,22.08,22.3,20.445,21.14,154321.0,23.074,22.77169875272649,-0.5114430063332058,34.25196845673942,-0.7199999999999989,25.712272161851434,20.43572783814857,1.6749928571428576,179026.5,4320918.3,22.21,22.01,21.86
2024-07-08,23.69,23.69,20.89,21.12,139631.0,22.8595,22.61439410960968,-0.5779409173168126,29.47368416709142,-1.0,25.39361647636601,20.32538352363399,1.778921428571429,182338.15,4181287.3,21.14,22.7,22.12
2024-07-09,21.91,21.97,20.47,21.31,112332.0,22.699,22.490166099170665,-0.6082975038681191,33.25917681138725,-1.1900000000000013,25.19665279286061,20.201347207139392,1.8160642857142861,182118.5,4293619.3,21.12,23.14,22.5
2024-07-10,21.47,21.49,19.14,19.87,446745.0,22.495,22.240626470678222,-0.7400207832381582,32.15053758600993,-1.4299999999999997,25.218685583523712,19.77131441647629,1.8532071428571428,200301.85,3846874.3,21.31,22.78,21.3
2024-07-11,20.14,20.4887,19.81,20.05,251733.0,22.298000000000002,22.03199537823268,-0.8204305231665359,38.89570545465768,-0.9299999999999997,25.134028357070044,19.46197164292996,1.7102571428571431,207901.5,4098607.3,19.87,22.21,20.98
2024-07-12,20.06,20.52,19.015,19.1,154490.0,22.053,21.7527577231629,-0.9498634469749874,32.91855198406563,-2.91,25.10808790467038,18.99791209532962,1.7649000000000001,210398.3,3944117.3,20.05,21.14,22.01
2024-07-15,19.0,20.52,19.0,19.92,180049.0,21.832,21.57820936857596,-0.975033248559285,36.099137876574574,-2.7799999999999976,24.829434692673416,18.834565307326585,1.8224,216136.75,4124166.3,19.1,21.12,22.7
2024-07-16,20.06,21.945,19.93,21.6,372998.0,21.661,21.58028466680682,-0.8496245950861656,51.53688517197578,-1.5399999999999991,24.25583616763027,19.066163832369732,1.8313285714285714,231165.85,4497164.3,19.92,21.31,23.14
2024-07-17,21.2,22.15,20.75,21.08,165029.0,21.499000000000002,21.53263850806331,-0.7831691018069442,50.502007961141736,-1.7000000000000028,23.78050365929324,19.217496340706763,1.7927571428571427,236212.25,4332135.3,21.6,19.87,22.78
2024-07-18,20.97,21.83,20.3095,20.92,216577.0,21.3855,21.474291983485852,-0.7349413608505806,44.004400372270446,-1.2899999999999991,23.534825230710425,19.236174769289576,1.759935714285714,237536.25,4115558.3,21.08,20.05,22.21
2024-07-19,20.91,21.2415,20.2,20.24,174725.0,21.304499999999997,21.35674036601101,-0.743025707661868,36.45374443718585,-0.9000000000000021,23.500136581950656,19.10886341804934,1.6543285714285711,240130.0,3940833.3,20.92,19.1,21.14
2024-07-22,20.23,21.288,20.2,21.16,331308.0,21.2565,21.338003188295676,-0.6675017550076845,39.64435140637856,0.03999999999999915,23.418791912714244,19.094208087285754,1.5845428571428568,252879.9,4272141.3,20.24,19.92,21.12
2024-07-23,21.16,21.88,20.52,21.56,275692.0,21.2095,21.359145741791327,-0.568814877602545,43.645833269683145,0.25,23.297576173242515,19.121423826757482,1.6024071428571425,262686.65,4547833.3,21.16,21.6,21.31
2024-07-24,21.4,21.78,20.21,20.75,164613.0,21.182,21.301131861620725,-0.5496292626300594,42.58130075242497,0.879999999999999,23.279523351604517,19.08447664839548,1.5859785714285712,266664.2,4383220.3,21.56,21.08,19.87
2024-07-25,20.79,21.29,20.51,21.26,112556.0,21.196,21.29721454146637,-0.4876504559789048,50.6465516477315,1.2100000000000009,23.29158332539753,19.100416674602474,1.5091928571428568,265179.4,4495776.3,20.75,20.92,20.05
2024-07-26,21.29,21.635,20.33,20.59,195400.0,21.125,21.22986077561243,-0.4869815850539432,47.33131916791152,1.4899999999999984,23.20058742477754,19.04941257522246,1.4024071428571427,266997.9,4300376.3,21.26,20.24,19.1
2024-07-29,20.51,20.625,19.47,20.21,184434.0,21.0005,21.132731177935057,-0.5112212834385481,44.56521732965287,0.28999999999999915,22.974536473827143,19.026463526172854,1.3777642857142856,195543.6,4115942.3,20.59,21.16,19.92
2024-07-30,20.2,20.255,17.5,18.46,310954.0,20.7665,20.878185351465053,-0.6639877558840013,43.24065190744304,-3.1400000000000006,22.781781356875083,18.75121864312492,1.4066928571428572,206296.55,3804988.3,20.21,21.56,21.6
2024-07-31,18.43,18.73,17.67,18.49,204723.0,20.552,20.650739127516,-0.7737166131453002,42.41245130410755,-2.59,22.578119963196396,18.525880036803603,1.4339285714285712,211747.2,4009711.3,18.46,20.75,21.08
2024-08-01,18.43,18.78,17.17,17.34,152899.0,20.3085,20.335430639181144,-0.942607123801988,41.6030533795379,-3.580000000000002,22.642759941327007,17.97424005867299,1.441428571428571,215060.45,3856812.3,18.49,21.26,20.92
2024-08-02,16.73,17.59,15.62,16.82,140667.0,20.0925,20.00062772116389,-1.1056682688493957,34.77406674981954,-3.419999999999998,22.861758878624716,17.323241121375286,1.4735714285714283,214377.75,3716145.3,17.34,20.59,20.24
2024-08-05,15.31,16.64,15.18,16.52,245434.0,19.8625,19.66913936676733,-1.2447541429209608,21.13636360273759,-4.640000000000001,23.010624755101656,16.714375244898346,1.4339285714285712,219667.9,3470711.3,16.82,20.21,21.16
2024-08-06,16.76,17.56,16.4,16.62,141445.0,19.628,19.378745141360916,-1.3315621167099003,23.38902144063887,-4.939999999999998,23.012003235036342,16.243996764963658,1.4167857142857143,221123.55,3612156.3,16.52,18.46,21.56
2024-08-07,16.95,17.16,16.19,16.27,100912.0,19.448,19.08267417551702,-1.4123197928124789,22.870478375707506,-4.48,23.146196430978865,15.749803569021136,1.3774642857142858,203831.9,3511244.3,16.62,18.49,20.75
2024-08-08,16.6,16.9899,15.87,16.42,259417.0,19.2665,18.829086158801115,-1.4475308519585361,26.243781048829263,-4.84,23.189754690740912,15.343245309259089,1.3830642857142856,204216.1,3770661.3,16.27,17.34,21.26
2024-08-09,16.34,16.53,15.77,16.34,81513.0,19.1285,18.59203033415339,-1.465003552397114,16.52777774564045,-4.25,23.264795189506707,14.992204810493293,1.3596357142857143,200567.25,3689148.3,16.42,16.82,20.59
2024-08-12,16.43,17.43,16.1501,16.77,95433.0,18.971,18.41850363566259,-1.4276957986121275,16.874135513660065,-3.4400000000000013,23.2187828272368,14.723217172763201,1.3539142857142858,196336.45,3784581.3,16.34,16.52,20.21
2024-08-13,17.13,19.99,16.8,18.85,251026.0,18.833499999999997,18.459598527504248,-1.216270113612424,38.823529347820084,0.39000000000000057,22.89700263740654,14.769997362593454,1.4696285714285715,190237.85,4035607.3,16.77,16.62,18.46
2024-08-14,19.22,19.49,17.8,17.98,139346.0,18.6785,18.41392247726575,-1.1061642906802405,31.489841936697772,-0.509999999999998,22.615729990742143,14.741270009257857,1.5346285714285715,188953.7,3896261.3,18.85,16.27,18.49
2024-08-15,18.11,18.695,17.79,18.1,210901.0,18.5375,18.384025098478535,-0.9977205343646034,35.01805048252075,0.7600000000000016,22.336285817101285,14.738714182898718,1.5060571428571428,188669.9,4107162.3,17.98,16.42,17.34
2024-08-16,18.17,18.39,17.42,18.08,118101.0,18.4295,18.355070327194866,-0.9029828844363088,36.60377352044618,1.259999999999998,22.14642275099193,14.71257724900807,1.492842857142857,185838.7,3989061.3,18.1,16.34,16.82
2024-08-19,18.0,19.085,17.66,18.83,303389.0,18.313,18.40030172460488,-0.7586387669017327,52.66187039751563,2.3099999999999987,21.80907358708524,14.816926412914757,1.397842857142857,184442.75,4292450.3,18.08,16.77,16.52
2024-08-20,18.78,19.0,18.02,18.73,99047.0,18.1715,18.431701560356796,-0.6448803982656237,51.70940160627757,2.1099999999999994,21.326694714151532,15.01630528584847,1.3921285714285714,175610.5,4193403.3,18.83,18.85,16.62
2024-08-21,18.71,18.96,18.01,18.82,72695.0,18.075,18.468682364132338,-0.5412249197282826,62.4161072359353,2.5500000000000007,21.008404704075787,15.141595295924212,1.3449857142857142,171014.6,4266098.3,18.73,17.98,16.27
2024-08-22,18.79,19.05,18.14,18.16,50267.0,17.919999999999998,18.43928404373878,-0.5064951297392888,60.98360641741465,1.7399999999999984,20.443806648695414,15.396193351304584,1.2692714285714286,167900.15,4215831.3,18.82,18.1,16.42
2024-08-23,18.28,19.39,18.28,19.29,136538.0,17.854999999999997,18.520304611001755,-0.38337070594720046,69.98556984418497,2.9499999999999993,20.145442384297983,15.564557615702013,1.2442714285714283,164957.05,4352369.3,18.16,18.08,16.34
2024-08-26,19.48,20.09,18.98,19.99,182727.0,17.844,18.66027560043016,-0.2266963488021254,72.37715789996275,3.219999999999999,20.088472977642542,15.59952702235746,1.2407,164871.7,4535096.3,19.29,18.83,16.77
2024-08-27,19.86,20.35,19.57,20.25,109206.0,17.933500000000002,18.811677924198715,-0.08062160918110806,76.74731168353998,1.3999999999999986,20.411956862858787,15.455043137141217,1.2271285714285713,154784.3,4644302.3,19.99,18.73,18.85
2024-08-28,20.25,20.5699,19.82,19.95,110457.0,18.0065,18.920089550465505,0.01081155274336254,73.25428181481419,1.9699999999999989,20.635410320585965,15.377589679414033,1.2006999999999999,150071.0,4533845.3,20.25,18.82,17.98
2024-08-29,19.99,21.71,19.97,20.09,413913.0,18.144,19.031509593278315,0.09349210350339732,74.5098037852108,1.9899999999999984,20.91021268733591,15.377787312664086,1.2707,163121.7,4947758.3,19.95,18.16,18.1
2024-08-30,20.14,22.15,19.74,21.8,165780.0,18.392999999999997,19.295175346299427,0.29361513207725665,78.16349371844467,3.7200000000000024,21.529206894356587,15.256793105643407,1.3514214285714286,164377.35,5113538.3,20.09,19.29,18.08
2024-09-03,21.89,22.055,18.3301,19.18,248957.0,18.526,19.28420626569948,0.23805778834835678,51.74234416849071,0.3500000000000014,21.55141793546112,15.500582064538879,1.3896285714285714,164553.5,4864581.3,21.8,19.99,18.83
2024-09-04,18.98,20.21,18.36,19.41,409967.0,18.6655,19.29618662134715,0.21016462401613367,58.09739515137445,0.6799999999999997,21.575985399921677,15.755014600078328,1.401057142857143,177979.6,5274548.3,19.18,20.25,18.73
2024-09-05,19.53,20.29,18.88,19.15,215203.0,18.8095,19.282264085980756,0.1651752260515451,55.85284272219175,0.3299999999999983,21.497426024984474,16.121573975015526,1.4371285714285715,183694.15,5059345.3,19.41,19.95,18.82
2024-09-06,18.99,19.405,18.56,18.63,97473.0,18.919999999999998,19.22014369683973,0.08656330200311046,52.90390699676298,0.46999999999999886,21.365050855137763,16.474949144862233,1.4282000000000004,175596.95,4961872.3,19.15,20.09,18.16
2024-09-09,19.4,19.93,19.01,19.3,95807.0,19.068,19.227749059045472,0.07743358027831349,52.50266232853704,0.010000000000001563,21.192876219304985,16.943123780695018,1.3921285714285716,176311.65,5057679.3,18.63,21.8,19.29
2024-09-10,19.14,20.46,18.62,20.29,99275.0,19.244,19.328915815326855,0.1483725893920642,57.58754855970567,0.3000000000000007,21.13801717326719,17.34998282673281,1.453557142857143,176503.75,5156954.3,19.3,19.18,19.99
2024-09-11,20.15,20.8,19.37,20.655,126008.0,19.33425,19.45520954720049,0.23137753852802234,58.69256268861242,0.40500000000000114,21.31905882017162,17.349441179828382,1.4878428571428572,170252.85,5282962.3,20.29,19.41,20.25
2024-09-12,20.8,21.84,20.66,21.47,96223.0,19.50875,19.647094352229015,0.3587873700215205,65.4528477202297,1.5199999999999996,21.60289691838681,17.414603081613187,1.5071285714285716,168096.7,5379185.3,20.655,19.15,19.95
2024-09-13,21.49,22.98,20.78,22.75,115498.0,19.74125,19.942609175826252,0.5566294047073619,65.9300183312136,2.66,22.180874377903844,17.301625622096157,1.5849857142857144,163326.55,5494683.3,21.47,18.63,20.09
2024-09-16,22.67,23.64,22.22,22.94,400997.0,19.98425,20.228074968604705,0.7204471879518621,64.25120764255875,1.1400000000000006,22.681701575098174,17.286798424901825,1.6071285714285717,177471.35,5895680.3,22.75,19.3,21.8
2024-09-17,23.13,23.74,21.87,22.97,96757.0,20.19125,20.489210685880447,0.8429773920549053,63.4387350901045,3.789999999999999,23.139491001003762,17.24300899899624,1.6849857142857143,167139.75,5992437.3,22.94,20.29,19.18
2024-09-18,22.89,24.15,22.25,22.74,187250.0,20.39175,20.703571572939452,0.9110226814019597,63.88059692593747,3.3299999999999983,23.464361224486723,17.319138775513274,1.7671357142857143,171549.9,5805187.3,22.97,20.655,19.41
2024-09-19,23.14,24.01,22.64,23.91,230134.0,20.646250000000002,21.008945708849982,1.0472858262476663,67.23826706305633,4.760000000000002,24.00095584638791,17.291544153612094,1.7407071428571428,179421.85,6035321.3,22.74,21.47,19.15
2024-09-20,23.89,24.38,22.18,23.88,495362.0,20.93225,21.28237945086427,1.1397166568104709,61.063829696287904,5.25,24.36878815251395,17.49571184748605,1.7257071428571427,201676.6,5539959.3,23.91,22.75,18.63
2024-09-23,24.0,24.0,21.49,21.535,340784.0,21.0445,21.30643855078196,1.0120802231469348,62.90410949253067,2.2349999999999994,24.400902993180555,17.688097006819444,1.6389285714285715,211888.9,5199175.3,23.88,22.94,19.3
2024-09-24,21.81,22.54,20.055,21.79,295790.0,21.1345,21.352492022136058,0.9208883708655904,63.0054643844725,1.5,24.468302791502733,17.800697208497265,1.6842857142857142,217542.05,5494965.3,21.535,22.97,20.29
2024-09-25,21.66,23.32,17.37,18.23,691965.0,21.0335,21.05511182955167,0.5549587046201196,46.30522083146401,-2.4250000000000007,24.594765446291134,17.472234553708866,2.0085714285714285,246680.0,4803000.3,21.79,22.74,20.655
2024-09-26,18.78,18.98,18.01,18.84,207991.0,20.978,20.844148798165797,0.3105983255965086,50.83732051740651,-2.629999999999999,24.643436571973073,17.31256342802693,2.0174999999999996,251556.7,5010991.3,18.23,23.91,21.47
2024-09-27,19.07,19.07,18.365,18.83,116661.0,20.915,20.65232510310239,0.11481058333494687,48.02188546529406,-3.9200000000000017,24.68647883880829,17.143521161191707,2.002142857142857,236694.1,4894330.3,18.84,23.88,22.75
2024-09-30,18.72,19.35,18.56,18.81,121349.0,20.7655,20.47686556947359,-0.04148819573965312,43.2172318418844,-4.130000000000003,24.625280331900516,16.905719668099483,1.9271428571428573,234472.55,4772981.3,18.83,21.535,22.94
2024-10-01,18.36,18.8836,17.12,17.3,317261.0,20.6715,20.174306943809437,-0.28392754462799985,36.08461215220368,-5.669999999999998,24.77757265298347,16.565427347016534,1.9509714285714286,237887.75,4455720.3,18.81,21.79,22.97
2024-10-02,17.13,17.23,16.4,17.01,257130.0,20.551499999999997,19.87294437773235,-0.4937711650417853,30.659150006138077,-5.729999999999997,24.94315248840878,16.159847511591213,1.925971428571429,230245.9,4198590.3,17.3,18.23,22.74
2024-10-03,16.81,17.005,16.13,16.37,125476.0,20.4125,19.539330627472125,-0.7036056691801882,20.707070680450045,-7.539999999999999,25.153046826108355,15.671953173891648,1.8313285714285716,225759.55,4073114.3,17.01,18.84,23.91
2024-10-04,16.66,16.9,15.77,16.08,109402.0,20.285,19.209870567712876,-0.8831215266185488,18.789808893261366,-7.800000000000001,25.353246868078656,15.216753131921344,1.8106142857142857,226356.0,3963712.3,16.37,18.83,23.88
2024-10-07,16.08,16.13,15.36,15.85,164224.0,20.1125,18.889882894597363,-1.032051369036541,18.18588022747076,-5.6850000000000005,25.54374925049958,14.681250749500421,1.7320428571428574,229776.85,3799488.3,16.08,18.81,21.535
2024-10-08,15.7,16.3,15.56,15.88,143402.0,19.892,18.603227380826187,-1.1345798624518828,18.789808893261394,-5.909999999999998,25.64165207185339,14.14234792814661,1.6491857142857147,231983.2,3942890.3,15.85,17.3,21.79
2024-10-09,15.9,15.9,15.042,15.1,216244.0,19.614250000000002,18.26958667789036,-1.2642009913364554,8.443396215263434,-3.130000000000001,25.733521778999744,13.49497822100026,1.6126142857142862,236495.0,3726646.3,15.88,17.01,18.23
2024-10-10,15.0,15.055,14.42,14.72,150144.0,19.27675,17.931530803805565,-1.381662548252308,8.173515971285,-4.119999999999999,25.70199320653758,12.85150679346242,1.5008285714285718,239191.05,3576502.3,15.1,16.37,18.84
2024-10-11,14.69,15.47,14.6191,15.01,169208.0,18.88975,17.653289774871702,-1.434811488306682,13.32209104142673,-3.8199999999999985,25.366333305709023,12.413166694290975,1.382321428571429,241876.55,3745710.3,14.72,16.08,18.83
2024-10-14,15.17,19.6099,15.06,16.58,1846151.0,18.57175,17.551071701074395,-1.3348591024465684,24.485798203447473,-2.2300000000000004,24.83193435494467,12.311565645055332,1.529814285714286,314134.25,5591861.3,15.01,15.85,18.81
2024-10-15,16.62,18.85,16.6,18.28,547060.0,18.33725,17.620493443829215,-1.1057242234724391,50.29940111327047,0.9800000000000004,24.245188882732666,12.429311117267336,1.2655285714285718,336649.4,6138921.3,16.58,15.88,17.3
2024-10-16,18.3,18.65,17.77,18.18,181505.0,18.10925,17.673779782512145,-0.9215789567720165,45.790816244761295,1.1699999999999982,23.64180653763289,12.576693462367109,1.2591000000000003,336362.15,5957416.3,18.28,15.1,17.01
2024-10-17,18.53,20.32,18.53,19.83,666232.0,17.90525,17.87913408893956,-0.6351793437562705,55.274261521746865,3.4599999999999973,22.80151224250372,13.00898775749628,1.3366000000000002,358167.05,6623648.3,18.18,14.72,16.37
2024-10-18,20.2,21.86,19.715,20.04,645589.0,17.71325,18.084930842373886,-0.3868015347699405,56.35987582326388,3.960000000000001,21.86803959502722,13.558460404972779,1.4333857142857143,365678.4,7269237.3,19.83,15.01,16.08
2024-10-21,20.19,21.36,19.74,19.9,377751.0,17.6315,18.25779457167161,-0.1989636327460289,65.66265049165334,4.049999999999999,21.525848266533398,13.7371517334666,1.4231285714285715,367526.75,6891486.3,20.04,16.58,15.85
2024-10-22,19.87,20.17,18.781,20.08,353201.0,17.546,18.431337945798123,-0.03517081910657893,68.74236862486039,4.1999999999999975,21.117645058100212,13.974354941899787,1.4630571428571428,370397.3,7244687.3,19.9,18.28,15.88
2024-10-23,19.93,20.07,18.88,19.95,391642.0,17.631999999999998,18.575972427150685,0.08318732057242784,73.30729153303356,4.85,21.352710741384186,13.911289258615808,1.485557142857143,355381.15,6853045.3,20.08,18.18,15.1
2024-10-24,20.06,20.19,19.36,19.9,275668.0,17.685,18.70207029123157,0.17098144914637103,75.67204286835906,5.179999999999998,21.506983502677098,13.8630164973229,1.464128571428572,358765.0,6577377.3,19.95,19.83,14.72
2024-10-25,19.96,20.11,19.1,19.55,275975.0,17.721,18.78282550159047,0.20989728835263577,74.4708993329904,4.540000000000001,21.60150946194048,13.840490538059518,1.4812714285714288,366730.7,6301402.3,19.9,20.04,15.01
2024-10-28,19.78,22.12,19.78,22.02,468009.0,17.8815,19.09112783477233,0.43503195110842086,80.69999988702,5.440000000000001,22.19323319651087,13.569766803489127,1.5955571428571431,384063.7,6769411.3,19.55,19.9,16.58
2024-10-29,22.09,22.49,21.22,22.35,306360.0,18.134,19.40149661241306,0.6327866646504887,87.95811505430225,4.07,22.872680251537865,13.395319748462134,1.6249857142857145,383518.65,7075771.3,22.02,20.08,18.28
2024-10-30,22.3,23.04,21.76,21.76,184157.0,18.3715,19.626115982659435,0.7334459226723169,86.0655736470371,3.580000000000002,23.343379979073816,13.399620020926186,1.6710571428571428,379870.0,6891614.3,22.35,19.95,18.18
2024-10-31,21.57,22.05,20.92,21.18,244720.0,18.612000000000002,19.77410493669187,0.7576838493546383,80.69651730052226,1.3500000000000014,23.641239138854786,13.58276086114522,1.6909928571428572,385832.2,6646894.3,21.76,19.9,19.83
2024-11-01,21.44,22.145,20.93,21.27,205446.0,18.8715,19.916571133197404,0.7752185913494749,77.36289368925549,1.2300000000000004,23.88621634292503,13.85678365707497,1.4527857142857141,390634.4,6852340.3,21.18,19.55,20.04
2024-11-04,21.51,22.31,21.0,22.03,221336.0,19.180500000000002,20.11785007289289,0.8407490177966537,74.57404966657448,2.1300000000000026,24.172854048679632,14.188145951320372,1.385642857142857,393490.0,7073676.3,21.27,22.02,19.9
2024-11-05,21.98,22.58,21.8,22.4,150984.0,19.5065,20.335197684998327,0.9120250041262388,76.70886062355392,2.3200000000000003,24.44258528033465,14.570414719665347,1.3784999999999996,393869.1,7224660.3,22.03,22.35,20.08
2024-11-06,23.35,23.97,21.7501,23.7,309792.0,19.9365,20.65565504833182,1.061178269721136,75.62913893260821,3.75,24.753217707493754,15.119782292506244,1.4092071428571427,398546.5,7534452.3,22.4,21.76,19.95
2024-11-07,23.54,24.61,22.55,22.69,320106.0,20.335,20.849402186585934,1.0853732411169403,65.8682633626161,2.7900000000000027,24.624460768466164,16.045539231533837,1.403135714285714,407044.6,7214346.3,23.7,21.18,19.9
2024-11-08,22.0,24.7,22.0,24.53,270482.0,20.811,21.199935311672988,1.2387411162422666,73.03482576890673,4.98,24.707243264857485,16.914756735142515,1.4802785714285709,412108.3,7484828.3,22.69,21.27,19.55
2024-11-11,24.9,25.2703,23.7006,24.73,277312.0,21.2185,21.536131948656514,1.360738840442977,73.08838122907278,2.710000000000001,24.95296128010877,17.484038719891227,1.4931857142857135,333666.35,7762140.3,24.53,22.03,22.02
2024-11-12,24.65,24.8284,23.25,23.87,193891.0,21.497999999999998,21.758405096403514,1.3722101190571294,68.14814805980797,1.5199999999999996,25.142107572506628,17.853892427493367,1.5209285714285703,316007.9,7568249.3,24.73,22.4,22.35
2024-11-13,24.22,24.9,22.71,22.8,134862.0,21.729,21.85760461103175,1.2802037405466855,62.267343411866094,1.0399999999999991,25.059768206000754,18.398231793999244,1.6180714285714273,313675.75,7433387.3,23.87,23.7,21.76
2024-11-14,22.81,23.62,21.66,22.1,332735.0,21.8425,21.880689886171584,1.1376892988018064,60.47658168885192,0.9200000000000017,25.053349207231513,18.63165079276849,1.6859285714285703,297000.9,7100652.3,22.8,22.69,21.18
2024-11-15,22.1,22.29,19.77,20.43,288277.0,21.862000000000002,21.742528944631434,0.8798481914661487,43.00791551432623,-0.8399999999999999,25.031224377966165,18.69277562203384,1.698785714285713,279135.3,6812375.3,22.1,24.53,21.27
2024-11-18,20.33,20.515,19.12,20.02,201872.0,21.868000000000002,21.57847856895225,0.635102615160978,39.8253274622223,-2.0100000000000016,25.022002302839375,18.71399769716063,1.7077142857142846,270341.35,6610503.3,20.43,24.73,22.03
2024-11-19,19.74,21.553,19.24,20.69,223017.0,21.8985,21.49386156238537,0.489560039820109,45.3599305607078,-1.7099999999999973,24.990896617852492,18.806103382147505,1.7814999999999992,263832.15,6833520.3,20.02,23.87,22.4
2024-11-20,20.48,21.0,19.79,20.98,216681.0,21.95,21.444922365967717,0.3930858279168348,49.11032022352807,-2.719999999999999,24.938321126969964,18.961678873030035,1.787214285714285,255084.1,7050201.3,20.69,22.8,23.7
2024-11-21,21.0,22.13,20.625,21.84,158745.0,22.047,21.482548807304124,0.3816249971898884,52.373022420214625,-0.8500000000000014,24.87688636558177,19.217113634418233,1.8079285714285707,249237.95,7208946.3,20.98,22.1,22.69
2024-11-22,21.95,22.545,21.85,22.05,185525.0,22.172,21.536591778037064,0.38504884779191073,50.08725997371539,-2.4800000000000004,24.746846750677417,19.597153249322584,1.7639999999999993,244715.45,7394471.3,21.84,20.43,24.53
2024-11-25,22.37,23.6,22.0547,22.73,164356.0,22.207500000000003,21.650249703938297,0.437588345012216,51.4018690977378,-2.0,24.793078424545282,19.621921575454724,1.8186642857142854,229532.8,7558827.3,22.05,20.02,24.73
2024-11-26,22.73,23.185,22.2601,22.63,227341.0,22.2215,21.743559255944174,0.46578779901660994,44.93850514388466,-1.240000000000002,24.8133518070048,19.629648192995198,1.7261642857142852,225581.85,7331486.3,22.73,20.69,23.87
2024-11-27,22.66,23.85,22.66,23.24,185258.0,22.2955,21.88607742204473,0.5312342339314107,52.70403139254115,0.4399999999999977,24.916222881392272,19.67477711860773,1.6640214285714283,225636.9,7516744.3,22.63,20.98,22.8
2024-11-29,23.29,24.2672,22.7,22.81,66623.0,22.377000000000002,21.97407004851666,0.5421539851162294,40.182648337607624,0.7099999999999973,24.952651986953043,19.80134801304696,1.5831071428571426,216732.05,7450121.3,23.24,21.84,22.1
2024-12-02,23.44,24.31,22.3,23.97,360395.0,22.512,22.164158615324595,0.6370665652737344,46.09053491303831,3.539999999999999,25.126096200863476,19.897903799136525,1.6145571428571426,224479.5,7810516.3,22.81,22.05,20.43
2024-12-03,24.25,26.05,23.52,23.62,124840.0,22.5915,22.30281017576987,0.6762480276162925,48.64277951346374,3.6000000000000014,25.240354966127704,19.942645033872296,1.6825285714285714,219654.7,7685676.3,23.97,22.73,20.02
2024-12-04,22.67,24.01,22.33,23.09,173107.0,22.625999999999998,22.377780635220358,0.6569600220144913,51.67243359591533,2.3999999999999986,25.282316404742797,19.969683595257198,1.6461000000000003,220760.85,7512569.3,23.62,22.63,20.69
2024-12-05,22.63,23.05,20.73,21.53,247002.0,22.517500000000002,22.29703962234223,0.509917168372116,47.00944379243103,0.5500000000000007,25.166367682614677,19.868632317385327,1.671814285714286,217621.35,7265567.3,23.09,23.24,20.98
2024-12-06,23.04,23.89,22.425,22.48,189379.0,22.507,22.3144644202144,0.46468510733169666,61.634506144962195,0.6400000000000006,25.154653181294993,19.85934681870501,1.5964571428571432,211085.0,7454946.3,21.53,22.81,21.84
2024-12-09,23.08,23.22,21.44,22.4,148467.0,22.4005,22.322610665908265,0.41756955970936716,64.03301876220962,0.34999999999999787,24.87095254750503,19.93004745249497,1.623957142857143,204984.25,7306479.3,22.48,23.97,22.05
2024-12-10,22.47,22.47,21.73,22.31,83316.0,22.2795,22.321409650107476,0.36871755448152044,60.25316445018426,-0.4200000000000017,24.493270063655487,20.06572993634451,1.5115999999999998,195284.45,7223163.3,22.4,23.62,22.73
2024-12-11,22.32,23.37,21.51,22.47,126209.0,22.2095,22.335561112002,0.3390048147219993,59.58815948079353,-0.16000000000000014,24.296416385483703,20.122583614516294,1.558028571428571,191900.35,7349372.3,22.31,23.09,22.63
2024-12-12,22.11,22.54,20.21,20.47,155920.0,22.093,22.15788862514467,0.15231814038386204,42.31200891219212,-2.7699999999999996,24.297923676922395,19.888076323077605,1.6169571428571425,192953.25,7193452.3,22.47,21.53,23.24
2024-12-13,20.08,20.7,19.53,20.6,162922.0,22.018,22.009518279892795,0.014688203049029624,41.789354407129,-2.2099999999999973,24.3217507175086,19.7142492824914,1.6508857142857138,184462.6,7356374.3,20.47,22.48,22.81
2024-12-16,20.61,21.81,19.41,21.45,149977.0,22.069,21.95623082466491,-0.02550263905723682,42.88888882217283,-2.5199999999999996,24.267486560771992,19.870513439228006,1.7119357142857137,177547.6,7506351.3,20.6,22.4,23.97
2024-12-17,21.81,23.11,21.58,22.45,286185.0,22.1905,22.00325646041111,0.023071517572326172,49.090909021487604,-1.1700000000000017,24.16986167275698,20.21113832724302,1.7551571428571424,181763.25,7792536.3,21.45,22.31,23.62
2024-12-18,22.6,22.84,20.6,21.01,212131.0,22.2065,21.908660607038623,-0.05400652515451654,39.60857403965331,-2.0799999999999983,24.139420070773845,20.273579929226152,1.8301571428571424,181218.95,7580405.3,22.45,22.47,23.09
2024-12-19,21.03,21.71,20.115,21.53,175901.0,22.234,21.872597692082564,-0.07229836461113948,44.08502766939092,0.0,24.108206077530703,20.3597939224693,1.8321428571428569,179179.95,7756306.3,21.01,20.47,21.53
2024-12-20,21.12,22.1992,20.995,21.57,212530.0,22.2205,21.84377886426518,-0.08261478168272873,37.62886592507174,-0.9100000000000001,24.110478835860437,20.330521164139565,1.774585714285714,181869.2,7968836.3,21.53,20.6,22.48
2024-12-23,21.58,22.35,20.765,22.12,206668.0,22.224,21.870085639097066,-0.045881321762408334,42.42424236424854,-0.2799999999999976,24.112908345273134,20.335091654726867,1.707085714285714,182926.35,8175504.3,21.57,21.45,22.4
2024-12-24,22.19,22.63,21.44,21.71,190809.0,22.173,21.854839387754488,-0.0492852341124248,42.94478521459847,-0.5999999999999979,24.05946257652569,20.286537423474307,1.6720857142857137,184249.0,7984695.3,22.12,22.45,22.31
2024-12-26,21.7,22.8453,21.7,22.5,117285.0,22.1665,21.916283255587395,0.011629481101767425,55.38290779407761,0.030000000000001137,24.047219627108152,20.285780372891846,1.588178571428571,178746.2,8101980.3,21.71,21.01,22.47
2024-12-27,22.56,22.985,21.825,22.25,176905.0,22.116999999999997,21.94806580267431,0.039279135687237954,48.61612506851675,1.7800000000000011,23.929635185521292,20.304364814478703,1.5663928571428567,178328.55,7925075.3,22.5,21.53,20.47
2024-12-30,22.12,22.12,20.9,20.95,314391.0,22.023999999999997,21.853011916705327,-0.0432093587051412,42.39244484853156,0.34999999999999787,23.87733156632513,20.170668433674866,1.526392857142857,190716.95,7610684.3,22.25,21.57,20.6
2024-12-31,20.98,21.7,19.92,21.38,286329.0,21.8945,21.80796316273339,-0.07304268783074974,45.288753735152724,-0.07000000000000028,23.52370032046732,20.26529967953268,1.6006785714285712,187013.65,7897013.3,20.95,22.12,21.45
2025-01-02,21.53,22.52,21.0,21.09,296164.0,21.768,21.739585718663545,-0.11871788657210658,43.099999939659995,-1.3599999999999994,23.215881937612114,20.320118062387888,1.576392857142857,195579.85,7600849.3,21.38,21.71,22.45
2025-01-03,21.49,22.25,18.8,19.27,445051.0,21.577,21.504387078790828,-0.298335573488238,43.89002030402645,-1.740000000000002,23.27656155336734,19.877438446632663,1.656392857142857,209177.05,7155798.3,21.09,22.5,21.01
2025-01-06,19.82,21.06,19.64,20.87,437212.0,21.544,21.44396926176313,-0.3080265182403785,51.195748386471166,-0.6600000000000001,23.272782961020837,19.815217038979164,1.67425,218687.55,7593010.3,19.27,22.25,21.53
2025-01-07,21.17,21.2687,16.935,17.71,684625.0,21.3055,21.088353141595213,-0.5641886371402229,36.24999996268383,-3.8599999999999994,23.684446914299,18.926553085701,1.8123714285714285,243449.85,6908385.3,20.87,20.95,21.57
2025-01-08,8.74,9.73,6.81,6.99,6639318.0,20.535,19.745652842395668,-1.613612648960146,16.85248712538872,-15.13,27.321120510199272,13.748879489800728,1.911657142857143,567992.4,269067.2999999998,17.71,21.38,22.12
2025-01-10,7.12,7.43,6.5713,7.05,2459749.0,19.772,18.536543047881796,-2.4126358758964344,18.185961702160284,-14.66,28.78422000806038,10.759779991939617,1.8129928571428573,686814.05,2728816.3,6.99,21.09,21.71
2025-01-13,6.88,6.99,6.3,6.69,1124727.0,18.983,17.408300852845436,-3.0398747474174854,15.932047739988576,-15.809999999999999,29.617646654858056,8.348353345141945,1.74835,736739.95,1604089.2999999998,7.05,19.27,22.5
2025-01-14,6.68,6.725,5.85,5.87,1306154.0,18.253,16.309415057336345,-3.5620718718579756,15.20390069978481,-16.38,30.360294191171626,6.145705808828376,1.7248357142857142,794251.65,297935.2999999998,6.69,20.87,22.25
2025-01-15,5.95,6.0271,5.69,5.82,838785.0,17.514,15.310423147113836,-3.9345958654012847,13.055303708849763,-15.129999999999999,30.76807488482808,4.259925115171917,1.6357,828044.8,-540849.7000000002,5.87,17.71,20.95
2025-01-16,5.8,5.82,5.34,5.34,746396.0,16.7085,14.360859037864898,-4.219911292075933,13.014008125522096,-16.04,30.881658137089495,2.5353418629105082,1.5849857142857144,857865.75,-1287245.7000000002,5.82,6.99,21.38
2025-01-17,5.35,5.889999,5.25,5.51,722122.0,15.861500000000001,13.517920081877765,-4.38179760879167,10.506741043835689,-15.58,30.60324777183559,1.1197522281644137,1.5488927857142856,879662.6,-565123.7000000002,5.34,7.05,21.09
2025-01-21,5.55,5.84,5.52,5.7,393916.0,15.096,12.773356264556073,-4.443539906973042,11.42191141445656,-13.57,30.29499636575764,-0.10299636575764026,1.4888927857142857,888751.85,-171207.7000000002,5.51,6.69,19.27
2025-01-22,5.7,6.1,5.56,6.01,545883.0,14.319999999999999,12.129227096503113,-4.416545526266448,13.489736061150708,-14.860000000000001,29.719320559174307,-1.0793205591743096,1.4403213571428568,907250.95,374675.2999999998,5.7,5.87,20.87
2025-01-23,5.93,6.25,5.84,5.87,530800.0,13.535,11.533110230169484,-4.35623317071266,11.551809610226798,-11.84,28.97879350725509,-1.9087935072550923,1.3424642142857142,923164.45,-156124.7000000002,6.01,5.82,17.71
2025-01-24,5.88,6.01,5.68,5.7,381840.0,12.714,10.977575922534296,-4.272897471396011,11.620947622808316,-1.29,27.980959715259807,-2.5529597152598082,1.2574642142857144,931923.05,-537964.7000000002,5.87,5.34,6.99
2025-01-27,5.62,6.0,5.5701,5.67,444664.0,11.912,10.472092501340553,-4.161305143197541,12.760131425047007,-1.38,26.871285938488874,-3.047285938488871,1.0417427857142858,944615.8,-982628.7000000002,5.7,5.51,7.05
2025-01-28,5.68,5.86,5.55,5.78,286878.0,11.076,10.02522654883193,-4.017678046823271,5.008944539646677,-0.9100000000000001,25.399141966393778,-3.2471419663937766,0.9624570714285715,953095.45,-695750.7000000002,5.67,5.7,6.69
2025-01-29,5.75,5.95,5.69,5.78,167425.0,10.252500000000001,9.620919258466984,-3.8593641901559828,6.171932396296313,-0.08999999999999986,23.740117518145528,-3.2351175181455254,0.6714785000000002,952621.45,-695750.7000000002,5.78,6.01,5.87
2025-01-30,5.86,7.01,5.82,6.7,1105298.0,9.540000000000001,9.342736471946319,-3.6179574455858265,46.19422555204221,0.8799999999999999,22.123454466710875,-3.043454466710875,0.5479070714285715,992166.8,409547.2999999998,5.78,5.87,5.82
2025-01-31,6.75,6.77,6.01,6.06,752062.0,8.774,9.030094903189527,-3.4386449540213295,38.72437345281521,0.7199999999999998,20.12783524351302,-2.5798352435130187,0.5408570714285715,1015453.45,-342514.7000000002,6.7,5.7,5.34
2025-02-03,5.87,6.28,5.81,6.21,322584.0,8.03,8.761514436219096,-3.2470053101571645,44.25837305750784,0.7000000000000002,17.829462928355127,-1.7694629283551304,0.5251427857142857,1016774.45,-19930.700000000186,6.06,5.67,5.51
2025-02-04,6.25,6.48,6.04,6.32,412686.0,7.3825,8.528989251817277,-3.0510824517432775,56.484149628017846,0.6200000000000001,15.645816206998125,-0.8808162069981247,0.49407135714285727,1015156.2,392755.2999999998,6.21,5.78,5.7
2025-02-05,6.38,6.85,6.08,6.84,538688.0,6.681,8.368133132596585,-2.821329984874928,62.944162212888756,0.8300000000000001,11.970134443166508,1.3918655568334923,0.5249927857142859,1020230.0,931443.2999999998,6.32,5.78,6.01
2025-02-06,6.86,7.06,6.43,6.53,346104.0,6.122,8.193072834254053,-2.6339019269595525,65.78249312441514,0.6600000000000001,7.149548948761385,5.0944510512386145,0.5357070714285715,1003303.95,585339.2999999998,6.84,6.7,5.87
2025-02-07,6.5,6.6368,6.09,6.14,299656.0,6.0795,7.99754208813462,-2.4881517171744623,57.89473663896583,0.4399999999999995,7.022741332068134,5.136258667931867,0.52905,686320.85,285683.2999999998,6.53,6.06,5.7
2025-02-10,6.27,6.27,5.775,5.98,389193.0,6.026,7.80539522259799,-2.358368484810933,53.53535334608714,0.3100000000000005,6.851498892214862,5.200501107785137,0.54155,582793.05,-103509.70000000019,6.14,6.21,5.67
2025-02-11,5.96,5.96,5.29,5.38,528940.0,5.960500000000001,7.574405201398181,-2.277673718887244,42.588235153826986,-0.40000000000000036,6.7719308350040155,5.149069164995986,0.5508357142857142,553003.7,-632449.7000000002,5.98,6.32,5.78
2025-02-12,5.33,5.56,4.55,5.49,405823.0,5.9415,7.37589042031264,-2.179719999501023,45.49763018081355,-0.29000000000000004,6.7792231046087394,5.10377689539126,0.593692857142857,507987.15,-226626.7000000002,5.38,6.84,5.78
2025-02-13,5.72,6.28,5.6973,6.2,553376.0,5.960500000000001,7.263900856473341,-2.021497341867935,55.25210067782996,-0.5,6.803838603406315,5.117161396593686,0.611742857142857,493716.7,326749.2999999998,5.49,6.53,6.7
2025-02-14,6.24,6.28,6.035,6.08,484899.0,5.9975000000000005,7.15114839395207,-1.8840693640429462,54.22680396718036,0.020000000000000462,6.78958917626314,5.205410823736861,0.5985357142857143,480641.85,-158149.7000000002,6.2,6.14,6.06
2025-02-18,6.21,6.2499,5.96,5.99,415160.0,6.0215,7.040562832623301,-1.7621064826809985,52.17391289224953,-0.21999999999999975,6.779760474615255,5.263239525384744,0.5971,465293.75,-573309.7000000002,6.08,5.98,6.21
2025-02-19,5.97,6.55,5.96,6.25,531100.0,6.0489999999999995,6.965271134278225,-1.6257297923526242,54.61689572403997,-0.07000000000000028,6.798003548579587,5.299996451420412,0.6206714285714285,472152.95,-42209.700000000186,5.99,5.38,6.32
2025-02-20,6.28,6.3818,6.09,6.16,186987.0,6.056500000000001,6.888578645299347,-1.5075346099887676,43.661971687495864,-0.6799999999999997,6.8068620178887524,5.306137982111249,0.5565142857142857,454208.15,-229196.7000000002,6.25,5.49,6.84
2025-02-21,6.19,6.2775,5.86,5.96,499198.0,6.061,6.800142583842266,-1.4137060812422844,48.691099297990746,-0.5700000000000003,6.807723368771212,5.314276631228788,0.53205,452628.05,-728394.7000000002,6.16,6.2,6.53
2025-02-24,5.98,5.98,5.62,5.72,361651.0,6.061999999999999,6.697271861571574,-1.3432283897031034,43.73401518867615,-0.41999999999999993,6.80673873906829,5.3172612609317085,0.5241928571428571,451618.6,-1090045.7000000002,5.96,6.08,6.14
2025-02-25,5.67,5.73,5.41,5.56,359611.0,6.0565,6.588960255707614,-1.2854669118339093,40.40404026119783,-0.4200000000000008,6.8149270425971835,5.298072957402816,0.5156214285714286,447365.95,-1449656.7000000002,5.72,5.99,5.98
2025-02-26,5.6,5.85,5.5,5.8,288086.0,6.057499999999999,6.513821183735461,-1.206417697983869,35.869565080931,0.41999999999999993,6.814443298992783,5.300556701007215,0.48562142857142854,447426.35,-1161570.7000000002,5.56,6.25,5.38
2025-02-27,5.74,6.03,5.5835,5.67,292281.0,6.0520000000000005,6.433457261474941,-1.1411065737653603,37.714285563428575,0.17999999999999972,6.818965311776893,5.285034688223108,0.4725142857142857,453669.15,-1453851.7000000002,5.8,6.16,5.49
2025-02-28,5.69,6.01,5.565,5.93,329490.0,6.0135000000000005,6.38550895085828,-1.0561920852891458,46.88427280226118,-0.27000000000000046,6.718288882160029,5.308711117839972,0.46524285714285707,414878.75,-1124361.7000000002,5.67,5.96,6.2
2025-03-03,6.0,6.62,5.53,5.58,481735.0,5.9895000000000005,6.308793812681301,-1.0055474907816926,44.382022297374064,-0.5,6.719848871211241,5.25915112878876,0.5077428571428572,401362.4,-1606096.7000000002,5.93,5.72,6.08
2025-03-04,5.47,5.6,4.9342,5.53,619643.0,5.9555,6.234622973378319,-0.9583980507455783,52.49169410801207,-0.45999999999999996,6.705671208525477,5.205328791474523,0.5074428571428571,416215.35,-2225739.7,5.58,5.56,5.99
2025-03-05,5.65,5.84,5.4402,5.68,382913.0,5.9235,6.181801737818479,-0.8985698791988153,53.11475385455523,-0.5700000000000003,6.662725056532737,5.184274943467263,0.46385714285714286,414726.7,-1842826.7000000002,5.53,5.8,6.25
2025-03-06,5.55,5.7,5.27,5.44,314694.0,5.8534999999999995,6.111153953264338,-0.8606011421841275,35.27131763806261,-0.7199999999999998,6.484531736624126,5.222468263375873,0.45295,403527.0,-2157520.7,5.68,5.67,6.16
2025-03-07,5.43,5.58,5.34,5.37,197478.0,5.7955,6.040567862477259,-0.8266301813642549,35.968379247605796,-0.5899999999999999,6.375934501491408,5.215065498508591,0.4525928571428572,396095.7,-2354998.7,5.44,5.93,5.96
2025-03-10,5.28,5.3993,5.04,5.28,247150.0,5.7524999999999995,5.968132827955615,-0.7977739564328523,35.968379247605796,-0.4399999999999995,6.352565785863243,5.152434214136756,0.45755,393470.4,-2602148.7,5.37,5.58,5.72
2025-03-11,5.25,5.42,5.02,5.35,251034.0,5.721,5.909263034816985,-0.7604903163135726,30.76923058514133,-0.20999999999999996,6.336720373986934,5.105279626013066,0.4439785714285715,386562.45,-2351114.7,5.28,5.53,5.56
2025-03-12,5.47,5.6355,5.3,5.39,232445.0,5.7215,5.859809412453463,-0.719422047658143,33.1877727228695,-0.41000000000000014,6.336069596928555,5.106930403071445,0.4471000000000001,371737.7,-2118669.7,5.35,5.68,5.8
2025-03-13,5.41,5.63,5.255,5.38,241895.0,5.716,5.814113277934085,-0.6798452326414024,36.19047594920634,-0.29000000000000004,6.341170292586014,5.090829707413986,0.44406428571428586,363541.3,-2360564.7,5.39,5.44,5.67
2025-03-14,5.44,5.64,5.43,5.49,153223.0,5.6805,5.783245346702268,-0.6323153036950515,44.16243623437863,-0.4399999999999995,6.269539360668099,5.091460639331902,0.43335000000000007,343533.65,-2207341.7,5.38,5.37,5.93
2025-03-17,5.52,5.71,5.4,5.65,201665.0,5.659000000000001,5.770555313683004,-0.5751073502049469,52.28426358782759,0.07000000000000028,6.217226515046077,5.100773484953924,0.43263571428571435,329371.95,-2005676.7000000002,5.49,5.28,5.58
2025-03-18,5.56,5.62,5.12,5.22,240317.0,5.620500000000001,5.718121474284622,-0.5580343684083697,36.57407383701988,-0.3100000000000005,6.188728086150228,5.052271913849774,0.4433500000000001,320629.8,-2245993.7,5.65,5.35,5.53
2025-03-19,5.23,5.4281,5.1468,5.19,222714.0,5.567500000000001,5.66782419101942,-0.5406918969904435,38.34951430247903,-0.4899999999999993,6.083879093705632,5.051120906294369,0.43155000000000004,305210.5,-2468707.7,5.22,5.39,5.68
2025-03-20,5.28,5.53,5.11,5.31,192350.0,5.525,5.633745696636618,-0.5113701100163937,33.85416641981334,-0.13000000000000078,5.971200332627946,5.078799667372055,0.42976428571428577,305478.65,-2276357.7,5.19,5.38,5.44
2025-03-21,5.23,5.37,5.16,5.21,177196.0,5.4875,5.593388963623607,-0.4905468283698715,38.922155362329214,-0.16000000000000014,5.90490425942322,5.07009574057678,0.36690714285714293,289378.55,-2453553.7,5.31,5.49,5.37
2025-03-24,5.3,5.33,5.1163,5.24,134208.0,5.4635,5.5597328718499295,-0.46624885182778364,41.212120862442596,-0.040000000000000036,5.879813394092034,5.0471866059079655,0.3346142857142858,278006.4,-2319345.7,5.21,5.65,5.28
2025-03-25,5.24,5.27,4.955,4.99,197250.0,5.4350000000000005,5.505472598340412,-0.461841618333807,30.28571404342857,-0.35999999999999943,5.898828461934389,4.971171538065612,0.32855714285714294,269888.35,-2516595.7,5.24,5.22,5.35
2025-03-26,5.0,5.085,4.6517,4.68,231645.0,5.379,5.42685616040323,-0.4778548500028137,29.120878896872327,-0.71,5.921116709123533,4.836883290876466,0.32879285714285716,267066.3,-2748240.7,4.99,5.19,5.39
2025-03-27,4.7,4.95,4.62,4.84,227651.0,5.3375,5.370965097507685,-0.472191657150864,36.1256541854664,-0.54,5.9119333592381755,4.763066640761825,0.3352214285714286,263834.8,-2520589.7,4.68,5.31,5.38
2025-03-28,4.84,4.89,4.38,4.46,205489.0,5.264,5.284206516792667,-0.49268697150160534,31.36363616404958,-1.0300000000000002,5.8928301586407565,4.635169841359244,0.3459857142857143,257634.75,-2726078.7,4.84,5.21,5.49
2025-03-31,4.32,4.385,4.16,4.3,206507.0,5.2,5.190472562812412,-0.5158934203917696,27.074235642340923,-1.3500000000000005,5.94350521181434,4.45649478818566,0.3334857142857142,243873.35,-2932585.7,4.46,5.24,5.65
2025-04-01,4.3,4.3639,4.11,4.14,153894.0,5.1305,5.090427556830278,-0.5409595165833023,24.06638990168902,-1.08,5.994261053700503,4.266738946299496,0.32765714285714276,220585.9,-3086479.7,4.3,4.99,5.22
2025-04-02,4.08,4.38,4.05,4.23,214232.0,5.058,5.008482075227394,-0.5472539279403916,26.90763037080049,-0.96,5.969646284127494,4.146353715872506,0.32444285714285703,212151.85,-2872247.7,4.14,4.68,5.19
2025-04-03,4.01,4.198,3.965,4.01,232365.0,4.9865,4.9133885442533565,-0.5634987923604431,21.538461422485213,-1.2999999999999998,5.991524744390471,3.98147525560953,0.3260857142857142,208035.4,-3104612.7,4.23,4.84,5.31
2025-04-04,3.95,3.95,3.65,3.81,226646.0,4.9085,4.808303920991132,-0.5857590275344382,15.151515071166202,-1.4,6.024248981388147,3.7927510186118534,0.32537142857142853,209493.8,-3331258.7,4.01,4.46,5.21
2025-04-07,3.63,3.76,3.375,3.57,310488.0,4.8229999999999995,4.690370214230072,-0.6156693653199392,16.32653051895045,-1.6700000000000004,6.072894311319425,3.573105688680574,0.3171571428571428,212660.7,-3641746.7,3.81,4.3,5.24
2025-04-08,3.79,3.9028,3.42,3.47,142383.0,4.729,4.574144479541493,-0.6400644235243069,15.873015784832461,-1.52,6.089865049961045,3.3681349500389555,0.33155,207228.15,-3784129.7,3.57,4.14,4.99
2025-04-09,3.42,3.79,3.1301,3.62,238652.0,4.6405,4.483273576728018,-0.6399173674334344,16.862745005459473,-1.0599999999999996,6.049724870926223,3.231275129073777,0.34868571428571427,207538.5,-3545477.7,3.47,4.23,4.68
2025-04-10,3.56,3.75,3.45,3.71,145889.0,4.557,4.409628474182492,-0.6253301597561594,20.472440832041684,-1.13,5.979571430079739,3.134428569920262,0.35511428571428566,202738.2,-3399588.7,3.62,4.01,4.84
2025-04-11,3.72,4.17,3.72,4.16,181955.0,4.4905,4.38585433378416,-0.5708777302681964,31.756756606555882,-0.2999999999999998,5.85248732508019,3.1285126749198096,0.37199285714285707,204174.8,-3217633.7,3.71,3.81,4.46
2025-04-14,4.22,4.4,4.055,4.2,147517.0,4.418,4.368153921042811,-0.5185189581022049,35.636363454942156,-0.09999999999999964,5.670040019536587,3.1659599804634135,0.3741357142857143,201467.4,-3070116.7,4.16,3.57,4.3
2025-04-15,4.2,4.34,4.1415,4.23,87144.0,4.368499999999999,4.354996404753019,-0.4691949177088821,40.89068802734024,0.09000000000000075,5.564040397519092,3.1729596024809066,0.3573642857142857,193808.75,-2982972.7,4.2,3.47,4.14
2025-04-16,4.15,4.3,3.87,3.92,119488.0,4.305,4.313568175728922,-0.4499331206177155,32.442747918244876,-0.3100000000000005,5.450692160360111,3.1593078396398884,0.3645071428571428,188647.45,-3102460.7,4.23,3.62,4.23
2025-04-17,3.92,4.1234,3.895,3.97,85842.0,4.2379999999999995,4.280847397088072,-0.4257259220919556,39.30130980339813,-0.03999999999999959,5.289046596190307,3.186953403809692,0.34439285714285717,183322.05,-3016618.7,3.92,3.71,4.01
2025-04-21,3.94,4.47,3.94,4.44,191309.0,4.1995000000000005,4.296004787841589,-0.3644157133086168,52.69230740857989,0.6300000000000003,5.152467111596342,3.246532888403659,0.3661785714285714,184027.7,-2825309.7,3.97,4.16,3.81
2025-04-22,4.55,4.6,4.185,4.37,200111.0,4.156000000000001,4.303051950904295,-0.31781180940932163,54.5816730023333,0.8000000000000003,4.979635075040454,3.332364924959547,0.37768571428571435,187322.85,-3025420.7,4.44,4.2,3.57
2025-04-23,4.51,4.9,4.5,4.56,290161.0,4.1345,4.327523193675314,-0.2625202971302807,56.32183877835027,1.0899999999999994,4.885736874827138,3.3832631251728618,0.3826857142857144,191968.4,-2735259.7,4.37,4.23,3.47
2025-04-24,4.56,4.99,4.5,4.89,139695.0,4.1450000000000005,4.381092413325284,-0.18988426560533167,66.1764702476211,1.2699999999999996,4.933295963652343,3.3567040363476583,0.4010428571428572,187370.9,-2595564.7,4.56,3.92,3.62
2025-04-25,4.85,4.89,4.615,4.73,104433.0,4.1395,4.414321707294304,-0.14357530340652058,67.16417875361996,1.0200000000000005,4.9086820672807985,3.3703179327192014,0.3992571428571428,181210.0,-2699997.7,4.89,3.97,3.71
2025-04-28,4.75,4.9,4.6,4.8,86394.0,4.1565,4.451052973266275,-0.10007312158800463,74.50199161632355,0.6399999999999997,4.969299580394531,3.3437004196054696,0.3931857142857143,175255.25,-2613603.7,4.73,4.44,4.16
2025-04-29,4.79,5.2,4.78,5.15,164662.0,4.199,4.517619356764725,-0.03692955325055802,80.43478220069314,0.9500000000000002,5.124473420810332,3.2735265791896673,0.38870000000000005,173163.0,-2448941.7,4.8,4.37,4.2
2025-04-30,5.05,5.67,5.0,5.49,195930.0,4.2665,4.610227037072846,0.04008526015627911,81.6949148665326,1.2599999999999998,5.35620831442232,3.17679168557768,0.3894214285714286,175264.8,-2253011.7,5.15,4.56,4.23
2025-05-01,5.46,5.608,5.22,5.38,139798.0,4.324,4.683538747827813,0.09119276057296055,78.11447774626171,1.46,5.521618689863606,3.1263813101363933,0.3957071428571429,171543.1,-2392809.7,5.49,4.89,3.92
2025-05-02,5.4,5.5724,5.23,5.41,125888.0,4.394,4.752725533748974,0.13258817815784862,74.50980351249518,1.44,5.675091639762174,3.1129083602378262,0.3880214285714287,166219.25,-2266921.7,5.38,4.73,3.97
2025-05-05,5.36,5.445,5.2018,5.23,114228.0,4.465,4.7981802448205,0.14915053463423877,69.14498105277706,0.79,5.767038886958744,3.1629611130412556,0.38075000000000003,160598.35,-2381149.7,5.41,4.8,4.44
2025-05-06,5.15,5.1559,4.56,4.74,211880.0,4.5235,4.79263926912331,0.12133869957005228,58.09523783703704,0.3700000000000001,5.759695777373021,3.2873042226269797,0.40913571428571427,155667.95,-2593029.7,5.23,5.15,4.37
2025-05-07,4.77,4.9,4.27,4.32,274009.0,4.566000000000001,4.74762600539728,0.06466174959588766,56.13496908408296,-0.23999999999999932,5.704260908022296,3.4277390919777053,0.42342142857142867,162249.25,-2867038.7,4.74,5.49,4.56
2025-05-08,4.37,4.76,4.3,4.43,168528.0,4.6065000000000005,4.717375909645158,0.028294774549509683,56.92771060331688,-0.45999999999999996,5.657319730143124,3.555680269856877,0.4399642857142858,158743.05,-2698510.7,4.32,5.38,4.89
2025-05-09,4.5,4.76,4.33,4.52,129297.0,4.647,4.698578203964667,0.006659169888677319,51.360543973113046,-0.21000000000000085,5.611203516404888,3.682796483595112,0.4328214285714287,157913.45,-2569213.7,4.43,5.41,4.73
2025-05-12,4.73,4.9884,4.5605,4.74,158701.0,4.676,4.702523136920413,0.0071821671499776585,55.987054762518206,-0.05999999999999961,5.613036762742941,3.7389632372570594,0.43374285714285715,156750.75,-2410512.7,4.52,5.23,4.8
2025-05-13,4.94,4.98,4.55,4.82,192795.0,4.707,4.7137114095946595,0.013891841162107177,54.36241585198866,-0.33000000000000007,5.618403775557353,3.795596224442646,0.4358857142857144,159014.65,-2217717.7,4.74,4.74,5.15
2025-05-14,4.85,4.995,4.6,4.85,151092.0,4.738,4.726691275347549,0.021383559078595127,49.25373108598797,-0.6400000000000006,5.622881199278779,3.8531188007212216,0.42910000000000004,162212.05,-2066625.7000000002,4.82,4.32,5.49
2025-05-15,4.85,4.8873,4.675,4.87,89591.0,4.785500000000001,4.740339725314449,0.028604892955289785,52.75590522103044,-0.5099999999999998,5.583193385228349,3.987806614771652,0.42462142857142876,160717.2,-1977034.7000000002,4.85,4.43,5.38
2025-05-16,4.93,5.09,4.86,4.93,215341.0,4.8335,4.758402608617835,0.03872297627229759,52.56916966957771,-0.4800000000000004,5.5342146727638495,4.13278532723615,0.41962142857142865,167192.15,-1761693.7000000002,4.87,4.52,5.41
2025-05-19,4.93,5.1999,4.92,5.02,169488.0,4.8625,4.783316645892326,0.05338844922696495,47.13656358594188,-0.21000000000000085,5.542341312749742,4.182658687250258,0.4096142857142859,166101.1,-1592205.7000000002,4.93,4.74,5.23
2025-05-20,5.0,5.1088,4.955,5.04,94200.0,4.896,4.807762679616867,0.06586551835980181,38.46153818540433,0.2999999999999998,5.53867205355145,4.253327946448549,0.3727428571428572,160805.55,-1498005.7000000002,5.02,4.82,4.74
2025-05-21,5.03,5.09,4.5701,4.82,191562.0,4.909000000000001,4.808928138700975,0.05734053812644202,36.40776674285985,0.5,5.533310988627708,4.2846890113722935,0.3821642857142858,155875.6,-1689567.7000000002,5.04,4.85,4.32
2025-05-22,4.81,4.96,4.715,4.87,142022.0,4.9079999999999995,4.8147445064437395,0.0539965731216574,37.01923052006286,0.4400000000000004,5.532503170945756,4.283496829054243,0.375207142857143,155991.95,-1547545.7000000002,4.82,4.87,4.43
2025-05-23,4.81,4.9,4.7155,4.77,90973.0,4.909999999999999,4.810483124877669,0.04278410397976984,38.49999973049998,0.25,5.532355457744577,4.287644542255421,0.37101428571428585,155318.95,-1638518.7000000002,4.87,4.93,4.52
2025-05-27,4.91,4.95,4.71,4.77,132608.0,4.9085,4.806627589175034,0.0335118377976098,50.993377010657404,0.02999999999999936,5.532115097210349,4.284884902789651,0.3455928571428573,157629.65,-1638518.7000000002,4.77,5.02,4.74
2025-05-28,4.76,5.39,4.71,5.11,395148.0,4.9065,4.8355201997297925,0.0529878476230099,77.62237686243826,0.29000000000000004,5.527103271863451,4.285896728136549,0.34916428571428576,169153.95,-1243370.7000000002,4.77,5.04,4.82
2025-05-29,5.19,5.9,5.16,5.68,587236.0,4.9159999999999995,4.915946847374574,0.11311306503467122,83.06878245345874,0.8300000000000001,5.5786072902161745,4.253392709783824,0.3691642857142857,188719.25,-656134.7000000002,5.11,4.82,4.85
2025-05-30,5.62,5.8,5.23,5.5,175039.0,4.922,4.971570957148424,0.1445717047157773,74.74747421895725,0.6299999999999999,5.604182256859514,4.2398177431404855,0.3791642857142858,190481.3,-831173.7000000002,5.68,4.87,4.87
2025-06-02,5.56,5.62,5.25,5.45,177789.0,4.924,5.017135627896193,0.16358264230392727,69.6132591300632,0.5200000000000005,5.612412361119672,4.235587638880329,0.3750285714285715,193076.35,-1008962.7000000002,5.5,4.77,4.93
2025-06-03,5.47,6.2,5.46,5.9,501659.0,4.9575000000000005,5.101217949048937,0.21251049776696362,74.77064172165643,0.8800000000000008,5.763735566983178,4.151264433016823,0.39717142857142856,212447.9,-507303.7000000002,5.45,4.77,5.02
2025-06-04,5.96,6.1486,5.7601,6.0,229467.0,5.0205,5.186816239615705,0.2563997235825397,75.5555550854321,0.96,5.9436177150204035,4.097382284979597,0.39670714285714287,213327.25,-277836.7000000002,5.9,5.11,5.04
2025-06-05,6.0,6.03,5.56,5.7,214372.0,5.0895,5.235690883461829,0.26393231106103965,66.40316168788765,0.8799999999999999,5.998344842293477,4.180655157706523,0.4151142857142857,210345.4,-492208.7000000002,6.0,5.68,4.82
2025-06-06,5.84,6.02,5.67,6.01,316845.0,5.1685,5.309434608846416,0.29155548004207343,69.4244600820351,1.1399999999999997,6.1100614131494,4.2269385868506,0.4236857142857144,217761.25,-175363.7000000002,5.7,5.5,4.87
2025-06-09,6.05,6.0992,5.86,5.94,223571.0,5.2395,5.369488455622948,0.30429094884439856,66.66666632850244,1.1700000000000008,6.189280584077085,4.289719415922915,0.42077857142857134,222474.95,-398934.7000000002,6.01,5.45,4.77
2025-06-10,5.94,6.125,5.65,5.77,249838.0,5.291,5.407632412230286,0.29723992356024365,62.54295502556653,1.0,6.238437541335537,4.343562458664464,0.44372142857142854,227031.8,-648772.7000000002,5.94,5.9,4.77
2025-06-11,5.85,5.935,5.55,5.6,224524.0,5.33,5.42595313487502,0.2747670128839381,63.63636332485695,0.4899999999999993,6.259855676404926,4.400144323595074,0.43408571428571424,228618.25,-873296.7000000002,5.77,6.0,5.11
2025-06-12,5.56,5.63,5.4,5.57,159889.0,5.366,5.439671883934542,0.25163562118160243,62.32394335474113,-0.10999999999999943,6.273080916715144,4.458919083284855,0.43301428571428563,229058.1,-1033185.7000000002,5.6,5.7,5.68
2025-06-13,5.5,5.65,5.43,5.58,151057.0,5.4015,5.453036466416966,0.23144281433582226,64.72727239775209,0.08000000000000007,6.282032733481246,4.520967266518755,0.43555,232131.4,-882128.7000000002,5.57,6.01,5.5
2025-06-16,6.0,6.0015,5.46,5.63,289787.0,5.4365000000000006,5.469890136282017,0.21697331821065813,65.35714253035715,0.17999999999999972,6.293453600657195,4.5795463993428065,0.4570857142857142,235853.7,-592341.7000000002,5.58,5.94,5.45
2025-06-17,5.61,5.8,5.41,5.41,156395.0,5.456,5.464186313778968,0.18561433044067943,55.597014634940976,-0.4900000000000002,6.290503319028037,4.621496680971964,0.4363714285714285,235199.05,-748736.7000000002,5.63,5.77,5.9
2025-06-18,5.41,5.51,5.23,5.26,172164.0,5.4670000000000005,5.444739998180971,0.14696424793781038,40.70796434959667,-0.7400000000000002,6.284031855331667,4.649968144668334,0.4035142857142856,239097.25,-920900.7000000002,5.41,5.6,6.0
2025-06-20,5.3,5.4755,5.0118,5.15,185749.0,5.483499999999999,5.416669522163736,0.1062331092482367,42.009132151539795,-0.5499999999999998,6.257723549924883,4.709276450075116,0.3959214285714284,238806.6,-1106649.7000000002,5.26,5.57,5.7
2025-06-23,5.13,5.59,4.76,5.13,571606.0,5.4965,5.389367662910047,0.07151517313249389,42.59259231652948,-0.8799999999999999,6.235269246784904,4.757730753215096,0.42877857142857134,260285.8,-1678255.7000000002,5.15,5.58,6.01
2025-06-24,5.15,5.716,5.06,5.57,505750.0,5.536499999999999,5.4065707426328995,0.07859923830525961,42.32558111974039,-0.3700000000000001,6.191529931011904,4.8814700689880945,0.42277857142857134,281024.65,-1172505.7000000002,5.13,5.63,5.94
2025-06-25,5.58,5.59,5.12,5.565,223622.0,5.57625,5.4216592433345285,0.08285485360238098,39.4160581256327,-0.20499999999999918,6.122961460505252,5.029538539494748,0.4285999999999999,285575.35,-1396127.7000000002,5.57,5.41,5.77
2025-06-26,5.6,5.78,5.4728,5.69,163040.0,5.60525,5.447215505874097,0.09521632024710591,49.7340421828316,0.09000000000000075,6.107554950356908,5.1029450496430915,0.41697142857142844,273969.95,-1233087.7000000002,5.565,5.26,5.6
2025-06-27,5.67,5.86,5.35,5.49,1983455.0,5.595750000000001,5.451290219600374,0.0878617277864544,35.3107341839829,-0.08000000000000007,6.099287747495712,5.092212252504289,0.4283999999999999,343780.9,-3216542.7,5.69,5.15,5.57
2025-06-30,5.55,5.91,5.44,5.55,491716.0,5.59825,5.460691151067005,0.08588463423139725,38.92045423586001,-0.03000000000000025,6.1002803513527555,5.096219648647245,0.44488571428571433,359614.75,-2724826.7,5.49,5.13,5.58
2025-07-01,5.55,6.1,5.4972,5.74,412738.0,5.61275,5.487291993822528,0.09851358219559625,49.15730298415606,0.11000000000000032,6.113501803208153,5.1119981967918475,0.45401428571428565,371362.2,-2312088.7,5.55,5.57,5.63
2025-07-02,5.79,6.875,5.7708,6.82,688266.0,5.6587499999999995,5.61421656583943,0.19343924134480428,72.67657954740815,1.4100000000000001,6.387655993502314,4.929844006497685,0.5053857142857143,380692.55,-1623822.7000000002,5.74,5.565,5.41
2025-07-03,7.06,7.19,6.605,6.77,336840.0,5.6972499999999995,5.724291178616627,0.26161815673127986,72.14022102953389,1.5099999999999998,6.569328430801306,4.825171569198693,0.5307428571428571,386061.2,-1960662.7000000002,6.82,5.69,5.26
2025-07-07,2.3,3.7499,2.265,3.04,13150837.0,5.5642499999999995,5.468644399700758,0.014503424834858336,30.24883352667439,-2.1100000000000003,7.038210918569022,4.090289081430977,0.621092857142857,1032884.45,-15111499.7,6.77,5.49,5.15
2025-07-08,3.11,3.23,2.8601,3.02,2862875.0,5.41475,5.235440171157829,-0.1808657061362391,29.609374935229482,-2.11,7.258497542369918,3.5710024576300814,0.6088357142857141,1160185.95,-17974374.7,3.04,5.55,5.13
2025-07-09,2.9,4.0,2.71,3.68,4611193.0,5.30175,5.08730301199994,-0.2792219687929549,37.3538010931355,-1.8900000000000001,7.2819288196750875,3.321571180324913,0.6731214285714284,1379567.05,-13363181.7,3.02,5.74,5.57
2025-07-10,3.72,3.84,3.4101,3.55,846698.0,5.1907499999999995,4.940893201333279,-0.36347007236966355,37.46334303160018,-2.0150000000000006,7.304774037605534,3.076725962394465,0.6838285714285713,1409410.05,-14209879.7,3.68,6.82,5.565
2025-07-11,3.56,3.6487,3.35,3.51,602525.0,5.08625,4.804617658349157,-0.4285251954298239,37.85185177334431,-2.1800000000000006,7.318418817893033,2.8540811821069667,0.6720428571428572,1428310.1,-14812404.7,3.55,6.77,5.69
2025-07-14,3.5,3.53,3.32,3.47,413011.0,4.981250000000001,4.677511214696856,-0.477801714118784,37.740029464053116,-2.02,7.312953409413105,2.649546590586898,0.6277571428571428,1440966.2,-15225415.7,3.51,3.04,5.49
2025-07-15,3.47,3.53,3.21,3.31,599084.0,4.867749999999999,4.547272051392393,-0.523727172189977,32.58859777253616,-2.2399999999999998,7.295741318374148,2.43975868162585,0.6037571428571428,1463367.55,-15824499.7,3.47,3.02,5.55
2025-07-16,3.36,3.4242,3.28,3.35,220526.0,4.75375,4.4332461417359745,-0.5505493724202282,33.026819852509504,-2.39,7.244344676397629,2.2631553236023714,0.5804857142857142,1459904.5,-15603973.7,3.31,3.68,5.74
2025-07-17,3.35,3.5199,3.32,3.37,383816.0,4.651750000000001,4.331984604427786,-0.5636944082425597,31.93146410482234,-3.45,7.19570315042826,2.107796849571741,0.5728214285714284,1471275.55,-15220157.7,3.35,3.55,6.82
