Date,Open,High,Low,Close,Volume,SMA_20,EMA_20,MACD,RSI_14,Momentum_10,Bollinger_Upper,Bollinger_Lower,ATR_14,Volume_MA_20,OBV,Lag_1,Lag_5,Lag_10
2023-08-15,23.7,23.7,23.02,23.03,16577,23.9565,23.837946086920724,-0.09059277667760313,26.49253717503902,-0.9899999999999984,24.533471220663284,23.379528779336713,0.41468571428571416,19062.15,70730,23.76,23.97,24.02
2023-08-16,23.07,23.17,22.2001,22.89,15460,23.9185,23.747665507213988,-0.14239450831048472,22.426470472804922,-1.0599999999999987,24.657753535313617,23.179246464686386,0.45253571428571454,18010.8,55270,23.03,23.87,23.95
2023-08-17,22.87,23.23,22.19,22.24,9229,23.8345,23.60407831605075,-0.22440286083576666,19.741100234182696,-1.5899999999999999,24.888024910404162,22.780975089595835,0.46997857142857163,17136.95,46041,22.89,23.9,23.83
2023-08-18,22.28,23.21,22.28,22.99,29711,23.7685,23.54559466690306,-0.23439040841975967,37.777777630864165,-1.0300000000000011,24.861256533773766,22.675743466226233,0.4985500000000003,17896.6,75752,22.24,23.92,24.02
2023-08-21,23.03,23.06,22.88,22.98,8784,23.713500000000003,23.491728508150388,-0.24006842368904913,34.971098124394416,-1.259999999999998,24.85009278455159,22.576907215448415,0.47962142857142886,17709.85,66968,22.99,23.76,24.24
2023-08-22,23.06,23.06,22.265,22.43,5879,23.634999999999998,23.39061150737416,-0.27988914443474044,30.710659789353002,-1.5399999999999991,24.898103946216366,22.37189605378363,0.526407142857143,17410.9,61089,22.98,23.03,23.97
2023-08-23,22.245,22.4,22.06,22.3,7942,23.5355,23.286743744767097,-0.31673562699049995,30.632911283832755,-1.5700000000000003,24.891461107965775,22.179538892034223,0.5256928571428574,16426.1,53147,22.43,22.89,23.87
2023-08-24,22.2,22.51,22.17,22.3,6477,23.431,23.192768150027373,-0.34174312060447676,27.127659473460852,-1.5999999999999979,24.831103755553773,22.03089624444623,0.528907142857143,14220.7,53147,22.3,22.24,23.9
2023-08-25,22.43,22.92,22.27,22.71,8478,23.360999999999997,23.146790230977146,-0.3279421443820354,30.632911283832755,-1.2100000000000009,24.75815349719951,21.963846502800486,0.5460500000000003,13719.0,61625,22.3,22.99,23.92
2023-08-28,22.9,22.9,22.555,22.67,5840,23.301,23.10138163755075,-0.3162438865922539,32.526881598017155,-1.0899999999999999,24.709140244211632,21.892859755788365,0.5428428571428573,12932.2,55785,22.71,22.98,23.76
2023-08-29,22.9,23.0,22.595,23.0,5505,23.25,23.0917262434983,-0.2794731486919879,38.9873416339689,-0.030000000000001137,24.621913761291516,21.878086238708484,0.5371285714285717,12760.35,61290,22.67,22.43,23.03
2023-08-30,22.91,22.95,22.72,22.74,5662,23.189500000000002,23.05822850602227,-0.2665317965130036,36.12440179288479,-0.15000000000000213,24.537956817800875,21.84104318219913,0.5399857142857145,12585.9,55628,23.0,22.3,22.89
2023-08-31,22.94,22.94,22.61,22.62,7638,23.128999999999998,23.016492457829674,-0.2621700992074878,34.81308399827495,0.38000000000000256,24.464978253841284,21.79302174615871,0.5303500000000003,12667.1,47990,22.74,22.3,22.24
2023-09-01,22.92,22.92,22.56,22.75,7801,23.0655,22.991112223750658,-0.24610562604484088,38.117646933259486,-0.23999999999999844,24.342593327999573,21.788406672000427,0.5424928571428576,12145.6,55791,22.62,22.71,22.99
2023-09-05,22.63,22.9899,22.6237,22.71,4700,22.988999999999997,22.9643396310125,-0.23368456687927264,45.505617798573404,-0.2699999999999996,24.147672561711513,21.83032743828848,0.5200785714285718,11186.25,51091,22.75,22.67,22.98
2023-09-06,22.66,22.66,22.03,22.07,13393,22.894,22.879164428058928,-0.2691778355177483,39.901477694921,-0.35999999999999943,24.025248029948834,21.762751970051163,0.49580000000000013,11115.6,37698,22.71,23.0,22.43
2023-09-07,22.11,22.3,22.05,22.09,39071,22.805,22.804005911100933,-0.29233808047211696,47.813410883560444,-0.21000000000000085,23.892159505074414,21.717840494925586,0.4393714285714288,12345.15,76769,22.07,22.74,22.3
2023-09-08,22.16,22.51,22.05,22.51,4755,22.7355,22.77600534813894,-0.2753718064138795,42.258064325286206,0.21000000000000085,23.69855380513183,21.772446194868166,0.40580000000000027,12017.35,81524,22.09,22.62,22.3
2023-09-11,22.4,22.49,22.2139,22.49,5203,22.664,22.74876674355428,-0.2604471899694083,42.12218630555926,-0.22000000000000242,23.453467508747746,21.874532491252257,0.412664285714286,10981.25,76321,22.51,22.75,22.71
2023-09-12,22.195,22.29,22.14,22.29,3066,22.5905,22.70507467273959,-0.26100044496839914,47.46376787518378,-0.38000000000000256,23.204562400395016,21.97643759960498,0.36659285714285744,10558.55,73255,22.49,22.71,22.67
2023-09-13,22.23,22.23,21.72,21.84,11496,22.531,22.622686608669152,-0.2928133843374887,42.53246733913812,-1.1600000000000001,23.194385257599183,21.867614742400814,0.37873571428571473,10304.5,61759,22.29,22.07,23.0
2023-09-14,21.86,22.38,21.83,22.21,4780,22.497,22.583383122129234,-0.28600124506830227,48.6956519763075,-0.5299999999999976,23.152570462710823,21.841429537289176,0.3937357142857148,9770.5,66539,21.84,22.09,22.74
2023-09-15,22.03,22.8,21.81,22.8,52170,22.525,22.60401330097407,-0.2320375133560475,51.23966922386904,0.17999999999999972,23.18218698773031,21.867813012269686,0.41802142857142904,11917.55,118709,22.21,22.51,22.62
2023-09-18,22.44,22.44,22.18,22.19,3835,22.485,22.564583462786064,-0.23414679490415935,44.28571413809523,-0.5599999999999987,23.12003004487557,21.84996995512443,0.41195000000000065,10623.75,114874,22.8,22.49,22.75
2023-09-19,22.33,22.3899,22.0,22.11,6733,22.441499999999998,22.52128979966358,-0.23929829281145132,38.734177077904185,-0.6000000000000014,23.05249659745795,21.830503402542046,0.4108714285714292,10521.2,108141,22.19,22.29,22.71
2023-09-20,22.22,22.37,22.0,22.26,14809,22.433,22.49640505683848,-0.22897300538509313,43.74999984049484,0.19000000000000128,23.04937650831284,21.81662349168716,0.4208714285714293,10967.7,122950,22.11,21.84,22.07
2023-09-21,22.25,22.34,22.03,22.03,4197,22.419500000000003,22.45198552761577,-0.2361214257558224,42.53164541887519,-0.05999999999999872,23.059515624809215,21.77948437519079,0.4194428571428576,10780.45,118753,22.26,22.21,22.09
2023-09-22,22.2,22.2,22.0,22.01,7187,22.405,22.40989166784284,-0.24057347538353824,40.36458318617083,-0.5,23.069102084733434,21.74089791526657,0.40801428571428594,10815.95,111566,22.03,22.8,22.51
2023-09-25,22.06,22.085,21.79,21.8,7309,22.359500000000004,22.351806747095903,-0.2576743129730943,38.65336644859176,-0.6899999999999977,23.05934885586286,21.659651144137147,0.4029285714285718,10757.5,104257,22.01,22.19,22.49
2023-09-26,21.77,21.94,20.66,20.91,36124,22.2715,22.214491818801054,-0.3376023111212163,36.38497640624658,-1.379999999999999,23.209162827964974,21.333837172035025,0.4493571428571434,12271.7,68133,21.8,22.11,22.29
2023-09-27,21.18,21.3,20.69,20.73,20233,22.158,22.073111645581907,-0.4104185977390209,34.615384505743165,-1.1099999999999994,23.259589282522445,21.056410717477558,0.4750714285714291,13008.1,47900,20.91,22.26,21.84
2023-09-28,20.85,20.915,20.58,20.79,12506,22.0605,21.95091053647887,-0.4580616153404691,28.81773389077628,-1.4200000000000017,23.283670599625967,20.837329400374035,0.46614285714285764,13350.3,60406,20.73,22.03,22.21
2023-09-29,20.75,20.965,20.54,20.54,14194,21.9565,21.816538104433263,-0.5097489153942405,27.272727183725394,-2.2600000000000016,23.324499307478998,20.588500692521,0.476778571428572,13678.1,46212,20.79,22.01,22.8
2023-10-02,20.55,20.68,20.37,20.48,13381,21.843,21.689248761153905,-0.5491219279148183,28.19277098922923,-1.7100000000000009,23.307098069766703,20.378901930233297,0.48820714285714345,13957.1,32831,20.54,21.8,22.19
2023-10-03,20.37,20.645,19.81,19.81,13849,21.698,21.510272688663058,-0.6263598890553048,26.773455291801298,-2.3000000000000007,23.36140930811259,20.03459069188741,0.5114214285714291,14414.55,18982,20.48,20.91,22.11
2023-10-04,20.0,20.6599,19.58,20.22,22285,21.6055,21.387389575457053,-0.6474422123080465,27.43764163625238,-2.0400000000000027,23.383606325634933,19.827393674365066,0.5492714285714292,14859.15,41267,19.81,20.73,22.26
2023-10-05,20.03,20.365,19.62,20.25,16490,21.5135,21.279066758746858,-0.654200239322531,16.88311682172376,-1.7800000000000011,23.374527164031456,19.652472835968545,0.5317714285714289,13730.1,57757,20.22,20.79,22.03
2023-10-06,20.16,20.41,19.625,20.41,15634,21.4085,21.19629849600906,-0.6394089314239899,23.823529313667848,-1.6000000000000014,23.26976470868312,19.54723529131688,0.5692714285714288,14274.05,73391,20.25,20.54,22.01
2023-10-09,20.07,20.27,19.82,20.16,17252,21.291999999999998,21.097603401151055,-0.6402524826447653,22.689075541275372,-1.6400000000000006,23.159907357107574,19.424092642892422,0.5735642857142859,14876.5,56139,20.41,20.48,21.8
2023-10-10,20.14,20.305,19.92,20.1,15175,21.182499999999997,21.002593553422383,-0.6383442473817986,18.965517165081252,-0.8099999999999987,23.060806908389843,19.304193091610152,0.5746357142857141,15481.95,40964,20.16,19.81,20.91
2023-10-11,20.11,20.24,19.72,19.85,13649,21.083000000000002,20.89282273881073,-0.6493241071817266,18.857142781714288,-0.879999999999999,23.024427581093697,19.141572418906307,0.5896357142857143,15589.6,27315,20.1,20.22,20.73
2023-10-12,19.84,19.905,19.31,19.31,30501,20.938000000000002,20.74207771606685,-0.6932266125345166,16.41791039058438,-1.4800000000000004,22.956666573964565,18.91933342603544,0.6178500000000001,16875.65,-3186,19.85,20.25,20.79
2023-10-13,19.14,19.55,18.78,19.16,24983,20.756,20.591403647870006,-0.7315810037307031,16.666666607744105,-1.379999999999999,22.723530110784026,18.788469889215975,0.6517785714285714,15516.3,-28169,19.31,20.41,20.54
2023-10-16,19.225,20.05,18.75,19.2,22808,20.6065,20.45888901473953,-0.7501131742818181,22.508038483886622,-1.2800000000000011,22.569626132097984,18.643373867902017,0.6532071428571429,16464.95,-5361,19.16,20.16,20.48
2023-10-17,19.06,19.775,18.96,19.26,45504,20.464,20.34470910857386,-0.751319718481394,25.418060081654602,-0.5499999999999972,22.380810948039986,18.54718905196001,0.6678499999999998,18403.5,40143,19.2,20.1,19.81
2023-10-18,19.06,19.52,18.67,19.14,16416,20.308,20.229974907757303,-0.7532071472586779,22.95081956678318,-1.0799999999999983,22.114008684480968,18.50199131551903,0.7046357142857139,18483.85,23727,19.26,19.85,20.22
2023-10-19,19.2,20.09,19.08,19.11,8606,20.162,20.123310630828037,-0.748473567081998,24.734982209791667,-1.1400000000000006,21.850133195044197,18.4738668049558,0.7464214285714282,18704.3,15121,19.14,19.31,20.25
2023-10-20,19.19,19.28,18.47,18.76,15982,19.9995,19.99347152313013,-0.7639989403026028,22.4358973352236,-1.6499999999999986,21.55945242842433,18.439547571575673,0.7821357142857143,19144.05,-861,19.11,19.16,20.41
2023-10-23,18.71,19.61,18.71,18.8,19867,19.8495,19.87980756854631,-0.7642733254684835,29.718875334914003,-1.3599999999999994,21.249191319353397,18.4498086806466,0.7867785714285712,19771.95,19006,18.76,19.2,20.16
2023-10-24,18.75,20.08,18.75,19.0,17174,19.754,19.7960163715419,-0.7398910169788522,23.24561389235153,-1.1000000000000014,21.10895037780553,18.39904962219447,0.8046428571428567,18824.45,36180,18.8,19.26,20.1
2023-10-25,18.77,19.57,18.77,19.06,14372,19.670499999999997,19.725919574252195,-0.7075856091674559,24.24242409550041,-0.7900000000000027,20.97717073934185,18.363829260658143,0.8085714285714284,18531.4,50552,19.0,19.14,19.85
2023-10-26,18.88,19.5,18.88,19.15,32068,19.588500000000003,19.67107009099008,-0.6670564502984462,21.874999863281204,-0.16000000000000014,20.80186895070126,18.375131049298748,0.7967857142857141,19509.5,82620,19.06,19.11,19.31
2023-10-27,18.95,19.34,18.94,19.13,7978,19.518,19.619539606133884,-0.6292877666457279,24.378109282938496,-0.030000000000001137,20.660363201530085,18.375636798469916,0.7932142857142855,19198.7,74642,19.15,18.76,19.16
2023-10-30,19.15,19.41,19.1216,19.41,9112,19.464499999999997,19.59958345316875,-0.5702621710817155,34.52914776528783,0.21000000000000085,20.513579295582836,18.41542070441716,0.7863142857142856,18985.25,83754,19.13,18.8,19.2
2023-10-31,19.0,19.4899,18.53,19.28,12712,19.438,19.569146933819347,-0.52785495239835,36.49289075312773,0.019999999999999574,20.477060304211935,18.398939695788062,0.817735714285714,18928.4,71042,19.41,19.0,19.26
2023-11-01,19.48,19.48,19.31,19.32,6835,19.393,19.54541865440798,-0.4854313006795401,50.31055856872811,0.17999999999999972,20.36527026781844,18.420729732181563,0.7873785714285712,18155.9,77877,19.28,19.06,19.14
2023-11-02,19.25,19.81,19.195,19.81,18035,19.371000000000002,19.570616877797697,-0.4076765884885454,66.66666618803418,0.6999999999999993,20.279437640880182,18.462562359119822,0.7763071428571424,18233.15,95912,19.32,19.15,19.11
2023-11-03,19.86,20.82,19.762,20.82,30460,19.3915,19.68960574657887,-0.26174193069541474,77.73972565467258,2.0599999999999987,20.4104421759326,18.3725578240674,0.7590214285714281,18974.45,126372,19.81,19.13,18.76
2023-11-06,20.2501,20.98,20.25,20.77,6740,19.422,19.792500437380884,-0.14840465827381522,75.94501681675936,1.9699999999999989,20.566572547193495,18.277427452806506,0.7529499999999997,18448.85,119632,20.82,19.41,18.8
2023-11-07,20.75,21.09,20.73,20.96,5995,19.465,19.903690871916037,-0.04279387271127533,80.53691237331655,1.9600000000000009,20.77017189833756,18.15982810166244,0.7179499999999999,17989.85,125627,20.77,19.28,19.0
2023-11-08,21.0,21.0,20.5,20.75,3648,19.509999999999998,19.984291741257366,0.023716148224327327,75.9493667521231,1.6900000000000013,20.928227210658495,18.0917727893415,0.6815214285714283,17489.8,121979,20.96,19.32,19.06
2023-11-09,20.7,20.7,20.15,20.15,4700,19.552,20.000073480185236,0.027777534416397742,70.381231382599,1.0,20.994827633138108,18.10917236686189,0.6629499999999996,16199.75,117279,20.75,19.81,19.15
2023-11-10,20.72,20.79,20.15,20.49,10453,19.6185,20.046733148739023,0.057719553895065445,72.77628004882263,1.3599999999999994,21.107127414414677,18.129872585585325,0.6443785714285711,15473.25,127732,20.15,20.82,19.13
2023-11-13,20.28,20.77,20.27,20.77,3205,19.697,20.11561570600197,0.10282125831341915,73.3509232118963,1.3599999999999994,21.256596439028748,18.13740356097125,0.585092857142857,14493.1,130937,20.49,20.77,19.41
2023-11-14,20.82,22.29,20.5,22.29,18700,19.848499999999998,20.322699924477973,0.2580627754491758,80.76190454653967,3.009999999999998,21.774895871214213,17.922104128785783,0.6558071428571426,13152.9,149637,20.77,20.96,19.28
2023-11-15,21.75,22.4,21.66,21.66,18265,19.9745,20.450061836432454,0.32655799770468263,71.67530207194227,2.34,22.031032339438774,17.917967660561224,0.664378571428571,13245.35,131372,22.29,20.75,19.32
2023-11-16,21.52,21.75,21.44,21.55,11137,20.0965,20.554817852010316,0.3677352211578544,70.5782311244736,1.740000000000002,22.22532250625963,17.967677493740368,0.6579499999999996,13371.9,120235,21.66,20.15,19.81
2023-11-17,21.52,22.13,21.52,22.13,12376,20.264999999999997,20.704835199437905,0.44201926532666036,72.00647232878792,1.3099999999999987,22.48013929703367,18.049860702966324,0.6809214285714281,13191.6,132611,21.55,20.49,20.82
2023-11-20,22.0,22.24,21.65,22.24,16132,20.437,20.851041370920008,0.5039456761797076,74.02597385773315,1.4699999999999989,22.706719203592726,18.167280796407276,0.6544999999999997,13004.85,148743,22.13,20.77,20.77
2023-11-21,22.21,22.4,21.94,22.02,12656,20.588,20.962370764165723,0.5291864279227205,71.29337523689159,1.0599999999999987,22.857018800228243,18.31898119977176,0.6752142857142852,12778.95,136087,22.24,22.29,20.96
2023-11-22,22.03,22.14,21.75,22.08,12752,20.739,21.06881164376899,0.5477121640522569,69.20473756871974,1.3299999999999983,22.981666645805902,18.4963333541941,0.6591428571428567,12697.95,148839,22.02,21.66,20.75
2023-11-24,22.24,22.24,21.94,21.98,6426,20.880499999999998,21.15559148721956,0.5480134055937427,61.599999827520016,1.8300000000000018,23.057175156481065,18.70382484351893,0.6049999999999994,11415.85,142413,22.08,21.55,20.15
2023-11-27,21.86,22.07,21.54,21.54,33429,21.000999999999998,21.192201821770077,0.5069311767785756,57.14285699443414,1.0500000000000007,23.031575754493446,18.97042424550655,0.5907142857142852,12688.4,108984,21.98,22.13,20.49
2023-11-28,21.34,21.5,20.75,20.75,8949,21.068,21.15008736255388,0.40599253961783077,48.247078351342374,-0.019999999999999574,22.961330121074568,19.174669878925435,0.6185714285714281,12680.25,100035,21.54,22.24,20.77
2023-11-29,21.15,21.4477,20.88,21.24,7815,21.166,21.15865047088208,0.36134518304364605,53.907495892391545,-1.0500000000000007,22.86230434210741,19.46969565789259,0.6234071428571425,12435.4,107850,20.75,22.02,22.29
2023-11-30,21.19,21.19,20.72,20.82,7193,21.241,21.126398045083786,0.2887635476702748,55.50082089047433,-0.8399999999999999,22.711222324755806,19.770777675244194,0.6176928571428569,12453.3,100657,21.24,22.08,21.66
2023-12-01,21.19,21.919,21.14,21.9,7710,21.345499999999998,21.20007442174247,0.31471131666899765,60.322108221887355,0.34999999999999787,22.67812661094936,20.012873389050636,0.6276214285714283,11937.05,108367,20.82,21.98,21.55
2023-12-04,21.785,22.03,21.785,22.0,4839,21.4045,21.27625781014795,0.3394268252560728,59.24812017601902,-0.129999999999999,22.743635227635583,20.065364772364415,0.6094071428571427,10656.0,113206,21.9,21.54,22.13
2023-12-05,21.99,22.05,21.95,22.05,8792,21.4685,21.349947542514812,0.35890892114818485,47.68339755452365,-0.18999999999999773,22.80229198251881,20.134708017481188,0.4886928571428571,10758.6,121998,22.0,20.75,22.24
2023-12-06,22.04,22.205,21.52,21.83,14471,21.511999999999997,21.39566682418007,0.3525402921618266,51.78197049791454,-0.19000000000000128,22.832647369165624,20.19135263083437,0.4847642857142857,11182.4,107527,22.05,21.24,22.02
2023-12-07,21.485,22.4,21.485,22.25,14332,21.586999999999996,21.477031888543873,0.37702295169215816,56.88976362274475,0.1700000000000017,22.89575754660264,20.278242453397354,0.5279785714285714,11716.6,121859,21.83,20.82,22.08
2023-12-08,21.95,23.1,21.94,22.77,13043,21.718,21.600171708682552,0.43337285871683306,56.37450183481215,0.7899999999999991,22.942944252222343,20.493055747777657,0.5672642857142858,12133.75,134902,22.25,21.9,21.98
2023-12-11,22.52,22.52,21.91,21.91,14307,21.788999999999998,21.6296791649985,0.40400326859627,47.14038116811694,0.370000000000001,22.8704590534137,20.707540946586295,0.5686928571428572,12326.45,120595,22.77,22.0,21.54
2023-12-12,22.14,22.37,21.95,22.12,13058,21.8565,21.676376387379594,0.39313525190175014,50.86805543191794,1.370000000000001,22.833655377398546,20.879344622601455,0.5658357142857147,12819.1,133653,21.91,22.05,20.75
2023-12-13,22.27,24.45,22.27,24.09,44999,21.9465,21.90624530286725,0.5372422880911074,63.10299858103757,2.8500000000000014,23.33624098306122,20.55675901693878,0.6936928571428574,14134.05,178652,22.12,21.83,21.24
2023-12-14,24.5,24.78,24.0,24.78,61986,22.1025,22.179936226403704,0.6990504517397582,66.94915242889974,3.960000000000001,23.97383360833503,20.231166391664967,0.727978571428572,16320.1,240638,24.09,22.25,20.82
2023-12-15,24.9,25.97,24.34,25.75,84758,22.3125,22.519942300079542,0.8952143885070178,73.94766768654524,3.8500000000000014,24.77275137782815,19.85224862217185,0.8065500000000004,20001.15,325396,24.78,22.77,21.9
2023-12-18,25.5,25.7,24.67,24.67,26987,22.439500000000002,22.724709700071966,0.9525686828053814,71.58590297332572,2.6700000000000017,25.113070252440906,19.7659297475591,0.8265500000000002,20731.7,298409,25.75,21.91,22.0
2023-12-19,24.93,25.44,24.78,24.78,10772,22.566499999999998,22.920451633398446,0.9954212903362993,70.34482747300834,2.7300000000000004,25.434415252363106,19.69858474763689,0.8331428571428573,20463.7,309181,24.67,22.12,22.05
2023-12-20,24.91,25.23,24.41,24.62,14362,22.696499999999997,23.082313382598596,1.0048901183762915,72.51184822095192,2.7900000000000027,25.69294192510491,19.700058074895082,0.8581428571428571,20549.0,294819,24.78,24.09,21.83
2023-12-21,24.7,24.98,24.39,24.66,10108,22.825499999999998,23.232569250922538,1.0040468522069972,68.64864851877283,2.41,25.93037206279356,19.720627937206437,0.8446428571428571,20416.8,304927,24.62,24.78,22.25
2023-12-22,24.515,25.0,24.515,25.0,10474,22.9765,23.400895988929914,1.0190613046739614,69.63350772580247,2.2300000000000004,26.19972672586276,19.753273274137243,0.8617857142857142,20619.2,315401,24.66,25.75,22.77
2023-12-26,25.0,25.0,24.85,24.98,7580,23.148500000000002,23.551286847127066,1.0176160133650605,69.25098541793511,3.0700000000000003,26.415800672452836,19.88119932754717,0.8653571428571425,19326.75,307821,25.0,24.67,21.91
2023-12-27,25.0,25.0,24.99,25.0,5315,23.361,23.68925952835306,1.006481801930999,71.39001336039675,2.879999999999999,26.522597863839078,20.199402136160924,0.817142857142857,19145.05,313136,24.98,24.78,22.12
2023-12-28,25.015,25.015,24.78,24.78,5515,23.538,23.793139573271816,0.968740951476267,67.5450761517849,0.6900000000000013,26.59424193035211,20.481758069647892,0.7685714285714285,19030.05,307621,25.0,24.62,24.09
2023-12-29,24.98,25.01,24.0204,24.81,7919,23.7375,23.889983423436405,0.9305247820519469,65.17857129278275,0.029999999999997584,26.55856269636859,20.91643730363141,0.7564000000000001,19066.35,315540,24.78,24.66,24.78
2024-01-02,24.83,24.84,24.705,24.83,5013,23.884,23.979508811680557,0.8915741479775292,74.82993179462264,-0.9200000000000017,26.605852310468062,21.16214768953194,0.7224714285714288,18931.5,320553,24.81,25.0,25.75
2024-01-03,24.38,24.38,23.16,23.16,22654,23.942,23.901460353425264,0.7176925632121076,57.084468555969686,-1.5100000000000016,26.541502786465603,21.342497213534397,0.7796142857142857,19822.25,297899,24.83,24.98,24.67
2024-01-04,23.38,23.5,22.9,23.26,7663,24.0025,23.840368891194288,0.5812581319067753,42.4131625971144,-1.5199999999999996,26.469544897507166,21.535455102492836,0.6667571428571429,19765.8,305562,23.16,25.0,24.78
2024-01-05,23.06,23.6,23.04,23.54,36421,24.088,23.811762330128165,0.49007506293168746,37.74703546868405,-1.0800000000000018,26.347851881499352,21.82814811850065,0.6510428571428574,20863.3,341983,23.26,24.78,24.62
2024-01-08,23.805,24.27,23.805,24.27,19675,24.189,23.8554040129731,0.4712787814527317,34.64730280392895,-0.39000000000000057,26.276999798346523,22.101000201653477,0.5678285714285717,21130.45,361658,23.54,24.81,24.66
2024-01-09,24.02,24.095,23.11,23.12,19971,24.2065,23.78536553554709,0.3594513959921315,34.15132914557897,-1.879999999999999,26.24981284154469,22.163187158455308,0.5646142857142861,21476.85,341687,24.27,24.83,25.0
2024-01-10,23.01,23.85,23.01,23.5,14498,24.286,23.758187865494985,0.298052108746802,37.59689912279907,-1.4800000000000004,26.058935715876913,22.51306428412309,0.577471428571429,21486.4,356185,23.12,23.16,24.98
2024-01-11,23.035,23.14,23.035,23.14,6725,24.337,23.69931283068594,0.2178347701794614,36.19402975620959,-1.8599999999999994,25.89300162359555,22.78099837640445,0.5264000000000004,21169.75,349460,23.5,23.26,25.0
2024-01-12,23.54,23.8899,21.87,21.88,11171,24.226499999999998,23.526044942049186,0.05199787888556173,28.875379877772716,-2.900000000000002,26.13117872688072,22.321821273119276,0.6285357142857146,19478.35,338289,23.14,23.54,24.78
2024-01-16,21.63,22.79,21.63,22.79,8315,24.127000000000002,23.455945423758788,-0.005935661374770973,34.54545447781307,-2.0199999999999996,26.11598122560014,22.138018774399864,0.6767500000000004,16794.8,346604,21.88,24.27,24.81
2024-01-17,22.46,22.79,21.48,21.77,13350,23.928,23.295379192924617,-0.13262038733237702,30.306748414196974,-3.0599999999999987,26.0266471833065,21.8293528166935,0.7596071428571433,13224.4,333254,22.79,23.12,24.83
2024-01-18,21.38,21.815,21.05,21.52,21056,23.7705,23.12629546026513,-0.250305343402637,29.23627680079855,-1.6400000000000006,26.095299708407325,21.445700291592672,0.8135357142857147,12927.85,312198,21.77,23.5,23.16
2024-01-19,21.81,22.38,21.803,22.11,10470,23.637,23.029505416430354,-0.2925928683348218,34.74285708726856,-1.1500000000000021,26.023542092211024,21.250457907788977,0.837964285714286,12912.75,322668,21.52,23.14,23.26
2024-01-22,22.37,22.575,21.11,21.99,26623,23.5055,22.930504900579844,-0.33196190005857673,34.04977370173111,-1.5500000000000007,25.953033452273985,21.057966547726018,0.8719214285714286,13525.8,296045,22.11,21.88,23.54
2024-01-23,22.4,22.4,21.91,21.91,8132,23.368000000000002,22.833313957667478,-0.36540499734837795,33.59550556513068,-2.3599999999999994,25.8511694517926,20.884830548207404,0.8972785714285713,13427.0,287913,21.99,22.79,24.27
2024-01-24,22.24,22.2599,21.715,21.95,6685,23.2155,22.749188818842004,-0.3842518957931702,41.678129218226424,-1.1700000000000017,25.650823171032652,20.780176828967345,0.8490571428571426,13237.55,294598,21.91,21.77,23.12
2024-01-25,22.0,22.0,21.9,21.99,10343,23.066,22.67688512180943,-0.39144824430344016,41.19278771474351,-1.5100000000000016,25.41065483937179,20.721345160628207,0.8133428571428569,13375.7,304941,21.95,21.52,23.5
2024-01-26,22.0,22.0,21.72,21.72,2685,22.901999999999997,22.58575320544663,-0.41416317804101155,37.3611110384645,-1.4200000000000017,25.133172455530012,20.670827544469983,0.7933428571428569,13244.2,302256,21.99,22.11,23.14
2024-01-29,21.68,21.988,19.94,20.17,35035,22.6715,22.35568147159457,-0.5508828503882235,24.43890270048071,-1.7099999999999973,25.03439095901832,20.308609040981683,0.9064142857142853,14720.2,267221,21.72,21.99,21.88
2024-01-30,20.09,20.09,19.81,20.07,7284,22.4345,22.137997521918894,-0.6596984466615723,28.120516442799513,-2.719999999999999,24.844640637958037,20.024359362041963,0.8560571428571426,14688.45,259937,20.17,21.91,22.79
2024-01-31,20.0,20.4436,18.47,18.52,21926,22.119,21.79342632935519,-0.8610782933323584,19.41031937693556,-3.25,24.84067827481111,19.39732172518889,0.9370285714285712,15534.1,238011,20.07,21.95,21.77
2024-02-01,18.57,19.388,18.26,18.69,37608,21.8955,21.497861917035646,-0.9954806572793693,22.012578577587917,-2.8299999999999983,24.96868093392357,18.822319066076428,1.0100999999999998,16281.8,275619,18.52,21.99,21.52
2024-02-02,18.56,19.18,18.11,19.01,29021,21.683,21.260922686841774,-1.0639105857327316,29.5292438782583,-3.099999999999998,24.941098250594358,18.42490174940564,0.9422499999999998,17349.7,304640,18.69,21.72,22.11
2024-02-05,18.78,20.13,18.55,19.47,42518,21.479499999999998,21.090358621428273,-1.0687049975915208,24.695121898516476,-2.5199999999999996,24.757589783941036,18.20141021605896,0.9722499999999997,17654.55,347158,19.01,20.17,21.99
2024-02-06,19.2488,19.6999,17.95,18.2,34194,21.176,20.815086371768437,-1.161590862052826,23.788546206602092,-3.710000000000001,24.49004920079089,17.861950799209108,1.0036714285714283,18380.5,312964,19.47,20.07,21.91
2024-02-07,18.23,18.38,17.5,18.1,20895,20.925,20.5565067173143,-1.2291041933245666,24.324324273192104,-3.849999999999998,24.376666264284474,17.473333735715528,1.011885714285714,18426.7,292069,18.2,18.52,21.95
2024-02-08,18.1,18.21,17.9,18.14,10674,20.657,20.326363220427222,-1.2648014884677217,17.512274918957104,-3.849999999999998,24.09917250859785,17.21482749140215,0.9928142857142858,18235.5,302743,18.1,18.69,21.99
2024-02-09,18.42,18.8,18.02,18.52,14062,20.426,20.154328628005583,-1.248042797960494,22.762951284351416,-3.1999999999999993,23.785664143615268,17.06633585638473,0.9438857142857143,18602.35,316805,18.14,19.01,21.72
2024-02-12,18.4,19.4,18.4,19.33,14314,20.2985,20.0758211396241,-1.1560755674041907,31.830985852727594,-0.8400000000000034,23.619148478202536,16.977851521797465,0.9803142857142859,18759.5,331119,18.52,19.47,20.17
2024-02-13,18.81,18.81,17.56,17.91,27651,20.054499999999997,19.8695524596599,-1.1841216583385261,26.17924523979839,-2.16,23.321028658022684,16.78797134197731,1.0306785714285718,19726.3,303468,19.33,18.2,20.07
2024-02-14,18.2,18.5,17.92,18.5,9176,19.891,19.739118892073243,-1.1455358462826304,30.675525976804266,-0.019999999999999574,23.12315359197308,16.658846408026918,1.0649642857142858,19517.6,312644,17.91,18.1,18.52
2024-02-15,18.65,19.02,18.5,19.02,9262,19.766,19.67063137854246,-1.0607692265545374,35.45258615341204,0.3299999999999983,22.925442988882562,16.606557011117435,1.082107142857143,18927.9,321906,18.5,18.14,18.69
2024-02-16,18.92,19.2,18.61,18.61,8998,19.591,19.56961886630032,-1.0149742923141467,40.41769034817594,-0.40000000000000213,22.587291743226192,16.59470825677381,0.9779642857142858,18854.3,312908,19.02,18.52,19.01
2024-02-20,18.56,19.185,17.89,18.0,25200,19.3915,19.4201313552241,-1.0161888936079784,38.03468201936582,-1.4699999999999989,22.243072234842632,16.53992776515737,1.0504642857142856,18783.15,287708,18.61,19.33,19.47
2024-02-21,18.49,18.49,17.85,18.11,23907,19.2015,19.295356940440854,-0.9967851371904928,47.15672667681079,-0.08999999999999986,21.84533513300761,16.55766486699239,0.9552071428571425,19571.9,311615,18.0,17.91,18.2
2024-02-22,18.17,18.17,17.85,18.08,25882,19.008,19.179608660398866,-0.9726165178121065,45.685997080678334,-0.020000000000003126,21.35462220851007,16.66137779148993,0.8974928571428568,20531.75,285733,18.11,18.5,18.1
2024-02-23,18.09,18.1,17.95,18.1,5620,18.813499999999998,19.076788787979925,-0.9410015995632506,43.279172731771276,-0.03999999999999915,20.723697289341985,16.90330271065801,0.8317785714285711,20295.6,291353,18.08,19.02,18.14
2024-02-26,18.73,18.73,17.87,18.0,13099,18.6275,18.97423747483898,-0.9134855525640013,38.533541257493056,-0.5199999999999996,19.99279734567389,17.262202654326114,0.7803499999999998,20816.3,278254,18.1,18.61,18.52
2024-02-27,18.04,18.15,17.95,17.98,18550,18.518,18.879548191520982,-0.8831127259874236,47.86821692438857,-1.3499999999999979,19.70160021700027,17.334399782999732,0.6696428571428569,19992.05,259704,18.0,18.0,19.33
2024-02-28,17.85,18.11,17.85,17.94,8706,18.4115,18.79006741137613,-0.8524432446941823,48.431372416070744,0.030000000000001137,19.368782887298543,17.454217112701457,0.6253571428571425,20063.15,250998,17.98,18.11,17.91
2024-02-29,18.35,18.35,17.9,18.015,12079,18.38625,18.716251467435544,-0.8127171166216876,48.782862573912354,-0.48499999999999943,19.358013860204135,17.414486139795866,0.6353571428571426,19570.8,263077,17.94,18.08,18.5
2024-03-01,18.3061,18.3061,17.9,17.99,29419,18.35125,18.64708466101311,-0.7743252095049336,44.45606681540063,-1.0300000000000011,19.327364073358925,17.375135926641075,0.6086499999999998,19161.35,233658,18.015,18.1,19.02
2024-03-04,17.9,17.94,17.66,17.84,15270,18.292749999999998,18.570219455202338,-0.7473876097783645,31.917475619697925,-0.7699999999999996,19.242517145977242,17.342982854022754,0.5572214285714284,18473.8,218388,17.99,18.0,18.61
2024-03-05,17.9,18.1,17.9,18.0,14365,18.21925,18.515912840421162,-0.7050019346980818,51.57342632096923,0.0,18.997441391692337,17.44105860830766,0.48222142857142863,17066.15,232753,17.84,17.98,18.0
2024-03-06,17.96,18.33,17.93,18.19,24444,18.21875,18.484873522285813,-0.6486029389978967,43.69918674317539,0.08000000000000185,18.99700631686202,17.44049368313798,0.4693642857142858,16578.65,257197,18.0,17.94,18.11
2024-03-07,18.33,18.38,17.95,18.29,32863,18.22825,18.466314139210972,-0.5890470255578002,32.107842916906975,0.21000000000000085,19.00504012270731,17.451459877292688,0.4629357142857144,17177.05,290060,18.19,18.015,18.08
2024-03-08,18.3,18.8,18.01,18.16,15400,18.22925,18.437141364048024,-0.5460439545673772,37.21590879487349,0.05999999999999872,19.00561314752885,17.45288685247115,0.47722142857142863,17413.35,274660,18.29,17.99,18.1
2024-03-11,17.96,18.1992,17.91,17.97,10585,18.20175,18.392651710329165,-0.5212860097964338,48.880596504232535,-0.030000000000001137,18.97370087790191,17.429799122098093,0.4053785714285717,17239.5,264075,18.16,17.84,18.0
2024-03-12,18.1,18.27,18.07,18.11,32990,18.14075,18.365732499821625,-0.48478011917196184,49.9999994890511,0.129999999999999,18.701128396592157,17.580371603407844,0.3739500000000004,18173.3,297065,17.97,18.0,17.98
2024-03-13,18.21,18.685,18.21,18.62,20752,18.176250000000003,18.389948452219567,-0.4099704313994046,64.59459410577068,0.6799999999999997,18.764350197333798,17.58814980266621,0.3850214285714288,17828.35,317817,18.11,18.19,17.94
2024-03-14,18.35,18.47,17.92,17.92,18568,18.14725,18.345191456770085,-0.4025271341024883,46.44268749004047,-0.09499999999999886,18.72524540154685,17.56925459845315,0.41359285714285704,18297.95,299249,18.62,18.29,18.015
2024-03-15,17.82,18.495,17.82,18.37,58047,18.114749999999997,18.347554175172935,-0.3562109369014621,56.42361083682969,0.38000000000000256,18.538684888246358,17.690815111753636,0.4003785714285714,20737.2,357296,17.92,18.16,17.99
2024-03-18,18.43,18.53,17.92,17.92,10361,18.08025,18.306834729918368,-0.3517612887365722,49.09365538147701,0.08000000000000185,18.442268827656388,17.71823117234361,0.4296642857142857,20805.35,346935,18.37,17.97,17.84
2024-03-19,18.0,18.0099,17.76,17.83,16905,18.07175,18.26142189849757,-0.35144589243781255,48.3630950365823,-0.1700000000000017,18.44935010871823,17.69414989128177,0.428942857142857,20390.6,330030,17.92,18.11,18.0
2024-03-20,17.81,18.3,17.7,18.24,36525,18.07825,18.259381717688278,-0.31448721487441134,53.04465473812578,0.04999999999999716,18.46302984135678,17.693470158643223,0.43965714285714264,21021.5,366555,17.83,18.62,18.19
2024-03-21,18.26,18.39,18.16,18.39,38567,18.09375,18.271821554098917,-0.2699812951884404,55.235601891806716,0.10000000000000142,18.503022461041766,17.684477538958234,0.4270785714285711,21655.75,405122,18.24,17.92,18.29
2024-03-22,18.1038,18.29,17.81,18.01,13407,18.08925,18.24688616799426,-0.26234861502844353,52.0987652520043,-0.14999999999999858,18.500208763456772,17.678291236543227,0.4413642857142853,22045.1,391715,18.39,18.37,18.16
2024-03-25,18.17,18.325,17.83,17.85,12892,18.08175,18.209087485328137,-0.2661423797243785,48.148147981710125,-0.11999999999999744,18.50486221604579,17.65863778395421,0.4624357142857138,22034.75,378823,18.01,17.92,17.97
2024-03-26,17.89,17.89,17.62,17.7,17229,18.067749999999997,18.160602962915934,-0.2780475351249265,43.89027416098157,-0.41000000000000014,18.52239242745355,17.613107572546443,0.45314999999999955,21968.7,361594,17.85,17.83,18.11
2024-03-27,17.88,18.13,17.805,18.01,16241,18.07125,18.146259823590608,-0.25947699013160985,46.68246430010561,-0.6099999999999994,18.522818902475542,17.619681097524456,0.44564999999999955,22345.45,377835,17.7,18.24,18.62
2024-03-28,17.89,18.22,17.89,18.16,13906,18.0785,18.147568411820075,-0.23000461734576305,49.99999983490566,0.23999999999999844,18.530921554699432,17.626078445300564,0.41279285714285663,22436.8,391741,18.01,18.39,17.92
2024-04-01,18.05,18.05,17.78,17.97,17505,18.0775,18.130657134503878,-0.2194492696834267,49.99999983490566,-0.40000000000000213,18.530832688336666,17.624167311663335,0.41142142857142794,21841.1,374236,18.16,18.01,18.37
2024-04-02,17.77,18.07,17.77,18.05,24573,18.088,18.122975502646366,-0.2022968039887445,49.2822964856574,0.129999999999999,18.527693673271006,17.648306326728996,0.41856428571428517,22306.25,398809,17.97,17.85,17.92
2024-04-03,17.95,18.02,17.81,17.84,16713,18.080000000000002,18.096025454775283,-0.20330500618270975,39.94845346410352,0.010000000000001563,18.532082898777627,17.627917101222376,0.399635714285714,22423.65,382096,18.05,17.7,17.83
2024-04-04,17.93,17.93,17.75,17.845,14725,18.06275,18.072118268606207,-0.2013791816299424,48.82260575085821,-0.3949999999999996,18.523407139311608,17.602092860688394,0.37320714285714274,21937.7,396821,17.84,18.01,18.24
2024-04-05,17.885,17.885,17.79,17.82,6073,18.03925,18.048107004929424,-0.19956972532990847,40.03623168097565,-0.5700000000000003,18.499047152069668,17.57945284793033,0.3317785714285714,20598.2,390748,17.845,18.16,18.39
2024-04-08,17.97,18.0,17.53,17.67,50750,18.01475,18.012096813983764,-0.20784356379341773,44.918698931357014,-0.33999999999999986,18.499023465587804,17.530476534412195,0.32177857142857136,22365.7,339998,17.82,17.97,18.01
2024-04-09,17.68,17.71,17.52,17.61,17041,17.99675,17.973801879318643,-0.21674364929804923,45.47325076682082,-0.240000000000002,18.51368708260015,17.479812917399848,0.3175000000000003,22688.5,322957,17.67,18.05,17.85
2024-04-10,17.5,17.585,17.06,17.18,47739,17.95025,17.898201700335914,-0.2555486090908552,28.367346776676484,-0.5199999999999996,18.57942217959607,17.321077820403932,0.31214285714285744,23425.95,275218,17.61,17.84,17.7
2024-04-11,17.27,17.46,17.09,17.09,13455,17.873749999999998,17.82123010982773,-0.29021860278445644,22.803347146758668,-0.9200000000000017,18.53145634144551,17.216043658554486,0.3221428571428575,23061.1,261763,17.18,17.845,18.01
2024-04-12,17.07,17.15,16.81,16.82,14736,17.81875,17.725874861272708,-0.33561281764691486,23.90350862515392,-1.3399999999999999,18.626931031048148,17.010568968951855,0.31214285714285744,22869.5,247027,17.09,17.82,18.16
2024-04-15,16.88,17.23,16.61,17.01,65687,17.750750000000004,17.65769630305626,-0.3521967503926753,31.81818162534441,-0.9599999999999973,18.591828724645495,16.909671275354512,0.3210714285714289,23251.5,312714,16.82,17.67,17.97
2024-04-16,16.89,17.3,16.68,16.87,26101,17.69825,17.582677607527092,-0.37234430728584655,31.956521544612556,-1.1799999999999997,18.621877146234777,16.774622853765226,0.346071428571429,24038.5,286613,17.01,17.61,18.05
2024-04-17,16.87,16.905,16.51,16.58,25171,17.63575,17.487184502048322,-0.40702008262011447,18.640350762734684,-1.2600000000000016,18.682767191835275,16.58873280816473,0.35107142857142903,24451.8,261442,16.87,17.18,17.84
2024-04-18,16.79,16.89,16.63,16.86,21118,17.566750000000003,17.427452644710385,-0.407213133825028,23.02904550937491,-0.9849999999999994,18.627892755413722,16.505607244586283,0.34607142857142925,23681.45,282560,16.58,17.09,17.845
2024-04-19,16.79,17.465,16.79,17.23,34903,17.50875,17.408647630928442,-0.37320812077084753,35.71428552123558,-0.5899999999999999,18.505269601306495,16.512230398693504,0.3750000000000008,23498.25,317463,16.86,16.82,17.82
2024-04-22,17.23,17.23,15.205,15.6,63856,17.38825,17.236395475601924,-0.4723413762501778,20.410627950302256,-2.070000000000002,18.67122875028496,16.105271249715038,0.49821428571428644,26020.7,253607,17.23,17.01,17.67
2024-04-23,15.59,16.61,15.59,16.36,49800,17.313750000000002,17.15292923983031,-0.4840003122387131,34.221748298698415,-1.25,18.655527591578313,15.971972408421692,0.5560714285714292,27866.1,303407,15.6,16.87,17.61
2024-04-24,16.4,16.4,15.645,15.89,45702,17.22325,17.032650264608375,-0.5251119989384705,31.03782726779255,-1.2899999999999991,18.693360182049947,15.753139817950053,0.5971428571428578,29289.75,257705,16.36,16.58,17.18
2024-04-25,15.82,15.9,15.36,15.61,33925,17.10325,16.8971597632171,-0.573674003206186,29.57486129130352,-1.4800000000000004,18.69013133406992,15.516368665930079,0.628928571428572,30173.95,223780,15.89,16.86,17.09
2024-04-26,15.75,16.0,15.61,15.9,35986,16.99025,16.802192166720232,-0.5820496645666289,34.05405396815195,-0.9199999999999999,18.58214551032344,15.39835448967656,0.6232142857142863,31277.95,259766,15.61,17.23,16.82
2024-04-29,15.86,16.14,15.235,15.25,71701,16.85425,16.654364341318306,-0.6338305868380658,30.781758887468328,-1.7600000000000016,18.554761610322178,15.153738389677823,0.6742857142857149,33987.75,188065,15.9,15.6,17.01
2024-04-30,15.12,15.385,14.97,15.27,43516,16.71525,16.52252011833561,-0.6655811032725758,33.33333325189065,-1.6000000000000014,18.458167925415662,14.972332074584342,0.6664285714285718,34934.9,231581,15.25,16.36,16.87
2024-05-01,15.445,16.21,15.445,15.87,27906,16.61675,16.46037534516079,-0.6350086559066561,40.224358884112014,-0.7099999999999991,18.314098629015092,14.919401370984907,0.6946428571428575,35494.55,259487,15.27,15.89,16.58
2024-05-02,15.97,16.27,15.9,16.18,24935,16.5335,16.433672931335956,-0.5790899777241947,44.90445849862064,-0.6799999999999997,18.137984176825235,14.929015823174765,0.6967857142857146,36005.05,284422,15.87,15.61,16.86
2024-05-03,16.33,16.605,16.14,16.56,16318,16.4705,16.445704080732533,-0.49836634652185907,46.522411027617636,-0.6700000000000017,17.956894082475902,14.9841059175241,0.6857142857142859,36517.3,300740,16.18,15.9,17.23
2024-05-06,16.75,16.75,16.46,16.5,8030,16.412,16.45087512066277,-0.43422827173849754,47.10485122700032,0.9000000000000004,17.787585616918115,15.036414383081883,0.6621428571428573,34381.3,292710,16.56,15.25,15.6
2024-05-07,16.45,16.66,16.44,16.51,24245,16.357,16.45650606155203,-0.37823145231450894,49.427168462851036,0.15000000000000213,17.61373093046095,15.100269069539051,0.6496428571428572,34741.5,316955,16.5,15.27,16.36
2024-05-08,16.51,16.835,16.295,16.5,31807,16.323,16.46064834140422,-0.33084669107002895,46.917808106703895,0.6099999999999994,17.52142176917828,15.124578230821722,0.669642857142857,33944.9,285148,16.51,15.87,15.89
2024-05-09,16.5,16.665,16.5,16.65,17924,16.301000000000002,16.478681832699056,-0.2779857350473165,44.83985753954482,1.0399999999999991,17.4554859872407,15.146514012759306,0.6332142857142855,34168.35,303072,16.5,16.18,15.61
2024-05-10,16.59,16.72,16.54,16.7,17214,16.295,16.499759753394382,-0.22941392400420924,63.61386116569453,0.7999999999999989,17.439331567702467,15.150668432297534,0.5014285714285711,34292.25,320286,16.65,16.56,15.9
2024-05-13,16.7,16.869,16.61,16.7,14628,16.2795,16.51883025307111,-0.18874468260786514,55.1829265937314,1.4499999999999993,17.39098028369868,15.168019716301314,0.44707142857142834,31739.3,320286,16.7,16.5,15.25
2024-05-14,16.75,17.14,16.67,17.1,19501,16.291,16.574179752778623,-0.12282155169361175,68.8473517246533,1.8300000000000018,17.432557569380013,15.149442430619986,0.4267142857142855,31409.3,339787,16.7,16.51,15.27
2024-05-15,17.12,17.35,17.0,17.25,20886,16.3245,16.638543585847327,-0.057806888474239315,76.62337627508855,1.3800000000000008,17.538774312196978,15.110225687803023,0.4131428571428569,31195.05,360673,17.1,16.5,15.87
2024-05-16,16.98,17.375,16.98,17.25,12983,16.344,16.696777530052344,-0.006210706360722185,74.19354801479939,1.0700000000000003,17.606068477580973,15.081931522419028,0.4134999999999997,30788.3,360673,17.25,16.65,16.18
2024-05-17,17.29,17.675,17.06,17.54,13788,16.3595,16.777084431952122,0.057418331313005666,97.1193410042507,0.9800000000000004,17.673913617508976,15.045086382491025,0.39278571428571407,29732.55,374461,17.25,16.7,16.56
2024-05-20,17.54,18.05,17.54,17.85,18717,16.472,16.8792668670043,0.13134514428542232,97.42647008677551,1.3500000000000014,17.893498097819194,15.050501902180809,0.3995714285714285,27475.6,393178,17.54,16.7,16.5
2024-05-21,17.79,17.975,17.58,17.85,18847,16.546499999999998,16.97171764157532,0.18776820116722703,96.69811256897472,1.3399999999999999,18.09388863216249,14.999111367837507,0.3731428571428573,25927.95,393178,17.85,17.1,16.51
2024-05-22,17.72,18.13,17.72,18.0,20742,16.651999999999997,17.069649294758623,0.24180030242706252,96.42857073979592,1.5,18.295649341524246,15.008350658475749,0.3760000000000002,24679.95,413920,17.85,17.25,16.5
2024-05-23,17.98,18.1,17.2,17.2,30077,16.7315,17.082063647638755,0.21755992627472764,63.4453777780524,0.5500000000000007,18.315675362434902,15.1473246375651,0.4070714285714289,24487.55,383843,18.0,17.25,16.65
2024-05-24,17.22,17.5,17.0,17.45,21995,16.809,17.117105205006492,0.2160318819950824,68.48248989931713,0.75,18.37343229992577,15.244567700074233,0.422071428571429,23788.0,405838,17.2,17.54,16.7
2024-05-28,17.32,17.32,16.72,16.82,34184,16.8875,17.08880947119635,0.16211638684682583,54.858933928518766,0.120000000000001,18.269472274837476,15.505527725162523,0.44921428571428634,21912.15,371654,17.45,17.85,16.7
2024-05-29,16.5,16.7764,16.43,16.55,27596,16.951500000000003,17.037494283463364,0.09648896135992047,50.72463747532032,-0.5500000000000007,18.120165906064877,15.78283409393513,0.4353857142857149,21116.15,344058,16.82,17.85,17.1
2024-05-30,16.5375,16.79,16.5375,16.73,21443,16.9945,17.00820911360971,0.058330847198185154,51.149425081582805,-0.5199999999999996,18.053784266801493,15.935215733198504,0.4416357142857148,20793.0,365501,16.55,18.0,17.25
2024-05-31,16.76,16.9,16.55,16.9,27979,17.0305,16.997903483742117,0.04133140282447201,52.77777757253086,-0.3500000000000014,18.019863963680724,16.041136036319276,0.4537785714285718,20945.2,393480,16.73,17.2,17.25
2024-06-03,17.12,17.12,16.45,16.45,27049,17.025,16.945722199576203,-0.008355697837767906,46.913580084743174,-1.0899999999999999,18.026525152743254,16.023474847256743,0.4831357142857148,21481.75,366431,16.9,17.45,17.54
2024-06-04,16.45,16.65,16.11,16.15,33971,17.0075,16.8699391329499,-0.07112073939839902,37.97468340970994,-1.7000000000000028,18.0586522499762,15.9563477500238,0.4881357142857148,22778.8,332460,16.45,16.82,17.85
2024-06-05,16.3,16.895,16.06,16.36,62146,17.0,16.821373501240384,-0.10273300052341128,38.90274300632458,-1.490000000000002,18.068102104324115,15.931897895675885,0.5227785714285719,24673.85,394606,16.15,16.55,17.85
2024-06-06,16.43,16.8,16.28,16.74,83848,17.012,16.813623643979394,-0.09601630571945208,44.19134382262439,-1.2600000000000016,18.06168366162008,15.962316338379923,0.5317071428571433,27275.9,478454,16.36,16.73,18.0
2024-06-07,16.72,16.72,16.3,16.5,11359,17.0045,16.783754725505165,-0.1088050336871369,38.0184330570834,-0.6999999999999993,18.067137731010373,15.94186226898963,0.5177785714285716,26947.65,467095,16.74,16.9,17.2
2024-06-10,16.3,16.32,16.07,16.18,12876,16.9785,16.726254275457055,-0.14311181380357496,30.804597602008144,-1.2699999999999996,18.096510921704738,15.860489078295263,0.4992071428571429,26730.75,454219,16.5,16.45,17.45
2024-06-11,16.815,16.815,16.22,16.6,22693,16.9735,16.71423005874686,-0.13485516865860347,36.89727452482979,-0.21999999999999886,18.097632882198788,15.849367117801217,0.5134928571428572,27134.0,476912,16.18,16.15,16.82
2024-06-12,17.07,17.085,16.66,16.77,12937,16.957,16.71954148172335,-0.1132882228326153,37.16075145715019,0.21999999999999886,18.083000841356384,15.830999158643618,0.5145642857142858,26805.8,489849,16.6,16.36,16.55
2024-06-13,16.32,16.7399,16.32,16.33,13529,16.910999999999998,16.682442292987794,-0.1301997235530017,40.18058678046765,-0.40000000000000213,18.061503779814238,15.76049622018576,0.48027142857142835,26437.95,476320,16.77,16.74,16.73
2024-06-14,16.07,16.14,15.56,15.78,21050,16.8375,16.596495407941337,-0.18584036032633122,32.34672294865662,-1.1199999999999992,18.08088883277601,15.594111167223984,0.4859857142857141,26841.3,455270,16.33,16.5,16.9
2024-06-17,15.6,16.28,15.56,16.22,20055,16.7715,16.560638702423113,-0.19221589845520626,43.39207035077333,-0.23000000000000043,17.997898664468014,15.545101335531985,0.4945571428571426,27154.65,475325,15.78,16.18,16.45
2024-06-18,16.0601,16.21,15.91,16.09,17587,16.6835,16.515815968859005,-0.20539085381043165,44.77272713026858,-0.05999999999999872,17.834303380708892,15.532696619291105,0.491242857142857,27098.15,457738,16.22,16.6,16.15
2024-06-20,16.19,16.83,15.785,16.76,18024,16.628999999999998,16.53907159087243,-0.15992518312296156,50.30674832223018,0.40000000000000213,17.642215828828114,15.61578417117188,0.5478499999999998,27057.0,475762,16.09,16.77,16.36
2024-06-21,16.67,17.14,16.41,16.43,42506,16.5505,16.52868382031315,-0.14880620790860632,45.3465345277522,-0.3099999999999987,17.333623973514474,15.767376026485527,0.5749928571428572,28145.2,433256,16.76,16.33,16.74
2024-06-24,16.69,17.52,16.56,17.23,18266,16.552,16.595475837426186,-0.0745812998584583,57.22222207386832,0.7300000000000004,17.340458856516566,15.763541143483433,0.5957071428571429,27554.65,451522,16.43,15.78,16.5
2024-06-25,17.09,17.8,17.0,17.8,26991,16.569499999999998,16.71019242433798,0.029892132388866344,64.5502643908812,1.620000000000001,17.451828856223504,15.687171143776492,0.6142785714285716,27804.45,478513,17.23,16.22,16.18
2024-06-26,17.79,18.68,17.01,18.04,54479,16.6305,16.83684076487722,0.13054918440965224,64.7368419462604,1.4399999999999977,17.72816210887574,15.532837891124263,0.6739214285714284,28819.2,532992,17.8,16.09,16.6
2024-06-27,18.48,19.19,18.09,18.81,38872,16.7435,17.02476069203177,0.26934830788927755,66.99507373761395,2.039999999999999,18.209712808564433,15.277287191435569,0.71535,29383.0,571864,18.04,16.76,16.77
2024-06-28,19.19,19.19,17.53,17.73,888146,16.793499999999998,17.091926340409696,0.28887071816675913,58.87445875552058,1.4000000000000021,18.32454401944297,15.262455980557027,0.8039214285714288,72718.15,-316282,18.81,16.43,16.33
2024-07-01,17.73,18.13,16.75,16.76,52818,16.786499999999997,17.060314307989724,0.2234951631561195,53.82585742037442,0.9800000000000022,18.316773797310546,15.256226202689447,0.8846357142857144,73960.1,-369100,17.73,17.23,15.78
2024-07-02,16.83,17.37,16.31,16.82,57530,16.805,17.037427231038322,0.17451437029695782,51.52354560646403,0.6000000000000014,18.327069228662257,15.282930771337744,0.9178500000000002,75484.15,-311570,16.76,17.8,16.22
2024-07-03,16.797,17.0,16.51,16.76,14577,16.835500000000003,17.011005589987054,0.12936401273494624,49.92967641364059,0.6700000000000017,18.326433653082244,15.344566346917764,0.9224928571428571,74514.45,-326147,16.82,18.04,16.09
2024-07-05,16.91,16.91,16.54,16.54,21146,16.8445,16.96614791475019,0.07496570978122818,51.52394764566978,-0.22000000000000242,18.32548793484495,15.36351206515505,0.9189285714285715,72464.45,-347293,16.76,18.81,16.76
2024-07-08,16.48,16.48,16.16,16.26,13988,16.820500000000003,16.89889573239303,0.009155464483377784,53.62537753009741,-0.16999999999999815,18.324004327614762,15.316995672385245,0.900357142857143,68971.45,-361281,16.54,17.73,16.43
2024-07-09,16.12,16.83,16.11,16.32,17590,16.811500000000002,16.843762805498454,-0.03772328002818526,50.80128193730482,-0.9100000000000001,18.32520267538645,15.297797324613553,0.9003571428571429,69283.0,-343691,16.26,16.76,17.23
2024-07-10,16.17,16.96,16.17,16.88,9138,16.8465,16.847213966879554,-0.029349381756887283,55.92203886313216,-0.9200000000000017,18.33080774224304,15.36219225775696,0.9353571428571428,69096.1,-334553,16.32,16.82,17.8
2024-07-11,16.98,18.02,16.98,17.64,15133,16.898500000000002,16.92271739860531,0.03817261095507973,56.50887562261475,-0.3999999999999986,18.418877723150096,15.37812227684991,0.9349999999999999,68718.1,-319420,16.88,16.76,18.04
2024-07-12,17.8,17.8,17.34,17.34,13351,16.927,16.962458598738138,0.06670781776642798,56.76077254165665,-1.4699999999999989,18.458564044057926,15.395435955942075,0.9157142857142857,68738.8,-332771,17.64,16.54,18.81
2024-07-15,17.58,18.18,17.58,17.96,17038,17.0085,17.05746254171546,0.13776294746643103,55.572518965188515,0.23000000000000043,18.57927620771875,15.437723792281252,0.89,68914.25,-315733,17.34,16.26,17.73
2024-07-16,17.91,18.57,17.91,18.33,9579,17.136,17.178656585361605,0.2213786421497268,54.17322822701965,1.5699999999999967,18.700869592682963,15.571130407317037,0.88,68340.7,-306154,17.96,16.32,16.76
2024-07-17,18.1372,18.35,17.82,18.18,10393,17.234,17.274022624850975,0.27240086859854173,51.11821074829794,1.3599999999999994,18.802819871582518,15.665180128417486,0.7985714285714288,67857.6,-316547,18.33,16.88,16.82
2024-07-18,17.7306,18.19,17.7306,17.84,4576,17.3215,17.327925232008024,0.2821487570064036,41.68096044879357,1.0799999999999983,18.815069021187554,15.827930978812446,0.752814285714286,67207.05,-321123,18.18,17.64,16.76
2024-07-19,17.84,17.85,17.64,17.82,28127,17.3745,17.374789495626306,0.2849751794714841,50.94339607689569,1.2800000000000011,18.859377808192207,15.889622191807796,0.6492428571428575,67712.2,-349250,17.84,17.34,16.54
2024-07-22,17.66,17.9,17.4687,17.9,15502,17.448,17.424809543661897,0.29032379899480176,64.6907214160644,1.639999999999997,18.88063614214776,16.01536385785224,0.5814785714285718,66362.0,-333748,17.82,17.96,16.26
2024-07-23,18.08,18.1,18.001,18.1,16307,17.491500000000002,17.489113396646477,0.3071601954528056,65.92039778037676,1.7800000000000011,18.94888446323637,16.034115536763633,0.5128357142857146,66264.05,-317441,17.9,18.33,16.32
2024-07-24,18.1,18.195,17.71,18.02,3960,17.5025,17.539674025537288,0.3104689369036393,65.59405917863444,1.1400000000000006,18.97295105861706,16.032048941382943,0.5124785714285718,65112.5,-321401,18.1,18.18,16.88
2024-07-25,17.84,18.25,17.84,18.07,8231,17.503999999999998,17.590181261200403,0.3135117521387123,69.76744160807647,0.4299999999999997,18.976818994130724,16.03118100586927,0.5153357142857146,62800.1,-313170,18.02,17.84,17.64
2024-07-26,18.04,18.24,17.91,18.18,10322,17.4725,17.64635447441941,0.3210978694430011,75.94594565858289,0.8399999999999999,18.851681679570067,16.093318320429933,0.5160500000000001,61372.6,-302848,18.07,17.82,17.34
2024-07-29,18.18,18.18,17.16,17.72,17660,17.472,17.653368333998515,0.28668701704068056,67.07317050267696,-0.240000000000002,18.850795813286144,16.09320418671386,0.5374785714285716,17848.3,-320508,18.18,17.9,17.96
2024-07-30,17.73,17.73,17.11,17.43,12937,17.5055,17.63209515933199,0.23332595589101146,57.18015644894983,-0.8999999999999986,18.84340842263848,16.167591577361524,0.5253357142857146,15854.25,-333445,17.72,18.1,18.33
2024-07-31,17.43,17.86,17.115,17.86,13423,17.557499999999997,17.65380038225275,0.22316186568935947,53.1428569302857,-0.3200000000000003,18.863693747214295,16.2513062527857,0.5042642857142862,13648.9,-320022,17.43,18.02,18.18
2024-08-01,17.75,17.75,16.54,16.61,10387,17.55,17.554390822038204,0.11294029243715897,41.7977526774902,-1.2300000000000004,18.87703071792418,16.222969282075823,0.5578357142857148,13439.4,-330409,17.86,18.07,17.84
2024-08-02,16.2,16.454,16.17,16.3,16591,17.538,17.434925029463137,0.0005679454270151041,29.951690719970102,-1.5199999999999996,18.90715802017484,16.16884197982516,0.535264285714286,13211.65,-347000,16.61,18.18,17.82
2024-08-05,16.06,16.13,15.81,15.91,35821,17.5205,17.289694074276174,-0.11859065056650664,20.913461468079717,-1.9899999999999984,18.965294285119633,16.075705714880364,0.5109785714285716,14303.3,-382821,16.3,17.72,17.9
2024-08-06,15.91,16.42,15.91,16.21,10982,17.514999999999997,17.186866067202253,-0.18666544061247592,27.14617160555771,-1.8900000000000006,18.97973636930934,16.050263630690655,0.5095500000000002,13972.9,-371839,15.91,17.43,18.1
2024-08-07,16.21,16.54,16.135,16.41,14257,17.4915,17.1128788227068,-0.2219187326536236,32.85371691607865,-1.6099999999999994,19.01310960481729,15.969890395182704,0.5056642857142856,14228.85,-357582,16.21,17.86,18.02
2024-08-08,17.41,17.66,16.91,17.35,14272,17.477,17.13546179197282,-0.17202408994566198,45.38310400091093,-0.7199999999999989,18.998178213718987,15.955821786281012,0.544235714285714,14185.8,-343310,16.41,16.61,18.07
2024-08-09,17.655,17.655,16.675,16.7,7083,17.445,17.09398924035636,-0.18282430896834612,39.399293188765014,-1.4800000000000004,19.004750317400234,15.885249682599767,0.5834285714285713,13872.4,-350393,17.35,16.3,18.18
2024-08-12,16.7,16.86,16.62,16.7,4588,17.381999999999998,17.056466455560518,-0.18920255111995488,37.17948708415514,-1.0199999999999996,18.955886908262002,15.808113091737992,0.5934999999999997,13249.9,-350393,16.7,15.91,17.72
2024-08-13,16.87,16.87,16.5701,16.62,10693,17.2965,17.01489822169761,-0.1984253613339675,37.17948708415518,-0.8099999999999987,18.839023905811032,15.753976094188971,0.5802785714285712,13305.6,-361086,16.7,16.21,17.43
2024-08-14,16.7,16.72,16.57,16.575,5491,17.21625,16.973003152964505,-0.20697969569966546,36.296975158907856,-1.2850000000000001,18.732008885838543,15.700491114161455,0.5617071428571425,13060.5,-366577,16.62,16.41,17.86
2024-08-15,17.55,17.55,16.87,17.08,10886,17.17825,16.983193328872648,-0.1710381662930729,40.59829050113229,0.46999999999999886,18.66601510242662,15.690484897573377,0.5867071428571426,13376.0,-355691,16.575,17.35,16.61
2024-08-16,17.395,17.9,16.68,16.71,51599,17.122750000000003,16.95717491659906,-0.17044536498483254,41.23263878867069,0.41000000000000014,18.592420478640694,15.653079521359311,0.6009928571428569,14549.6,-407290,17.08,16.7,16.3
2024-08-19,16.67,16.85,16.61,16.74,6353,17.06475,16.936491591208675,-0.16564535980182882,43.727272615966925,0.8299999999999983,18.496331661181106,15.633168338818894,0.5738499999999999,14092.15,-400937,16.71,16.7,15.91
2024-08-20,16.72,16.72,16.39,16.59,13447,16.989250000000002,16.903492392045944,-0.171962787530898,37.83524894067175,0.379999999999999,18.34838391540292,15.630116084597084,0.5442071428571424,13949.15,-414384,16.74,16.62,16.21
2024-08-21,16.59,16.6913,16.45,16.45,27866,16.91075,16.86030264042252,-0.18612074044579074,48.0535278168493,0.03999999999999915,18.198711567748997,15.622788432251005,0.4750142857142852,15144.45,-442250,16.59,16.575,16.41
2024-08-22,16.52,16.66,16.46,16.55,8623,16.83475,16.830750008001328,-0.18711491164567207,53.20512801413544,-0.8000000000000007,18.00906043595739,15.660439564042608,0.4690142857142852,15164.05,-433627,16.45,17.08,17.35
2024-08-23,16.84,17.0,16.675,16.81,17763,16.76625,16.828773816763107,-0.16502071630885595,61.93633929254409,0.10999999999999943,17.7553850554364,15.777114944563602,0.46937142857142816,15536.1,-415864,16.55,16.71,16.7
2024-08-26,16.79,16.87,16.38,16.52,43637,16.70625,16.799366786595193,-0.1689637744671515,54.12234022401255,-0.17999999999999972,17.591966332157792,15.82053366784221,0.4679428571428567,16834.95,-459501,16.81,16.74,16.7
2024-08-27,16.52,16.64,16.4,16.64,8374,16.66675,16.784188997395653,-0.16055490237877024,53.12499979789403,0.019999999999999574,17.484412103676018,15.849087896323983,0.45615714285714276,16606.8,-451127,16.52,16.59,16.62
2024-08-28,17.4,17.4,16.66,16.89,26815,16.61825,16.794266235738924,-0.13219404929839484,42.30769210959607,0.3150000000000013,17.226035237345606,16.010464762654394,0.4554428571428569,17276.4,-424312,16.64,16.45,16.575
2024-08-29,16.9632,16.9885,16.77,16.9,8375,16.632749999999998,16.804336118049502,-0.10766980202149057,54.25531882571299,-0.17999999999999972,17.25340733405334,16.012092665946657,0.4010499999999997,17175.8,-415937,16.89,16.55,17.08
2024-08-30,17.0,17.555,17.0,17.25,23600,16.68025,16.846780297282884,-0.0593084139700224,60.1851848731139,0.5399999999999991,17.337985149063975,16.022514850936027,0.42354999999999976,17526.25,-392337,16.9,16.81,16.71
2024-09-03,17.375,17.375,16.91,17.15,11841,16.742250000000002,16.875658364208324,-0.028719766189876594,59.74264675132458,0.41000000000000014,17.323613868301813,16.16088613169819,0.43534285714285686,16327.25,-404178,17.25,16.52,16.74
2024-09-04,17.11,17.29,16.98,17.0,12041,16.78175,16.887500424759914,-0.016392822584645472,57.522123608739946,0.41000000000000014,17.31631598233718,16.247184017662818,0.44677142857142826,16380.2,-416219,17.15,16.64,16.59
2024-09-05,17.0,17.15,16.98,17.15,6710,16.81875,16.91250038430659,0.005417663970035846,51.417003757150596,0.6999999999999993,17.34738155012533,16.290118449874672,0.41034285714285673,16002.85,-409509,17.0,16.89,16.45
2024-09-06,17.0,17.07,16.95,16.99,6503,16.80075,16.919881300086914,0.00968037949055045,56.194689917377985,0.4399999999999977,17.274928236529718,16.326571763470284,0.33177142857142833,15614.4,-416012,17.15,16.9,16.55
2024-09-09,17.01,17.01,16.9,16.99,14409,16.81525,16.92655927150721,0.012909796157714482,55.605380816827214,0.17999999999999972,17.294168463556453,16.336331536443545,0.3224857142857141,15980.7,-416012,16.99,17.25,16.81
2024-09-10,17.0,17.0,16.78,16.98,32475,16.82925,16.931648864697,0.01449512492948557,59.33014314324309,0.46000000000000085,17.310348250167493,16.348151749832503,0.3146285714285713,17375.05,-448487,16.99,17.15,16.52
2024-09-11,16.86,16.86,16.86,16.86,945,16.84125,16.924825163297285,0.005999355451280053,59.90338123736846,0.21999999999999886,17.31223860193887,16.37026139806113,0.29739285714285707,16887.65,-449432,16.98,17.0,16.64
2024-09-12,16.9,17.09,16.9,16.95,21216,16.86,16.92722276679278,0.00645424425826846,59.70873745829012,0.05999999999999872,17.31597783879496,16.404022161205038,0.2966785714285715,17673.9,-428216,16.86,17.15,16.89
2024-09-13,17.21,17.4,17.0,17.4,19193,16.875999999999998,16.972249169955372,0.04263452187323935,63.11111071841977,0.5,17.383974305191984,16.36802569480801,0.3020357142857143,18089.25,-409023,16.95,16.99,16.9
2024-09-16,17.22,17.35,17.22,17.29,2342,16.904999999999998,17.002511153769145,0.061720100953181145,68.59903335247033,0.03999999999999915,17.438646837680935,16.37135316231906,0.27632142857142866,15626.4,-411365,17.4,16.99,17.25
2024-09-17,17.19,17.25,17.0,17.1,14732,16.923,17.01179580579113,0.060813131847464064,60.747663153987304,-0.04999999999999716,17.457498289100233,16.388501710899764,0.2770357142857142,16045.35,-426097,17.29,16.98,17.15
2024-09-18,17.15,17.38,17.1,17.34,20010,16.9605,17.043053348096738,0.07855481551604271,60.563379883620996,0.33999999999999986,17.501822940871932,16.419177059128067,0.2441785714285713,16373.5,-406087,17.1,16.86,17.0
2024-09-19,17.42,19.6,17.42,19.6,40238,17.118000000000002,17.286572076849428,0.2718446837190953,80.82191754988435,2.450000000000003,18.383087473571667,15.852912526428337,0.38428571428571423,16992.1,-365849,17.34,16.95,17.15
2024-09-20,19.27,19.465,18.96,19.1,27335,17.2455,17.459279498101864,0.3802986296518789,70.41942583093339,2.110000000000003,18.75913591534061,15.73186408465939,0.3807142857142856,17927.7,-393184,19.6,17.4,16.99
2024-09-23,19.0804,19.13,18.545,18.8,9123,17.345,17.586967164949307,0.4370041584658324,67.44186026549983,1.8100000000000023,18.993699647089873,15.696300352910123,0.38928571428571396,17495.7,-402307,19.1,17.29,16.99
2024-09-24,18.51,18.7,18.3658,18.68,4773,17.453,17.69106553019223,0.4668788131388908,67.872340223359,1.6999999999999993,19.156236547529616,15.749763452470384,0.3910142857142854,15552.5,-407080,18.8,17.1,16.98
2024-09-25,18.33,18.33,17.46,17.47,8041,17.4945,17.67001167017392,0.3884401088239464,52.777777649498454,0.6099999999999994,19.154220648656707,15.834779351343288,0.4410142857142854,15535.85,-415121,18.68,17.34,16.86
2024-09-26,17.76,17.89,17.65,17.84,6384,17.541999999999998,17.68620103491926,0.3520742851124403,57.1189278392521,0.8900000000000006,19.183149789500472,15.900850210499522,0.44958571428571403,14514.3,-408737,17.47,19.6,16.95
2024-09-27,17.676,18.16,17.676,18.16,4286,17.605,17.73132474587933,0.34509736584807627,59.30047681554744,0.7600000000000016,19.23910364935662,15.97089635064338,0.47629999999999967,14309.85,-404451,17.84,19.1,17.4
2024-09-30,18.35,18.45,17.97,18.45,11260,17.665,17.799770008176537,0.35883228817950297,61.18721448148842,1.1600000000000001,19.332011192460325,15.997988807539674,0.49487142857142835,13692.85,-393191,18.16,18.8,17.29
2024-10-01,18.45,18.52,17.85,17.85,5616,17.699999999999996,17.80455381692163,0.3176407625085176,57.021276482510956,0.75,19.350798849679684,16.049201150320307,0.5427285714285711,13381.6,-398807,18.45,18.68,17.1
2024-10-02,17.79,18.1,17.73,17.73,3520,17.7365,17.797453453405282,0.27217571233940063,55.50847446650868,0.39000000000000057,19.35407811167404,16.11892188832596,0.5555857142857139,12955.55,-402327,17.85,17.47,17.34
2024-10-03,17.56,17.77,17.42,17.75,8761,17.7665,17.792934076890493,0.23504867061320311,52.63157883656511,-1.8500000000000014,19.360360259343434,16.172639740656567,0.5520142857142852,13058.1,-393566,17.73,17.84,19.6
2024-10-04,17.75,18.26,17.75,18.26,1904,17.83,17.837416545758064,0.24396567586139284,56.879432511161426,-0.8399999999999999,19.39452784200844,16.265472157991557,0.5791571428571424,12828.15,-391662,17.75,18.16,19.1
2024-10-07,18.5,18.5,18.1,18.15,4432,17.888,17.86718639854301,0.23939676913758134,57.53228108960515,-0.6500000000000021,19.40674740632176,16.369252593678244,0.5898714285714279,12329.3,-396094,18.26,18.45,18.8
2024-10-08,18.16,18.23,18.15,18.21,8313,17.9495,17.899835312967483,0.23787529783935213,56.406480001518304,-0.46999999999999886,19.412006500209976,16.486993499790024,0.575585714285714,11121.2,-387781,18.15,17.85,18.68
2024-10-09,18.36,18.46,18.36,18.46,1184,18.0295,17.953184330780104,0.2539154522591289,38.07531369601374,0.990000000000002,19.41403830419675,16.644961695803246,0.4270142857142855,11133.15,-386597,18.21,17.73,17.47
2024-10-10,18.11,18.21,18.045,18.15,13312,18.0895,17.971928680229617,0.23885955669422287,39.65141600106321,0.3099999999999987,19.377721540279722,16.80127845972028,0.40272857142857127,10737.95,-399909,18.46,17.75,17.84
2024-10-11,17.84,18.47,17.84,18.0,2597,18.1195,17.974602139255367,0.21237576892503895,40.99099086174013,-0.16000000000000014,19.367428388633115,16.871571611366882,0.4059428571428571,9908.15,-402506,18.15,18.26,18.16
2024-10-14,18.24,18.25,18.15,18.15,1446,18.1625,17.99130669742152,0.2011719378356922,44.07158822885856,-0.3000000000000007,19.347775895041732,16.97722410495827,0.38921428571428585,9863.35,-401060,18.0,18.15,18.45
2024-10-15,18.2303,18.5,18.1,18.1,10220,18.2125,18.001658440524235,0.1861128458104062,59.51661606246751,0.25,19.28837663154952,17.136623368450476,0.3556428571428573,9637.75,-411280,18.15,18.21,17.85
2024-10-16,18.255,18.4605,18.0465,18.15,9764,18.253,18.015786208093356,0.17618207176415268,55.183946229907924,0.41999999999999815,19.248571245698525,17.257428754301475,0.3680714285714285,9125.45,-401516,18.1,18.46,17.73
2024-10-17,18.305,18.9,18.28,18.56,10722,18.201,18.067616093036847,0.19910033059585786,56.493506236717806,0.8099999999999987,18.986899417696307,17.415100582303694,0.3777857142857139,7649.65,-390794,18.15,18.15,17.75
2024-10-18,18.63,18.81,18.6,18.81,2330,18.186500000000002,18.138319322271432,0.23473030169604314,55.921052374047775,0.5499999999999972,18.91085161569258,17.462148384307426,0.3584999999999994,6399.4,-388464,18.56,18.0,18.26
2024-10-21,18.52,18.52,17.58,17.58,4139,18.1255,18.085146053483676,0.1618508739083282,46.32152570885518,-0.5700000000000003,18.83769379385006,17.413306206149937,0.3777857142857139,6150.2,-392603,18.81,18.15,18.15
2024-10-22,17.51,17.95,17.5,17.95,10306,18.089,18.072275000770944,0.13242282223465196,52.806122260386275,-0.26000000000000156,18.754855998339625,17.423144001660372,0.38349999999999945,6426.85,-382297,17.58,18.1,18.21
2024-10-23,17.98,18.21,17.87,17.95,2654,18.113,18.060629762602282,0.10785756440217398,52.564102375410904,-0.5100000000000016,18.716606703599393,17.509393296400606,0.3827857142857139,6157.5,-382297,17.95,18.15,18.46
2024-10-24,18.235,18.48,18.11,18.47,4299,18.1445,18.099617404259206,0.12886361522328116,52.68542180624142,0.3200000000000003,18.753847364419396,17.535152635580605,0.3727857142857139,6053.25,-377998,17.95,18.56,18.15
2024-10-25,18.2,18.2,17.96,17.99,7502,18.136,18.089177651472614,0.10556221783047093,48.130840964057995,-0.010000000000001563,18.74916778848913,17.522832211510867,0.36135714285714243,6214.05,-385500,18.47,18.81,18.0
2024-10-28,17.8,17.975,17.71,17.76,6122,18.101499999999998,18.057827398951414,0.06775557066736937,44.94382008332281,-0.389999999999997,18.71791663968679,17.485083360313205,0.37457142857142806,5957.15,-391622,17.99,17.58,18.15
2024-10-29,17.925,17.925,17.545,17.6,6509,18.089000000000002,18.01422478952747,0.024599302141844248,40.13761455001682,-0.5,18.73625818487933,17.441741815120675,0.39457142857142785,6001.8,-398131,17.76,17.95,18.1
2024-10-30,17.925,18.09,17.6,17.84,6216,18.0945,17.997631952429618,0.009652376064437362,46.38694623556708,-0.3099999999999987,18.730688485806077,17.458311514193923,0.41778571428571354,6136.6,-391915,17.6,17.95,18.15
2024-10-31,17.5,17.52,17.25,17.27,9241,18.070500000000003,17.928333671245845,-0.04763826261179105,42.25053065997717,-1.2899999999999991,18.791916005249487,17.34908399475052,0.39207142857142785,6160.6,-401156,17.84,18.47,18.56
2024-11-01,17.35,17.35,17.265,17.265,12872,18.02075,17.865159035889096,-0.09238006484971706,40.30668114692366,-1.5449999999999982,18.820159486004716,17.221340513995283,0.39099999999999924,6709.0,-414028,17.27,17.99,18.81
2024-11-04,17.16,17.5,16.95,17.45,11894,17.98575,17.825620080090136,-0.11162358438271269,43.085106254640074,-0.129999999999999,18.821788748786332,17.149711251213667,0.40171428571428514,7082.1,-402134,17.265,17.76,17.58
2024-11-05,17.45,17.47,17.45,17.47,1526,17.94875,17.791751501033932,-0.1238329106905347,42.71948595330347,-0.4800000000000004,18.80817376655806,17.08932623344194,0.3735714285714281,6742.75,-400608,17.45,17.6,17.95
2024-11-06,17.5,18.25,17.3,18.2,29982,17.935750000000002,17.830632310459272,-0.07375380269072096,46.392785440982166,0.25,18.77011250483361,17.101387495166396,0.3971428571428568,8182.65,-370626,17.47,17.84,17.95
2024-11-07,18.0,18.24,17.83,17.85,3806,17.920749999999998,17.832476852320294,-0.06159776305884179,40.569744485662795,-0.6199999999999974,18.749663524788605,17.09183647521139,0.4114285714285713,7707.35,-374432,18.2,17.27,18.47
2024-11-08,18.27,18.27,17.95,17.95,2031,17.91825,17.843669533051695,-0.043394623597357906,54.67171697843335,-0.03999999999999915,18.746458434227062,17.09004156577294,0.36714285714285694,7679.05,-372401,17.85,17.265,17.99
2024-11-11,17.965,18.0,17.6,17.6,9017,17.89075,17.820462910856296,-0.056558606941049305,45.55837547263523,-0.16000000000000014,18.723072527312702,17.0584274726873,0.3635714285714283,8057.6,-381418,17.95,17.45,17.76
2024-11-12,17.7,17.75,17.25,17.6,11459,17.86575,17.799466443155698,-0.06622772657566145,45.55837547263523,0.0,18.701637646692575,17.029862353307422,0.3749999999999997,8119.55,-381418,17.6,17.47,17.6
2024-11-13,17.28,17.65,17.28,17.65,9841,17.84075,17.785231543807537,-0.0690599117415438,38.18443788628751,-0.19000000000000128,18.670729549525223,17.010770450474777,0.3749999999999995,8123.4,-371577,17.6,18.2,17.84
2024-11-14,17.51,17.64,17.4801,17.64,2489,17.79475,17.77139996820682,-0.07128957348983178,44.166666460555554,0.370000000000001,18.556019542138646,17.033480457861355,0.36927857142857107,7711.75,-374066,17.65,17.85,17.27
2024-11-15,17.5,17.51,17.39,17.4,6315,17.72425,17.736028542663313,-0.09136934182825485,44.01993335007332,0.134999999999998,18.336143308552344,17.11235669144766,0.3589214285714282,7911.0,-380381,17.64,17.95,17.265
2024-11-18,17.59,17.79,17.56,17.76,3997,17.73325,17.73831153860014,-0.07734215928067201,52.49221160906824,0.3100000000000023,18.341494021320546,17.125005978679457,0.3482071428571426,7903.9,-376384,17.4,17.6,17.45
2024-11-19,17.69,18.21,17.555,18.2,8916,17.74575,17.782281868257268,-0.030371094216132377,55.278592148416344,0.7300000000000004,18.382363366923656,17.109136633076346,0.3599928571428571,7834.4,-367468,17.76,17.6,17.47
2024-11-20,17.5095,18.12,17.5095,18.12,2999,17.75425,17.814445499851814,0.00039394074005372204,64.55479421103874,-0.0799999999999983,18.406688946527467,17.10181105347253,0.38431428571428583,7851.65,-370467,18.2,17.65,18.2
2024-11-21,18.21,18.4,18.0,18.35,16188,17.748250000000002,17.86545069034212,0.04284068960035725,67.24960224435796,0.5,18.37466229906473,17.121837700935274,0.4068142857142857,8446.1,-354279,18.12,17.64,17.85
2024-11-22,18.27,18.4,18.1,18.4,6632,17.76875,17.916360148404774,0.07959708042137592,65.78073059105313,0.4499999999999993,18.452669624393163,17.08483037560684,0.38895714285714256,8402.6,-347647,18.35,17.4,17.95
2024-11-25,18.42,18.9,18.42,18.42,11028,17.801750000000002,17.9643258485567,0.1090831748774761,65.78073059105317,0.8200000000000003,18.545009358288024,17.05849064171198,0.4218142857142852,8647.9,-336619,18.4,17.76,17.6
2024-11-26,18.45,18.84,18.4,18.62,4315,17.85275,18.026771005837016,0.14689611868346475,58.46774160542411,1.0199999999999996,18.673644730092267,17.031855269907734,0.38538571428571394,8538.2,-332304,18.42,18.2,17.6
2024-11-27,18.85,18.85,18.42,18.42,3219,17.88175,18.06422138623349,0.15889319866046492,62.23175928272769,0.7700000000000031,18.74083932811596,17.02266067188404,0.38681428571428533,8388.35,-335523,18.62,18.12,17.65
2024-11-29,18.66,18.66,18.59,18.59,956,17.94775,18.11429553992554,0.1800431251533965,63.33333296388895,0.9499999999999993,18.811758254102024,17.083741745897974,0.3689571428571425,7974.1,-334567,18.42,18.35,17.64
2024-12-02,18.65,18.7742,18.4,18.7,19413,18.0195,18.170076917075487,0.20333673565178856,75.4629624738512,1.3000000000000007,18.8831148020468,17.1558851979532,0.36711428571428556,8301.15,-315154,18.59,18.4,17.4
2024-12-03,18.5,18.7985,18.5,18.72,8796,18.083000000000002,18.222450544020678,0.22086492922572276,75.68807290842526,0.9599999999999973,18.957001083944064,17.20899891605594,0.35272142857142846,8146.25,-306358,18.7,18.42,17.76
2024-12-04,18.81,18.81,18.45,18.55,10612,18.137,18.253645730304424,0.21851961160731292,69.56521696786399,0.3500000000000014,18.98458728784998,17.28941271215002,0.3520071428571429,8600.55,-316970,18.72,18.62,18.2
2024-12-05,18.85,19.13,18.535,18.9,11196,18.172,18.315203279799242,0.24211208798477202,73.86363597193528,0.7799999999999976,19.08576836866764,17.25823163133236,0.3830857142857142,7661.25,-305774,18.55,18.42,18.12
2024-12-06,19.5668,19.5668,19.15,19.15,9655,18.237000000000002,18.394707729342173,0.2777801297279332,83.01886748593816,0.7999999999999972,19.235358652989287,17.238641347010716,0.4042857142857143,7953.7,-296119,18.9,18.59,18.35
2024-12-09,18.7765,19.68,18.7765,19.11,9857,18.294999999999998,18.462830802738157,0.2993687079628593,78.96995660704758,0.7100000000000009,19.355972741352637,17.23402725864736,0.4523928571428572,8345.0,-305976,19.15,18.7,18.4
2024-12-10,19.38,19.7499,19.1501,19.35,15371,18.3825,18.547323107239286,0.3320165261473136,76.99530465824698,0.9299999999999997,19.489774986051547,17.275225013948454,0.4484500000000001,8662.7,-290605,19.11,18.72,18.42
2024-12-11,19.35,20.07,19.2298,19.99,36049,18.502,18.68472090654983,0.4048657680165775,84.75836387114613,1.3699999999999974,19.759392456424134,17.244607543575864,0.4648571428571428,9892.2,-254556,19.35,18.55,18.62
2024-12-12,20.69,20.8228,19.8,20.4,33719,18.6395,18.848080820211752,0.49003408266604964,85.71428529616732,1.9799999999999969,20.091054158026108,17.187945841973896,0.5093428571428572,11086.1,-220837,19.99,18.9,18.42
2024-12-13,20.5099,20.7,20.46,20.46,15015,18.7805,19.00159693257254,0.5559632855091792,85.76388847198119,1.870000000000001,20.36502350466656,17.19597649533344,0.505057142857143,11712.4,-205822,20.4,19.15,18.59
2024-12-16,20.88,20.88,20.39,20.39,14334,18.93,19.13382579613706,0.5956974098391647,83.61774704073437,1.6900000000000013,20.530236824578026,17.329763175421974,0.5057714285714289,12113.35,-220156,20.46,19.11,18.7
2024-12-17,20.3,20.3,19.91,19.91,11552,19.0375,19.20774714888591,0.5817489612676638,70.09345763822171,1.1900000000000013,20.595094298910585,17.479905701089418,0.5022000000000002,12491.1,-231708,20.39,19.35,18.72
2024-12-18,19.91,19.91,18.2,18.2,11357,19.0375,19.111771229944395,0.4277808153924809,47.66949138403114,-0.3500000000000014,20.595094298910585,17.479905701089418,0.5936285714285717,12613.15,-243065,19.91,19.99,18.55
2024-12-19,18.2,18.61,17.985,18.3,9463,19.0465,19.034459684235404,0.3102527146026013,46.88172028895827,-0.5999999999999979,20.58371929401549,17.509280705984512,0.6332714285714288,12936.35,-233602,18.2,20.4,18.9
2024-12-20,18.28,18.89,18.28,18.8,12131,19.069,19.0121301904987,0.2545226901705817,50.99206335041889,-0.34999999999999787,20.576174421505637,17.56182557849436,0.6501142857142858,12733.5,-221471,18.3,20.46,19.15
2024-12-23,18.89,18.94,18.51,18.51,3580,19.0745,18.96430826759406,0.1848251190039676,48.02259874344327,-0.5999999999999979,20.57216801183806,17.576831988161942,0.6595071428571428,12580.9,-225051,18.8,20.39,19.11
2024-12-24,18.74,18.74,18.38,18.41,4601,19.074,18.911517004013675,0.12013528268820295,48.66412200738593,-0.9400000000000013,20.57259442917577,17.575405570824234,0.6595071428571428,12259.55,-229652,18.51,19.91,19.35
2024-12-26,18.525,18.555,18.42,18.42,2583,19.064,18.864705860774276,0.06888102024493392,45.1020406874636,-1.5699999999999967,20.57794083177118,17.55005916822882,0.6266499999999999,12172.95,-227069,18.41,18.2,19.99
2024-12-27,18.41,18.41,18.03,18.03,3320,19.044500000000003,18.78521006451006,-0.0031715331820514336,38.888888780864235,-2.3699999999999974,20.602764554256236,17.48623544574377,0.6240214285714283,12178.0,-230389,18.42,18.3,20.4
2024-12-30,17.95,18.35,17.7,17.76,6999,19.003,18.6875710107472,-0.08112528263985297,37.19165075508863,-2.6999999999999993,20.653698097934647,17.352301902065353,0.6059142857142855,12480.15,-237388,18.03,18.8,20.46
2024-12-31,18.16,18.35,18.01,18.1,3964,18.973000000000003,18.631611866866514,-0.11415314580321834,38.36126619421645,-2.289999999999999,20.668096333234814,17.27790366676519,0.5873571428571426,11707.7,-233424,17.76,18.51,20.39
2025-01-02,18.1701,18.25,17.66,17.66,9950,18.919999999999998,18.539077403355417,-0.173828501320898,27.466150796029822,-2.25,20.711923400618154,17.128076599381842,0.569485714285714,11765.4,-243374,18.1,18.41,19.91
2025-01-03,17.935,18.2879,17.45,17.45,10247,18.865000000000002,18.435355745892995,-0.23535388240943433,20.321931532292396,-0.75,20.768774643894485,16.96122535610552,0.5562785714285712,11747.15,-253621,17.66,18.42,18.2
2025-01-06,17.4,17.75,17.4,17.56,2677,18.798,18.351988531998423,-0.2721005042604645,21.115537789717635,-0.740000000000002,20.788911983567957,16.80708801643204,0.5641357142857143,11321.2,-250944,17.45,18.03,18.3
2025-01-07,17.54,18.03,17.31,17.31,30575,18.706,18.252751528950952,-0.3177327521008877,20.384615329733748,-1.490000000000002,20.796010324829385,16.615989675170614,0.580564285714286,12367.2,-281519,17.56,17.76,18.8
2025-01-08,17.12,17.45,17.12,17.17,4230,18.609,18.149632335717527,-0.36103171833368464,21.810699525648218,-1.3399999999999999,20.797803085562318,16.420196914437685,0.5762785714285715,12085.85,-285749,17.31,18.1,18.51
2025-01-10,17.12,17.12,16.79,16.84,5102,18.4835,18.024905446601572,-0.41716587457494114,30.459769992403253,-1.5700000000000003,20.778659895817086,16.188340104182913,0.47770714285714305,11572.4,-290851,17.17,17.66,18.41
2025-01-13,16.71,16.71,16.71,16.71,3081,18.3195,17.899676356449042,-0.4667619699254928,27.350427241337343,-1.7100000000000009,20.63010233659827,16.008897663401733,0.4330642857142859,9924.0,-293932,16.84,17.45,18.42
2025-01-14,16.89,16.903,16.52,16.52,6079,18.1255,17.7682786082158,-0.5154567800158034,14.374999937109393,-1.5100000000000016,20.35055801225347,15.900441987746529,0.41685000000000016,8542.0,-300011,16.71,17.56,18.03
2025-01-15,16.84,16.91,16.7,16.72,4496,17.9385,17.668442550290486,-0.5317794172088917,21.221864856235968,-1.0400000000000027,19.95646432079425,15.92053567920575,0.40113571428571454,8016.05,-295515,16.52,17.31,17.76
2025-01-16,16.72,16.72,16.48,16.48,1094,17.743000000000002,17.555257545500915,-0.557652943018752,20.307692220213028,-1.620000000000001,19.50193628142234,15.984063718577666,0.39256428571428587,7354.05,-296609,16.72,17.17,18.1
2025-01-17,16.48,16.87,16.48,16.82,9935,17.5885,17.48523301735797,-0.5444466975077553,27.653631176773487,-0.8399999999999999,19.06636866448688,16.11063133551312,0.41077857142857177,7273.2,-286674,16.48,16.84,17.66
2025-01-21,16.9,17.21,16.8,16.8,7211,17.5185,17.419972729990544,-0.5294908447853715,30.841121360817525,-0.6499999999999986,19.007000128175168,16.02999987182483,0.412921428571429,7065.9,-293885,16.82,16.71,17.45
2025-01-22,16.8836,17.0,16.77,16.95,5808,17.451,17.375213422372397,-0.4997734006890866,36.89320371634142,-0.6099999999999994,18.912475822224202,15.989524177775799,0.3829214285714289,6883.15,-288077,16.8,16.52,17.56
2025-01-23,17.1,17.1,16.75,16.84,11858,17.353,17.32424071547979,-0.47957000829810426,27.972027835101898,-0.46999999999999886,18.691264390524495,16.01473560947551,0.3836357142857147,6869.5,-299935,16.95,16.72,17.31
2025-01-24,16.945,17.55,16.945,17.5,9051,17.302500000000002,17.340979694957905,-0.40562638168639253,47.40259718713104,0.3299999999999983,18.52844539244686,16.076554607553145,0.3847071428571433,7143.05,-290884,16.84,16.48,17.17
2025-01-27,16.81,17.2,16.77,17.1,5052,17.237,17.31802924781906,-0.37497964993434607,44.64831785165859,0.26000000000000156,18.348435297734934,16.125564702265063,0.3555714285714289,7165.6,-295936,17.5,16.82,16.84
2025-01-28,17.22,17.22,17.05,17.17,4472,17.174500000000002,17.303931224217244,-0.34111135981597585,43.96284810666261,0.46000000000000085,18.13635073795458,16.212649262045424,0.34271428571428586,7260.05,-291464,17.1,16.8,16.71
2025-01-29,17.29,17.36,17.0,17.36,8372,17.141,17.309271107625126,-0.2955323705800339,50.78864330881988,0.8399999999999999,18.02054294350656,16.261457056493438,0.3169999999999999,7512.65,-283092,17.17,16.95,16.52
2025-01-30,17.36,17.36,16.709,16.96,15312,17.101,17.276007192613207,-0.2883632779241765,46.938775318617225,0.240000000000002,17.933520586120416,16.268479413879582,0.33992857142857147,7928.3,-298404,17.36,16.84,16.72
2025-01-31,16.8,16.97,16.61,16.61,10998,17.0265,17.212577936173854,-0.30738050415762785,46.666666477294676,0.129999999999999,17.740901479339662,16.312098520660335,0.3420714285714284,8280.0,-309402,16.96,17.5,16.48
2025-02-03,16.28,16.73,16.28,16.34,28000,16.960500000000003,17.129475275585868,-0.3403155901905883,44.84679648249157,-0.4800000000000004,17.67236855676013,16.248631443239876,0.3742142857142855,9182.5,-337402,16.61,17.1,16.82
2025-02-04,16.55,16.749,16.34,16.34,13793,16.905,17.054287154101498,-0.3622411921800506,47.35294098148789,-0.46000000000000085,17.629154679608217,16.180845320391786,0.37607142857142833,9359.8,-337402,16.34,17.17,16.8
2025-02-05,16.3501,16.74,16.3501,16.74,7732,16.864,17.024355044187068,-0.3433824337139022,50.277777582253094,-0.21000000000000085,17.52182416463476,16.20617583536524,0.3889214285714281,9612.55,-329670,16.34,17.36,16.95
2025-02-06,16.92,17.0,16.6901,16.8,7142,16.838500000000003,17.002987897121635,-0.31990753823513884,54.678362349269875,-0.03999999999999915,17.462182611589,16.214817388411007,0.3939142857142853,8440.9,-322528,16.74,16.96,16.84
2025-02-07,16.69,16.74,16.5,16.56,7130,16.808,16.960798573586242,-0.317015155301803,46.08433715506602,-0.9400000000000013,17.423025887344373,16.192974112655627,0.38319999999999943,8585.9,-329658,16.8,16.61,17.5
2025-02-10,16.6,16.7867,16.49,16.49,8988,16.7905,16.915960614197076,-0.3167203805785128,45.40059328320225,-0.610000000000003,17.42140494738118,16.159595052618823,0.37510714285714236,8780.2,-338646,16.56,16.34,17.1
2025-02-11,16.4,16.71,16.4,16.57,6149,16.783499999999997,16.883011984273544,-0.3064983162730499,44.24242405472913,-0.6000000000000014,17.4212353022908,16.145764697709193,0.3808214285714282,8933.6,-332497,16.49,16.34,17.17
2025-02-12,16.45,16.66,16.4,16.6,4659,16.7875,16.85605846196178,-0.29260355573431696,46.27329172427764,-0.759999999999998,17.41925194998849,16.155748050011514,0.3743928571428568,8862.6,-327838,16.57,16.74,17.36
2025-02-13,16.88,16.88,16.63,16.63,1081,16.782999999999998,16.834529084632088,-0.2759896714862009,33.20463302514868,-0.33000000000000185,17.41804993587205,16.147950064127944,0.3490357142857139,8691.85,-326757,16.6,16.8,16.96
2025-02-14,16.9,17.1,16.65,16.65,21366,16.791500000000003,16.816954886095697,-0.25823247247145176,39.81900427263973,0.03999999999999915,17.41389858611542,16.169101413884587,0.35046428571428556,9705.45,-305391,16.63,16.56,16.61
2025-02-18,16.65,16.9999,16.65,16.65,8742,16.783,16.80105442075325,-0.2413773168619322,37.85046704209968,0.3099999999999987,17.408395874625402,16.1576041253746,0.3633142857142858,9645.8,-305391,16.65,16.49,16.34
2025-02-19,16.85,17.1696,16.8,16.8,15711,16.783,16.80095399972913,-0.21345515999564668,36.66666642222229,0.46000000000000085,17.408395874625402,16.1576041253746,0.364,10070.8,-289680,16.65,16.57,16.34
2025-02-20,16.96,16.96,16.65,16.65,5605,16.768,16.786577428326357,-0.20111210079846842,41.62162130664717,-0.08999999999999986,17.39091673854245,16.14508326145755,0.3396428571428573,10060.65,-295285,16.8,16.6,16.74
2025-02-21,16.65,16.67,16.24,16.24,8884,16.738,16.734522435152417,-0.22185628973744542,40.31413583015818,-0.5600000000000023,17.402707296087648,16.07329270391235,0.3446428571428576,9911.95,-304169,16.65,16.63,16.8
2025-02-24,16.24,16.45,16.24,16.24,8459,16.675,16.687425060375997,-0.23558058261285453,46.95121911139201,-0.3200000000000003,17.270898260477885,16.079101739522116,0.32750000000000057,9882.35,-304169,16.24,16.65,16.56
2025-02-25,16.35,16.35,16.241,16.32,7460,16.636000000000003,16.652432197483044,-0.23726678834016468,49.41860424891835,-0.16999999999999815,17.21668562016994,16.055314379830065,0.3060714285714293,10002.75,-296709,16.24,16.65,16.49
2025-02-26,16.4,16.6,16.4,16.58,10474,16.6065,16.64553389296085,-0.2151432539289111,44.936708462586154,0.00999999999999801,17.1301018977877,16.0828981022123,0.292507142857144,10302.85,-286235,16.32,16.8,16.57
2025-02-27,16.8,16.88,16.265,16.31,6161,16.554,16.613578284107433,-0.21689668703771758,36.312848878000054,-0.2900000000000027,16.955911223502657,16.15208877649734,0.31430000000000113,10192.3,-292396,16.58,16.65,16.6
2025-02-28,16.36,16.62,16.34,16.48,9530,16.53,16.600856542763868,-0.2022374487379146,47.67441821660363,-0.14999999999999858,16.884341494515247,16.175658505484755,0.3171571428571442,9903.2,-282866,16.31,16.24,16.63
2025-03-03,16.42,16.5,16.34,16.34,5831,16.5165,16.576013062500643,-0.19961568142339203,45.8100555076309,-0.3099999999999987,16.87849883686718,16.15450116313282,0.3073928571428584,9644.85,-288697,16.48,16.24,16.65
2025-03-04,16.44,16.505,16.34,16.34,15037,16.5165,16.55353562797677,-0.19528676764223007,43.27485344687255,-0.3099999999999987,16.87849883686718,16.15450116313282,0.2970357142857153,8996.7,-288697,16.34,16.32,16.65
2025-03-05,16.34,16.42,16.34,16.42,10670,16.5205,16.54081794912184,-0.18328791191462912,44.88636327931304,-0.379999999999999,16.87599668737598,16.165003312624016,0.28417857142857245,8840.55,-278027,16.34,16.58,16.8
2025-03-06,16.34,16.46,16.34,16.39,5880,16.503,16.526454334919762,-0.17419151028286706,43.18181783832652,-0.259999999999998,16.847282625635163,16.158717374364837,0.27489285714285827,8747.95,-283907,16.42,16.31,16.65
2025-03-07,16.34,16.45,16.34,16.34,4948,16.479999999999997,16.508696779213118,-0.16906821543994255,41.34078179956939,0.10000000000000142,16.801444109897698,16.158555890102296,0.25060714285714375,8638.25,-288855,16.39,16.48,16.24
2025-03-10,16.34,16.42,16.34,16.34,19980,16.468999999999998,16.49263041928806,-0.16312753468905328,41.34078179956939,0.10000000000000142,16.79395505761895,16.144044942381047,0.2313285714285723,9280.75,-288855,16.34,16.34,16.24
2025-03-11,16.34,16.41,16.34,16.34,8530,16.4615,16.478094188879673,-0.1566141519390456,35.97560944898875,0.019999999999999574,16.791302173556605,16.131697826443396,0.20992857142857244,9257.85,-288855,16.34,16.34,16.32
2025-03-12,16.4,16.625,16.34,16.58,25219,16.462,16.487799504224466,-0.13058099848033322,47.97687822446457,0.0,16.79252430438309,16.13147569561691,0.20814285714285802,10211.35,-263636,16.34,16.42,16.58
2025-03-13,16.55,16.76,16.45,16.6,6730,16.462,16.4984852657269,-0.10710110903569614,63.43283515816445,0.2900000000000027,16.79252430438309,16.13147569561691,0.19957142857142937,10314.9,-256906,16.58,16.39,16.31
2025-03-14,16.74,17.32,16.6,17.12,41434,16.4865,16.55767714518148,-0.04600317731656034,73.65591342409526,0.6400000000000006,16.924595159091613,16.048404840908386,0.23600000000000065,12332.55,-215472,16.6,16.34,16.48
2025-03-17,16.98,17.31,16.9761,17.19,8582,16.5135,16.61789836944991,0.007973870922835857,73.51351295719499,0.8500000000000014,17.049617622599385,15.977382377400618,0.25206428571428624,11693.35,-206890,17.12,16.34,16.34
2025-03-18,17.16,17.46,17.0,17.29,39218,16.545499999999997,16.681908048549918,0.058149918735210804,71.0059165715486,0.9499999999999993,17.182779580056,15.908220419943994,0.27063571428571465,13217.15,-167672,17.19,16.34,16.34
2025-03-19,17.29,17.39,17.2501,17.37,9610,16.573999999999998,16.747440615354687,0.10318072635190845,85.3333325368888,0.9499999999999993,17.3035102899592,15.844489710040797,0.23670000000000055,12912.1,-158062,17.29,16.58,16.42
2025-03-20,17.25,17.25,17.25,17.25,4459,16.604,16.795303413892338,0.1277127753239462,76.55172339881082,0.8599999999999994,17.393547505319574,15.814452494680426,0.21670000000000048,12854.8,-162521,17.37,16.6,16.39
2025-03-21,17.04,17.305,17.04,17.28,14387,16.656,16.84146499352164,0.14787078776273432,85.07462597683214,0.9400000000000013,17.480810025973156,15.83118997402684,0.22420000000000048,13129.95,-148134,17.25,17.12,16.34
2025-03-24,17.3,17.35,17.15,17.32,8495,16.71,16.88703975604339,0.16516984835993043,85.50724550934665,0.9800000000000004,17.561129280797026,15.858870719202976,0.22670000000000076,13131.75,-139639,17.28,17.19,16.34
2025-03-25,17.15,17.25,17.05,17.05,3172,16.7465,16.902559779277354,0.15530250440206572,70.06369364274406,0.7100000000000009,17.589783682054588,15.903216317945416,0.23527142857142916,12917.35,-142811,17.32,17.29,16.34
2025-03-26,17.07,17.11,16.82,16.82,2528,16.7585,16.8946969431557,0.12745427190627723,62.14689216380986,0.240000000000002,17.598632195110774,15.918367804889229,0.24741428571428617,12520.05,-145339,17.05,17.37,16.58
2025-03-27,17.17,17.2,17.0,17.05,4522,16.7955,16.909487710474206,0.12253096414569242,68.20512771545036,0.4499999999999993,17.617448263193562,15.973551736806439,0.2538428571428576,12438.1,-140817,16.82,17.25,16.6
2025-03-28,16.98,17.12,16.86,16.86,20601,16.8145,16.904774595190947,0.10212061232020986,62.14953230369462,-0.26000000000000156,17.62320201395008,16.005797986049917,0.26670000000000044,12991.65,-161418,17.05,17.28,17.12
2025-03-31,16.71,16.89,16.71,16.72,17199,16.8335,16.887177014696572,0.0737977371028613,58.33333297514616,-0.4700000000000024,17.612575700665168,16.054424299334833,0.2745571428571432,13560.05,-178617,16.86,17.32,17.19
2025-04-01,16.72,16.96,16.58,16.75,17146,16.854,16.874112537106424,0.05315961279180215,54.10627982730055,-0.5399999999999991,17.59924174813036,16.108758251869638,0.28134285714285767,13665.5,-161471,16.72,17.05,17.29
2025-04-02,16.57,17.0,16.56,16.87,13583,16.8765,16.873720866905813,0.045956984197189854,56.221197793964606,-0.5,17.59319636821253,16.15980363178747,0.2906285714285719,13811.15,-147888,16.75,16.82,17.37
2025-04-03,16.585,16.585,15.99,16.06,11821,16.86,16.79622364148621,-0.024825211815080905,28.455284390904907,-1.1900000000000013,17.636551079418393,16.083448920581606,0.2817000000000006,14108.2,-159709,16.87,17.05,17.25
2025-04-04,15.96,16.36,15.61,16.36,18060,16.861,16.754678532773237,-0.056066815963554006,34.572490526388535,-0.9200000000000017,17.634778153980488,16.087221846019514,0.3114214285714292,14763.8,-141649,16.06,16.86,17.28
2025-04-07,15.78,16.3,15.53,15.62,18751,16.825,16.64661391060436,-0.13893625720849911,24.92492482013553,-1.700000000000001,17.752554793387073,15.897445206612923,0.33356428571428637,14702.35,-160400,16.36,16.72,17.32
2025-04-08,15.66,15.69,15.26,15.27,12237,16.7715,16.515507823880135,-0.23019936636384486,20.83333325231486,-1.7800000000000011,17.91510970522868,15.627890294771321,0.35428571428571487,14887.7,-172637,15.62,16.75,17.05
2025-04-09,15.35,16.3,15.34,16.3,14878,16.7575,16.494983269224885,-0.21691320554408833,39.46784910143021,-0.5199999999999996,17.917715497223895,15.597284502776105,0.4228571428571435,14370.65,-157759,15.27,16.87,16.82
2025-04-10,16.03,16.03,15.355,15.59,11479,16.707,16.408794386441564,-0.2606700515622933,33.71868969709796,-1.4600000000000009,17.978652054363497,15.435347945636504,0.4521428571428578,14608.1,-169238,16.3,16.06,17.05
2025-04-11,15.59,15.59,15.0,15.3,13999,16.616,16.303194921066176,-0.31511578503453563,31.433823448515923,-1.5599999999999987,18.017103324638928,15.214896675361073,0.4800000000000004,13236.35,-183237,15.59,16.36,16.86
2025-04-14,15.28,15.5,15.26,15.35,3559,16.523999999999997,16.212414452393208,-0.3501930316576942,33.716475005358134,-1.3699999999999992,18.005725878476113,15.042274121523882,0.4828571428571434,12985.2,-179678,15.3,15.62,16.72
2025-04-15,15.15,15.47,15.11,15.32,12032,16.425500000000003,16.12742259978433,-0.376077563551533,35.05976085839909,-1.4299999999999997,17.954000813490314,14.896999186509694,0.4878571428571435,11625.9,-191710,15.35,15.27,16.75
2025-04-16,15.14,15.48,15.14,15.48,5498,16.331,16.065763304566776,-0.3793081504934115,34.14141404485258,-1.3900000000000006,17.84728215677221,14.81471784322779,0.49785714285714355,11420.3,-186212,15.32,16.3,16.87
2025-04-17,15.58,16.63,15.58,16.46,20304,16.291500000000003,16.103309656512796,-0.2993399989465235,46.51567932905585,0.40000000000000213,17.746918550758906,14.8360814492411,0.5542857142857148,12212.55,-165908,15.48,15.59,16.06
2025-04-21,16.98,17.42,16.4601,16.64,20983,16.2595,16.154423022559197,-0.21891663236196734,49.30795835807763,0.28000000000000114,17.650107213073134,14.868892786926862,0.6099928571428578,12542.35,-144925,16.46,15.3,16.36
2025-04-22,17.05,17.79,16.71,17.79,24509,16.282999999999998,16.31019225850594,-0.06167420404230839,57.53623176731779,2.17,17.762133458979307,14.803866541020689,0.6599928571428574,13343.05,-120416,16.64,15.35,15.62
2025-04-23,17.79,18.6968,17.73,18.36,30674,16.348499999999998,16.505412043410136,0.10769435608326106,60.13605430722384,3.09,18.067254444969866,14.62974555503013,0.6976214285714287,14718.15,-89742,17.79,15.32,15.27
2025-04-24,18.39,19.03,18.07,18.71,39087,16.443,16.7153728011806,0.267083463234826,69.23076909009714,2.41,18.453908147814268,14.432091852185735,0.7236928571428572,16546.1,-50655,18.36,15.48,16.3
2025-04-25,18.83,19.29,18.37,18.65,68874,16.523,16.89962301059197,0.38413095786087226,67.21804497127027,3.0599999999999987,18.751155715998163,14.294844284001837,0.7358357142857143,19763.7,-119529,18.71,16.46,15.59
2025-04-28,18.8,19.18,18.8,19.1,30222,16.635,17.109182723868926,0.5073547105409837,77.35849039575174,3.8000000000000007,19.14219805864268,14.127801941357323,0.7079785714285712,20244.75,-89307,18.65,16.64,15.3
2025-04-29,19.18,19.18,18.81,18.89,14734,16.7435,17.278784369214744,0.5813635798995733,79.09967827855377,3.540000000000001,19.44636612009481,14.04063387990519,0.7036928571428571,20121.5,-104041,19.1,17.79,15.35
2025-04-30,18.89,19.595,18.66,19.12,38194,16.862000000000002,17.45413823881334,0.6510700891702754,76.01475995125337,3.8000000000000007,19.766367672824135,13.957632327175869,0.7019071428571426,21173.9,-65847,18.89,18.36,15.32
2025-05-01,19.25,19.64,18.865,18.91,54539,16.964,17.592791739878734,0.6815117122265733,83.73983716008986,3.4299999999999997,20.009413462552047,13.91858653744795,0.7090499999999998,23221.7,-120386,19.12,18.71,15.48
2025-05-02,18.93,20.07,18.74,19.61,41112,17.1415,17.784906812271235,0.7534359273022844,90.43151946228113,3.1499999999999986,20.373187028879826,13.909812971120175,0.7619071428571429,24686.25,-79274,18.91,18.65,16.46
2025-05-05,19.6,20.09,18.68,19.04,14484,17.2755,17.90443949681683,0.7557305581758236,81.53846134332672,2.3999999999999986,20.591886587839024,13.959113412160978,0.8454785714285714,24507.45,-93758,19.61,19.1,16.64
2025-05-06,18.65,19.65,18.65,19.225,15688,17.455750000000002,18.030207163786656,0.7636738666018097,82.51457099830071,1.4350000000000023,20.785126858085682,14.126373141914321,0.8911928571428571,24354.3,-78070,19.04,18.89,17.79
2025-05-07,19.22,19.48,18.96,19.0,24024,17.642249999999997,18.122568386283167,0.7432457023588981,78.9950574784298,0.6400000000000006,20.872505774458062,14.411994225541934,0.9040499999999999,24943.65,-102094,19.225,19.12,18.36
2025-05-08,18.75,19.31,18.75,18.945,31750,17.7745,18.20089520663715,0.7143832294921282,74.14965966217774,0.23499999999999943,20.989918283340558,14.559081716659442,0.8690499999999999,25787.25,-133844,19.0,18.91,18.71
2025-05-09,18.8,19.215,18.8,19.05,16336,17.947499999999998,18.281762329814562,0.6920051299014425,73.76725817894638,0.40000000000000213,21.03793090165326,14.857069098346736,0.8301285714285712,26030.1,-117508,18.945,19.61,18.65
2025-05-12,19.5,19.75,19.3,19.44,10834,18.1545,18.39207067935603,0.6976974435565886,69.1415310979161,0.33999999999999986,21.046501492319397,15.262498507680599,0.7851285714285713,25871.85,-106674,19.05,19.04,19.1
2025-05-13,19.5,19.8,19.45,19.73,52569,18.3735,18.519492519417362,0.7173401685735072,66.99751837767607,0.8399999999999999,21.02462508390778,15.722374916092221,0.7410714285714286,28322.35,-54105,19.44,19.225,18.89
2025-05-14,19.57,19.94,19.57,19.8,31768,18.5975,18.641445612806184,0.7301389967939009,64.53333309240884,0.6799999999999997,20.895907915790225,16.299092084209775,0.6989285714285715,29309.15,-22337,19.73,19.0,19.12
2025-05-15,19.7,19.855,18.73,19.62,15588,18.8045,18.734641268729405,0.7174869220743396,62.53229951538704,0.7100000000000009,20.614556410868207,16.994443589131794,0.7135714285714287,29813.65,-37925,19.8,18.945,18.91
2025-05-16,19.53,19.98,19.39,19.39,17963,18.951,18.797056385993272,0.6810502604328086,53.97260253270781,-0.21999999999999886,20.400452165111417,17.501547834888584,0.7285714285714288,29696.6,-55888,19.62,19.05,19.61
2025-05-19,18.81,19.865,18.81,19.3,32583,19.084,18.84495577780344,0.6375622746973306,55.80736521776115,0.26000000000000156,20.047177854264824,18.120822145735175,0.7775000000000001,30276.6,-88471,19.39,19.44,19.04
2025-05-20,19.17,19.9,19.17,19.82,13571,19.185499999999998,18.93781713229835,0.6377063055348096,59.16230344809625,0.5949999999999989,19.98915546427682,18.381844535723175,0.7628571428571428,29729.7,-74900,19.3,19.73,19.225
2025-05-21,19.56,19.7219,19.2855,19.5,13516,19.2425,18.991358357793743,0.6050247763557977,57.506361118297946,0.5,19.956322180421708,18.52867781957829,0.7386714285714285,28871.8,-88416,19.82,19.8,19.0
2025-05-22,19.4,19.61,19.245,19.42,27953,19.278,19.032181371337195,0.5661429540490985,47.129909166217935,0.4750000000000014,19.949693852568114,18.606306147431884,0.6697428571428569,28315.1,-116369,19.5,19.62,18.945
2025-05-23,19.02,19.5875,19.02,19.4,22471,19.3155,19.067211716924128,0.527632774702834,56.52173884373028,0.34999999999999787,19.919947551160657,18.711052448839343,0.6095642857142854,25994.95,-138840,19.42,19.39,19.05
2025-05-27,19.45,19.475,19.105,19.38,36041,19.3295,19.09700107721707,0.4898526310588629,52.98651223822301,-0.060000000000002274,19.925847655579062,18.733152344420937,0.5645642857142855,26285.9,-174881,19.4,19.3,19.44
2025-05-28,19.35,19.45,18.92,18.94,24101,19.332,19.082048593672585,0.4195707221519456,48.9323840978458,-0.7899999999999991,19.920963406958105,18.743036593041897,0.5652785714285711,26754.25,-198982,19.38,19.82,19.73
2025-05-29,19.12,19.24,18.675,18.95,30591,19.3235,19.069472537132338,0.3605228365735691,50.09041565957835,-0.8500000000000014,19.9299920704987,18.7170079295013,0.5656357142857138,26374.1,-168391,18.94,19.5,19.8
2025-05-30,19.0,19.24,18.892,18.91,11079,19.323500000000003,19.05428467645307,0.30696084261246526,47.40740716159121,-0.7100000000000009,19.929992070498702,18.717007929501303,0.5608499999999995,24201.1,-179470,18.95,19.42,19.62
2025-06-02,19.09,19.37,18.14,18.7,54814,19.278,19.020543278695634,0.244746051416584,35.31746012125214,-0.6900000000000013,19.92890544223849,18.627094557761506,0.6165642857142853,24886.2,-234284,18.91,19.4,19.39
2025-06-03,18.61,18.97,18.6,18.9,23724,19.271,19.009062966438908,0.20916755630395656,32.92181050991543,-0.40000000000000213,19.93555050103051,18.606449498969493,0.6179928571428565,25348.2,-210560,18.7,19.38,19.3
2025-06-04,18.75,18.985,18.46,18.46,28799,19.232750000000003,18.956771255349487,0.14380927601566995,26.071428441071376,-1.3599999999999994,19.99004070410587,18.475459295894137,0.6290642857142849,26003.75,-239359,18.9,18.94,19.82
2025-06-05,18.545,18.545,18.15,18.2,29654,19.19275,18.88469780245906,0.07022305327110345,25.347222099006487,-1.3000000000000007,20.0758633622164,18.3096366377836,0.5769214285714279,26285.25,-269013,18.46,18.95,19.5
2025-06-06,18.54,18.63,18.2,18.2,23497,19.155499999999996,18.819488487939147,0.011769767037943524,27.547169665788473,-1.2200000000000024,20.139679594222027,18.171320405777966,0.5654928571428565,25872.6,-269013,18.2,18.91,19.42
2025-06-09,18.37,18.725,18.227,18.26,13196,19.116000000000003,18.76620387004018,-0.029374770803283212,30.152671594604044,-1.139999999999997,20.17831921062456,18.053680789375445,0.5257071428571424,25715.6,-255817,18.2,18.7,19.4
2025-06-10,18.6,18.605,17.95,18.48,33986,19.068,18.73894635860778,-0.043725907051499036,21.120689527719932,-0.8999999999999986,20.155142076609888,17.980857923390115,0.5203499999999998,26873.2,-221831,18.26,18.9,19.38
2025-06-11,18.665,18.685,18.255,18.455,12533,19.00425,18.711903848264182,-0.05646567582658335,24.1975306969059,-0.485000000000003,20.07738252725441,17.931117472745587,0.5198928571428567,24871.4,-234364,18.48,18.46,18.94
2025-06-12,18.595,18.605,18.28,18.46,18652,18.93725,18.687913005572355,-0.06540463226487958,25.384615202366874,-0.48999999999999844,19.96766879579889,17.906831204201108,0.5170357142857139,24215.6,-215712,18.455,18.2,18.95
2025-06-13,18.755,18.755,18.25,18.25,14704,18.86875,18.646207005041653,-0.08841487298132122,23.130840970172116,-0.6600000000000001,19.890172511680255,17.847327488319742,0.5125714285714282,24171.4,-230416,18.46,18.2,18.91
2025-06-16,18.47,18.57,18.2,18.2,18728,18.80925,18.60371109979959,-0.10942386644313373,22.811059760665998,-0.5,19.841408061130497,17.7770919388695,0.5125714285714282,24209.65,-249144,18.25,18.26,18.7
2025-06-17,18.2,18.35,18.0,18.0,18745,18.74425,18.546214804580583,-0.14059132438109856,25.64766820773714,-0.8999999999999986,19.809486692254396,17.679013307745606,0.4997142857142856,23517.75,-267889,18.2,18.48,18.9
2025-06-18,18.36,18.515,18.23,18.23,14265,18.66475,18.516099108906243,-0.1450605142255874,33.25581373693895,-0.23000000000000043,19.624001215655003,17.705498784345,0.4797142857142858,23552.45,-253624,18.0,18.455,18.46
2025-06-20,18.3,18.42,18.23,18.3,17131,18.604750000000003,18.495518241391363,-0.14132485938322858,36.00917408067509,0.10000000000000142,19.491396401957406,17.7181035980426,0.4684285714285717,23733.2,-236493,18.23,18.46,18.2
2025-06-23,18.3,18.5827,18.3,18.51,42260,18.55925,18.496897456496946,-0.12003538781861067,45.6422015417474,0.3100000000000023,19.358870140078892,17.759629859921105,0.4007642857142858,24448.55,-194233,18.3,18.25,18.2
2025-06-24,18.75,18.925,18.5,18.65,36002,18.52175,18.511478651116285,-0.09081958658913791,44.10377329365434,0.389999999999997,19.21916835968075,17.82433164031925,0.40469285714285747,25125.1,-158231,18.51,18.2,18.26
2025-06-25,18.665,18.665,18.41,18.5,35180,18.47775,18.510385446248065,-0.07886054475306636,51.092895783988745,0.019999999999999574,19.046316757640177,17.909183242359823,0.3854071428571432,25082.05,-193411,18.65,18.0,18.48
2025-06-26,18.67,18.825,18.67,18.68,17626,18.464750000000002,18.52653921327206,-0.054233255055255114,63.71428520457142,0.22500000000000142,18.999711631677588,17.929788368322416,0.36826428571428566,24758.3,-175785,18.5,18.23,18.455
2025-06-27,18.6,19.09,18.58,18.9,849926,18.46225,18.56210690724615,-0.016770469621864237,67.76649698033958,0.4399999999999977,18.988052394339796,17.936447605660206,0.37397857142857155,65725.05,674141,18.68,18.3,18.46
2025-06-30,18.86,19.05,18.86,18.9,27519,18.461750000000002,18.594287201794135,0.012771832009669026,66.7539262122748,0.6499999999999986,18.985775662287228,17.937724337712776,0.35197857142857153,66547.05,674141,18.9,18.51,18.25
2025-07-01,18.86,19.43,18.825,19.43,53529,18.498250000000002,18.67387889686136,0.07805116426218461,71.39639594614881,1.2300000000000004,19.172351936691598,17.824148063308407,0.3484071428571429,66482.8,727670,18.9,18.65,18.2
2025-07-02,19.44,19.97,19.43,19.97,52502,18.55175,18.797319001922183,0.17138339136301894,77.6965261105114,1.9699999999999989,19.481477039737893,17.622022960262104,0.35626428571428576,67921.7,780172,19.43,18.5,18.0
2025-07-03,20.32,20.74,20.32,20.73,10738,18.66525,18.981383858881976,0.30318062466010787,82.52148964031495,2.5,20.009600655227008,17.320899344772993,0.36304999999999993,67018.65,790910,19.97,18.68,18.23
2025-07-07,20.74,20.755,20.08,20.2,56311,18.76525,19.097442538988453,0.36070631314460755,75.5905509033418,1.8999999999999986,20.253701951030028,17.276798048969976,0.3751928571428572,68351.5,734599,20.73,18.9,18.3
2025-07-08,20.32,20.52,20.21,20.25,41231,18.86775,19.207209916227647,0.4056542877333804,76.90288685652484,1.7399999999999984,20.470275884510173,17.26522411548983,0.37090714285714277,69238.2,775830,20.2,18.9,18.51
2025-07-09,20.775,20.775,20.115,20.21,14578,18.96525,19.302713733729775,0.4330562132632352,80.27397229483958,1.5600000000000023,20.64738984962102,17.28311015037898,0.3930499999999998,69307.3,761252,20.25,19.43,18.65
2025-07-10,20.15,20.47,20.15,20.31,19938,19.05675,19.398645759088843,0.4575670527722231,79.54545422908059,1.8099999999999987,20.824651744709303,17.2888482552907,0.3955499999999998,68604.9,781190,20.21,19.97,18.5
2025-07-11,20.3182,20.3182,19.96,20.0,17235,19.134,19.455917591556574,0.44682691788300843,72.60638270838052,1.3200000000000003,20.92604558212672,17.341954417873282,0.40756428571428543,68840.0,763955,20.31,20.73,18.68
2025-07-14,20.15,20.15,19.995,20.005,10472,19.21125,19.50821115426547,0.433719098036665,71.02672264574568,1.1050000000000004,21.01413037084489,17.40836962915511,0.3984428571428568,68431.0,774427,20.0,20.2,18.9
2025-07-15,19.97,20.01,19.51,19.51,22940,19.274250000000002,19.5083815205259,0.37901959134181595,60.997442236837855,0.610000000000003,21.0229435725064,17.525556427493605,0.4037999999999996,68842.8,751487,20.005,20.25,18.9
2025-07-16,19.5,19.64,19.24,19.56,15917,19.34225,19.5132975661901,0.33583314488469185,63.91076092001297,0.129999999999999,21.019360532088147,17.665139467911853,0.4141571428571427,68702.25,767404,19.51,20.21,19.43
2025-07-17,19.7725,19.905,19.49,19.61,27721,19.42275,19.522507321791043,0.3021590555534992,62.63586932692878,-0.35999999999999943,20.978775554518524,17.866724445481477,0.43272857142857163,69151.05,795125,19.56,20.31,19.97
