Date,Open,High,Low,Close,Volume,SMA_20,EMA_20,MACD,RSI_14,Momentum_10,Bollinger_Upper,Bollinger_Lower,ATR_14,Volume_MA_20,OBV,Lag_1,Lag_5,Lag_10
2023-08-25,10.29,10.29,10.29,10.29,4277,10.26901,10.278894736000199,0.0029074415345231586,57.894732576177596,0.03989999999999938,10.311989598587433,10.226030401412567,0.009221428571428523,9988.3,37864,10.27,10.29,10.2501
2023-08-28,10.295,10.3,10.295,10.3,5885,10.267509999999998,10.280904761143038,0.00441521854919813,59.99999580000065,0.040000000000000924,10.30296202243507,10.232057977564926,0.009578571428571436,9778.85,43749,10.29,10.28,10.26
2023-08-29,10.31,10.31,10.31,10.31,9200,10.27001,10.283675736272272,0.006200709443911379,68.42104759002837,0.049900000000000944,10.309994254795843,10.230025745204156,0.009578571428571436,9766.55,52949,10.3,10.26,10.2601
2023-08-30,10.31,10.31,10.31,10.31,716,10.270509999999998,10.286182809008247,0.007511931687696816,64.70587702422226,0.05000000000000071,10.312283368499433,10.228736631500563,0.008150000000000037,8692.05,52949,10.31,10.29,10.26
2023-08-31,10.31,10.3195,10.31,10.31,1478,10.273509999999998,10.288451112912224,0.008441664035089502,68.70705208058303,0.05000000000000071,10.317633315235467,10.22938668476453,0.008828571428571408,8208.7,52949,10.31,10.27,10.26
2023-09-01,10.31,10.31,10.31,10.31,5910,10.276509999999998,10.290503387872965,0.009065398094534771,66.64446782275311,0.02000000000000135,10.32203944218045,10.230980557819546,0.00811428571428571,5067.85,52949,10.31,10.29,10.29
2023-09-07,10.31,10.31,10.31,10.31,2184,10.27901,10.29236020807554,0.009444704168590334,66.62224561817878,0.030000000000001137,10.326183627779669,10.23183637222033,0.007049999999999937,5131.2,52949,10.31,10.3,10.28
2023-09-08,10.31,10.33,10.31,10.31,6264,10.28151,10.29404018825882,0.009629874017212714,66.66666044444543,0.05000000000000071,10.329729712064458,10.233290287935544,0.0074642857142855745,5418.65,52949,10.31,10.31,10.26
2023-09-11,10.325,10.33,10.31,10.31,3132,10.28501,10.29556017032941,0.009662016231127168,66.66666044444543,0.02000000000000135,10.330635519175129,10.23938448082487,0.008892857142856972,5514.25,52949,10.31,10.31,10.29
2023-09-15,10.31,10.31,10.31,10.31,1311,10.287510000000001,10.2969353922028,0.009574731870214848,58.333326527779185,0.040000000000000924,10.332843891121442,10.24217610887856,0.008892857142856972,4510.1,52949,10.31,10.31,10.27
2023-09-19,10.325,10.33,10.325,10.33,19450,10.291504999999999,10.3000844024692,0.010848065034151588,69.23076177514915,0.040000000000000924,10.337039739774328,10.24597026022567,0.0071071428571427885,5471.45,72399,10.31,10.31,10.29
2023-09-20,10.34,10.34,10.34,10.34,4707,10.295505,10.303885887948324,0.012448261586611054,83.33332361111249,0.03999999999999915,10.34338183650456,10.24762816349544,0.00567857142857139,4724.2,77106,10.33,10.31,10.3
2023-09-21,10.34,10.34,10.34,10.34,10000,10.299499999999998,10.307325327191341,0.013554563033915557,77.77776567901466,0.02999999999999936,10.348263662053235,10.250736337946762,0.005321428571428604,5200.9,77106,10.34,10.31,10.31
2023-09-22,10.35,10.35,10.34,10.34,12196,10.3035,10.310437200792165,0.014262679529387867,99.999980000004,0.02999999999999936,10.351742806935881,10.255257193064118,0.004964285714285691,5708.35,77106,10.34,10.31,10.31
2023-09-25,10.34,10.34,10.34,10.34,76439,10.307500000000001,10.313252705478625,0.014651755482622875,99.99997200000784,0.02999999999999936,10.35378288304717,10.261217116952832,0.004964285714285691,9522.8,77106,10.34,10.31,10.31
2023-09-27,10.35,10.35,10.34,10.34,5330,10.31,10.315800066861613,0.014787164868970137,99.99996500001225,0.02999999999999936,10.357683164854343,10.262316835145658,0.005321428571428477,9763.1,77106,10.34,10.33,10.31
2023-09-28,10.33,10.33,10.33,10.33,2220,10.3125,10.31715244144622,0.013970822545189776,74.99997375000919,0.019999999999999574,10.35878288304717,10.26621711695283,0.005321428571428477,9118.6,74886,10.34,10.34,10.31
2023-09-29,10.33,10.33,10.33,10.33,2886,10.315999999999999,10.318376018451342,0.013171423156498108,74.99997375000919,0.019999999999999574,10.355682954049632,10.276317045950366,0.005321428571428477,9211.0,74886,10.33,10.34,10.31
2023-10-02,10.34,10.34,10.34,10.34,373,10.3185,10.3204354452655,0.013152883755321199,79.99997760000628,0.02999999999999936,10.357581561138888,10.279418438861113,0.0046428571428571075,8747.35,75259,10.33,10.34,10.31
2023-10-03,10.35,10.35,10.34,10.35,21136,10.322500000000002,10.323251117144977,0.013748547072047757,83.33331388889343,0.03999999999999915,10.356759074863842,10.288240925136162,0.005357142857142806,9754.7,96395,10.34,10.34,10.31
2023-10-10,10.36,10.37,10.36,10.36,13505,10.325999999999999,10.326751010750218,0.014820869149460236,85.714268571432,0.02999999999999936,10.36058018903482,10.291419810965177,0.0060714285714285054,10216.1,109900,10.35,10.34,10.33
2023-10-11,10.36,10.36,10.36,10.36,6111,10.329,10.329917581154959,0.015490250405678196,85.714268571432,0.019999999999999574,10.364481648332918,10.293518351667084,0.0046428571428571075,10227.4,109900,10.36,10.33,10.34
2023-10-12,10.36,10.36,10.36,10.36,2049,10.3315,10.332782573425915,0.015836677717059544,85.714268571432,0.019999999999999574,10.368363903325893,10.294636096674108,0.003214285714285709,9869.85,109900,10.36,10.33,10.34
2023-10-16,10.3404,10.3404,10.3404,10.3404,400,10.333020000000001,10.333508042623446,0.014415653951409979,66.96427525111835,0.0004000000000008441,10.368637121843586,10.297402878156417,0.003214285714285709,9854.05,109500,10.36,10.34,10.34
2023-10-17,10.36,10.36,10.36,10.36,1004,10.335519999999999,10.336031086183118,0.014652499257417517,66.81613301092115,0.019999999999999574,10.371352217200073,10.299687782799925,0.0028571428571427964,9830.35,110504,10.3404,10.35,10.34
2023-10-18,10.35,10.36,10.35,10.36,16416,10.33802,10.338313839879964,0.014670179194869348,62.626251555965915,0.019999999999999574,10.373328421539041,10.30271157846096,0.0035714285714284954,10355.65,110504,10.36,10.36,10.34
2023-10-20,10.36,10.36,10.3588,10.3588,2326,10.34046,10.340264902748538,0.014422948515424139,61.691531546251746,0.02880000000000038,10.374330863118919,10.306589136881081,0.0036571428571427083,10362.75,108178,10.36,10.36,10.33
2023-10-23,10.35,10.3501,10.35,10.3501,4627,10.342465,10.341201578677248,0.013387551200633396,55.667780254220794,0.02009999999999934,10.373360700603627,10.311569299396375,0.0029499999999998494,10280.9,103551,10.3588,10.36,10.33
2023-10-24,10.36,10.36,10.36,10.36,2050,10.344964999999998,10.34299190451751,0.013195075615707097,60.101001601878686,0.019999999999999574,10.37273315859178,10.317196841408217,0.0029499999999998494,10226.8,105601,10.3501,10.3404,10.34
2023-10-25,10.36,10.3601,10.36,10.36,1787,10.347465,10.34461172313489,0.012893437648079598,60.101001601878686,0.009999999999999787,10.370594318373447,10.324335681626552,0.002242857142856991,10250.6,105601,10.36,10.36,10.35
2023-10-26,10.36,10.3601,10.36,10.3601,2042,10.34897,10.346086797122043,0.012517604399315374,66.89112304741067,9.999999999976694e-05,10.371214583018869,10.32672541698113,0.0022499999999998316,9380.2,107643,10.36,10.36,10.36
2023-10-27,10.36,10.36,10.36,10.36,542,10.34997,10.347411864062801,0.012072331953104865,66.81613301092115,0.0,10.372314677925138,10.327625322074864,0.0022499999999998316,9171.95,107101,10.3601,10.3588,10.36
2023-10-30,10.36,10.36,10.36,10.36,729,10.35097,10.348610734152057,0.011585613531869043,62.626251555965915,0.0,10.373225937114425,10.328714062885576,0.0022499999999998316,8708.4,107101,10.36,10.3501,10.36
2023-11-01,10.3622,10.3639,10.36,10.3639,3041,10.352165,10.350066854709004,0.011378234740890392,59.507512543021015,0.023499999999998522,10.3745072446217,10.329822755378299,0.0018142857142855462,8250.65,110142,10.36,10.36,10.3404
2023-11-03,10.365,10.37,10.36,10.3689,10407,10.35361,10.35186048759386,0.011478881418387488,56.534496453995516,0.008900000000000574,10.376373766222454,10.330846233777546,0.0018142857142855462,4949.05,120549,10.3639,10.36,10.36
2023-11-06,10.3602,10.3602,10.36,10.36,6052,10.35461,10.352635679251588,0.010726218088100481,49.99999090909257,0.0,10.37660041896633,10.332619581033669,0.0018285714285713542,4985.15,114497,10.3689,10.3601,10.36
2023-11-07,10.37,10.37,10.365,10.37,5003,10.35661,10.35428942408477,0.010801919849495079,55.747117465981106,0.011199999999998766,10.376335473778552,10.336884526221448,0.0021857142857141403,5124.3,119500,10.36,10.36,10.3588
2023-11-08,10.4,10.4,10.36,10.37,6968,10.358609999999999,10.35578566941003,0.01073789277606707,71.95844202643552,0.019899999999999807,10.374763200758228,10.34245679924177,0.005042857142857063,5328.4,119500,10.37,10.36,10.3501
2023-11-13,10.37,10.4,10.37,10.4,5535,10.361609999999999,10.359996558037647,0.012932709333188797,75.70692725068153,0.040000000000000924,10.384210409870498,10.3390095901295,0.0071857142857142875,5586.5,125035,10.37,10.3639,10.36
2023-11-17,10.38,10.38,10.38,10.38,255,10.36311,10.361901647748347,0.012924800482009502,60.224940254099096,0.02000000000000135,10.386436506269384,10.339783493730618,0.006471428571428588,4542.45,124780,10.4,10.3689,10.36
2023-11-20,10.42,10.42,10.42,10.42,521,10.366109999999999,10.367434824153266,0.01593269921721685,72.40116388274998,0.05990000000000073,10.400541925210229,10.33167807478977,0.006385714285714376,3893.25,125301,10.38,10.36,10.3601
2023-11-21,10.38,10.42,10.38,10.39,89735,10.367609999999999,10.369583888519621,0.015734385447807142,62.634573293958425,0.030000000000001137,10.403503990114146,10.331716009885852,0.009235714285714331,8074.45,35566,10.42,10.37,10.36
2023-11-22,10.381,10.381,10.381,10.381,459,10.368659999999998,10.370671137232039,0.01468719302716437,56.68789303420087,0.021000000000000796,10.404844113990281,10.332475886009716,0.009235714285714331,7994.95,35107,10.39,10.37,10.36
2023-11-24,10.39,10.39,10.39,10.39,25027,10.37114,10.372511981305179,0.014411973746504714,59.03613959936204,0.026100000000001344,10.405941355085513,10.336338644914488,0.00922857142857149,9226.3,60134,10.381,10.4,10.3639
2023-11-27,10.39,10.4,10.39,10.395,91032,10.372890000000002,10.374653697371352,0.014428119029478381,60.21064457022234,0.026099999999999568,10.408833927091171,10.336946072908832,0.00993571428571435,13727.7,151166,10.39,10.38,10.3689
2023-11-28,10.4,10.42,10.39,10.4,413978,10.374889999999999,10.377067630955032,0.014672548280939779,61.37655938980778,0.040000000000000924,10.412237973946294,10.337542026053704,0.012078571428571447,33605.8,565144,10.395,10.42,10.36
2023-11-29,10.42,10.43,10.4,10.4,6083,10.376949999999999,10.379251666102173,0.014696673448741038,61.37655938980778,0.030000000000001137,10.41509760805081,10.338802391949187,0.014221428571428543,33793.65,565144,10.4,10.39,10.37
2023-11-30,10.41,10.4101,10.41,10.41,106400,10.379945,10.382180078854347,0.015341394600570268,62.67179286748179,0.040000000000000924,10.418618721528194,10.341271278471805,0.013949999999999971,38882.3,671544,10.4,10.381,10.37
2023-12-01,10.42,10.42,10.415,10.415,1647,10.382695000000002,10.385305785630123,0.016068396330512158,62.671792867481436,0.014999999999998792,10.423176755474707,10.342213244525297,0.013592857142857184,38862.15,673191,10.41,10.39,10.4
2023-12-04,10.41,10.41,10.41,10.41,77900,10.385195,10.387657615570111,0.016057669045657974,64.04493878298277,0.02999999999999936,10.42595015982829,10.34443984017171,0.013578571428571376,42667.8,595291,10.415,10.395,10.38
2023-12-05,10.41,10.415,10.41,10.41,54784,10.387690000000001,10.38978546170629,0.015866146308610496,61.904756746032625,-0.009999999999999787,10.4280846270528,10.347295372947203,0.013578571428571376,45304.9,595291,10.41,10.4,10.42
2023-12-06,10.41,10.41,10.4,10.41,136106,10.39019,10.3917106558295,0.015535175385691602,61.904756746032625,0.019999999999999574,10.429544523581331,10.35083547641867,0.011435714285714152,52083.1,595291,10.41,10.4,10.39
2023-12-07,10.41,10.42,10.41,10.41,91231,10.39269,10.393452498131452,0.015098737324692024,53.62318296576407,0.028999999999999915,10.430282546853665,10.355097453146335,0.010007142857142628,56608.2,595291,10.41,10.41,10.381
2023-12-08,10.41,10.41,10.41,10.41,514,10.394995,10.395028450690361,0.014584655091516296,62.71185696638993,0.019999999999999574,10.43076387650337,10.35922612349663,0.010007142857142628,56481.85,595291,10.41,10.415,10.39
2023-12-12,10.43,10.43,10.42,10.425,51389,10.3978,10.397882883957946,0.015208452749703838,52.68816411145964,0.030000000000001137,10.433750843632552,10.361849156367448,0.010721428571428326,58530.95,646680,10.41,10.41,10.395
2023-12-13,10.42,10.42,10.42,10.42,424,10.4008,10.399989275961952,0.015126061146318648,72.05880869377434,0.019999999999999574,10.43331946785344,10.36828053214656,0.00786428571428553,58249.55,646256,10.425,10.41,10.4
2023-12-14,10.43,10.4301,10.43,10.43,13477,10.4038,10.402847440156052,0.01568464431820793,85.50722902751886,0.02999999999999936,10.435413454830387,10.372186545169614,0.007871428571428371,58673.25,659733,10.42,10.41,10.4
2023-12-18,10.4378,10.4378,10.42,10.42,3236,10.4063,10.404481017284047,0.015147709961009781,71.42855714286,0.009999999999999787,10.434368337659084,10.378231662340916,0.009142857142856897,58486.65,656497,10.43,10.41,10.41
2023-12-19,10.43,10.43,10.42,10.43,23064,10.4078,10.406911396590328,0.015350249085679835,73.33331964444731,0.015000000000000568,10.437603567430358,10.377996432569642,0.009142857142856897,59363.1,679561,10.42,10.41,10.415
2023-12-20,10.44,10.44,10.43,10.43,6067,10.410300000000001,10.409110311200772,0.015333937373343431,71.42855714286,0.019999999999999574,10.438637068897137,10.381962931102866,0.007714285714285499,59653.7,679561,10.43,10.425,10.41
2023-12-26,10.45,10.45,10.43,10.43,820,10.4108,10.411099805372126,0.015146356500308045,71.42855714286,0.019999999999999574,10.44019101187343,10.38140898812657,0.0069999999999998,59668.65,679561,10.43,10.42,10.41
2023-12-27,10.44,10.45,10.44,10.44,27890,10.413300000000001,10.413852204860495,0.015623002721588009,71.42855714286,0.02999999999999936,10.443729210343058,10.382870789656945,0.007707142857142658,56576.4,707451,10.43,10.43,10.41
2023-12-28,10.46,10.46,10.44,10.44,5283,10.416250000000002,10.416342471064258,0.015818346635507297,69.23075431953026,0.02999999999999936,10.444881046821623,10.38761895317838,0.008778571428571271,56817.6,707451,10.44,10.42,10.41
2023-12-29,10.46,10.46,10.46,10.46,109,10.41975,10.4205003309629,0.017384027496202492,81.2499857812522,0.05000000000000071,10.451782056312004,10.387717943687997,0.008778571428571271,55571.7,707560,10.44,10.43,10.41
2024-01-02,10.46,10.46,10.44,10.44,865,10.422,10.422357442299766,0.016819389014630204,64.99999090000048,0.014999999999998792,10.453017821702277,10.390982178297724,0.00985000000000001,51063.35,706695,10.46,10.43,10.425
2024-01-03,10.45,10.45,10.45,10.45,147,10.4245,10.424990066842646,0.016981952769375752,68.18180950413246,0.02999999999999936,10.456106128652799,10.392893871347201,0.009135714285714311,30371.8,706842,10.44,10.43,10.42
2024-01-04,10.47,10.47,10.45,10.45,5313,10.427,10.427371965238585,0.016915750017547637,68.18180950413246,0.019999999999999574,10.458355348742007,10.395644651257992,0.009850000000000136,30333.3,706842,10.45,10.44,10.43
2024-01-05,10.45,10.46,10.45,10.45,5747,10.429,10.429527016168244,0.016671074560710153,68.18180950413246,0.02999999999999936,10.460887961760815,10.397112038239186,0.010564285714285962,25300.65,706842,10.45,10.44,10.42
2024-01-08,10.45,10.47,10.45,10.47,5129,10.43175,10.433381586056983,0.017883108406543613,69.56520892249563,0.040000000000000924,10.46777265369102,10.395727346308979,0.011278571428571789,25474.75,711971,10.45,10.46,10.43
2024-01-09,10.475,10.475,10.475,10.475,243,10.434999999999999,10.437345244527746,0.01902733433897197,73.9130344801518,0.04499999999999993,10.474336604086375,10.395663395913623,0.011278571428571789,21591.9,712214,10.47,10.44,10.43
2024-01-11,10.46,10.46,10.46,10.46,487,10.4375,10.439502840287009,0.018511438823331616,62.49999270833456,0.030000000000001137,10.476500674757938,10.398499325242062,0.011271428571428948,18877.05,711727,10.475,10.45,10.43
2024-01-12,10.47,10.47,10.47,10.47,100035,10.4405,10.442407331688246,0.018693313595782968,70.83332506944554,0.030000000000001137,10.479823222012815,10.401176777987185,0.010000000000000422,17073.5,811762,10.46,10.45,10.44
2024-01-16,10.47,10.47,10.47,10.47,261,10.4435,10.445035204860794,0.018622750365187457,68.18180950413355,0.030000000000001137,10.482175437601656,10.404824562398344,0.009285714285714721,12525.0,811762,10.47,10.45,10.44
2024-01-18,10.47,10.47,10.47,10.47,175,10.4465,10.447412804397862,0.018355216283094222,68.18180950413355,0.009999999999999787,10.4835064005843,10.4094935994157,0.008571428571429023,12508.05,811762,10.47,10.47,10.46
2024-01-19,10.4644,10.48,10.4631,10.4631,18529,10.448405,10.448906823026638,0.017386354080544564,64.15739180322112,0.02310000000000123,10.484666417802503,10.412143582197496,0.00835000000000046,10865.05,793233,10.47,10.475,10.44
2024-01-22,10.47,10.49,10.47,10.49,7160,10.451905,10.452820458928862,0.018573662731494522,68.68459669966866,0.040000000000000924,10.490084712165594,10.413725287834406,0.00906428571428616,11201.85,800393,10.4631,10.46,10.45
2024-01-24,10.4876,10.55,10.4876,10.55,3301,10.457905,10.462075653316589,0.024075773215830765,78.37976729970734,0.10000000000000142,10.5147461072524,10.401063892747601,0.012092857142857507,10693.05,803694,10.49,10.47,10.45
2024-01-25,10.5,10.5,10.49,10.49,236,10.461405000000001,10.464735114905485,0.023328343055430523,56.41573657048611,0.040000000000000924,10.517026142326266,10.405783857673736,0.012807142857143208,10543.05,803458,10.55,10.47,10.45
2024-01-29,10.48,10.4894,10.47,10.4894,8660,10.464375,10.467084151581153,0.022429042361952867,61.52051837086177,0.019399999999999196,10.519274252223788,10.409475747776213,0.01276428571428591,9822.85,794798,10.49,10.47,10.47
2024-01-30,10.47,10.4701,10.47,10.47,6914,10.466375,10.467361851430567,0.01992197299758658,54.46827183844623,-0.004999999999999005,10.518862908381928,10.41388709161807,0.012771428571428751,9865.2,787884,10.4894,10.4631,10.475
2024-01-31,10.48,10.485,10.48,10.485,101383,10.469125,10.469041675103847,0.018926785056137874,57.32830484674939,0.02499999999999858,10.519300811954137,10.418949188045863,0.011700000000000012,14893.35,889267,10.47,10.49,10.46
2024-02-02,10.485,10.49,10.48,10.49,11227,10.471625,10.471037706046339,0.018330084279506664,58.20344210480668,0.019999999999999574,10.520660234378148,10.42258976562185,0.011699999999999886,14060.2,900494,10.485,10.55,10.47
2024-02-05,10.485,10.49,10.485,10.49,21730,10.474124999999999,10.47284363880383,0.017653683727504088,54.468271838445865,0.019999999999999574,10.521439529870172,10.426810470129826,0.010628571428571274,14882.55,900494,10.49,10.49,10.47
2024-02-06,10.5,10.5,10.5,10.5,23600,10.476125,10.47542995891775,0.017720003479960056,55.46328331955447,0.02999999999999936,10.524299370779422,10.427950629220577,0.010628571428571274,16057.1,924094,10.49,10.4894,10.47
2024-02-07,10.5,10.55,10.5,10.55,2679,10.481625,10.48253186759225,0.02155738186463907,67.05837399993464,0.08689999999999998,10.537011028068962,10.426238971931037,0.014199999999999895,16147.8,926773,10.5,10.47,10.4631
2024-02-08,10.5,10.51,10.5,10.5,503214,10.484125,10.48419549925013,0.02033072603731334,54.93745632282941,0.009999999999999787,10.537993568122529,10.430256431877472,0.014914285714285594,41301.15,423559,10.55,10.485,10.49
2024-02-09,10.52,10.52,10.5,10.5,9117,10.486625,10.485700689797737,0.01913797501782888,54.93745632282941,-0.05000000000000071,10.538426559618795,10.434823440381205,0.016342857142856992,41491.35,423559,10.5,10.49,10.55
2024-02-13,10.5,10.52,10.5,10.5,26005,10.489125,10.48706252886462,0.017985381153284408,54.93745632282941,0.009999999999999787,10.538240669061516,10.440009330938484,0.01777142857142839,42504.25,423559,10.5,10.49,10.49
2024-02-16,10.5,10.5,10.4893,10.5,3807,10.490625,10.48829466897275,0.01687738523872717,56.21421088919166,0.010600000000000165,10.539109739867218,10.442140260132781,0.017328571428571266,42438.15,423559,10.5,10.5,10.4894
2024-02-23,10.55,10.55,10.5226,10.5226,641,10.493005,10.491561843356298,0.017619426431174645,55.5707423855421,0.05259999999999998,10.542912555592864,10.443097444407137,0.01785714285714273,42458.05,424200,10.5,10.55,10.47
2024-02-26,10.52,10.53,10.52,10.53,26299,10.496505,10.495222620179508,0.018590196630722033,45.8333306597221,0.04499999999999993,10.546484847517634,10.446525152482367,0.014114285714285555,43748.65,450499,10.5226,10.5,10.485
2024-02-27,10.53,10.5301,10.53,10.53,21780,10.499505,10.498534751590983,0.019138909436735574,61.11110635802484,0.03999999999999915,10.549986532840094,10.449023467159904,0.013407142857142697,39835.9,450499,10.53,10.5,10.49
2024-02-28,10.54,10.54,10.53,10.53,2574,10.502505,10.50153144191565,0.01935069850616422,61.31549131317227,0.03999999999999915,10.552734430458656,10.452275569541342,0.012735714285714168,39951.55,450499,10.53,10.5,10.49
2024-02-29,10.53,10.5303,10.53,10.53,1672,10.505505,10.50424273316178,0.01929610342040533,68.74999398437511,0.02999999999999936,10.554716957254637,10.456293042745362,0.012749999999999975,40026.4,450499,10.53,10.5,10.5
2024-03-04,10.55,10.55,10.55,10.55,512,10.50985,10.508600568098753,0.020628638094510876,69.69696378328798,0.0,10.558641004347654,10.461058995652346,0.01239285714285719,39125.55,451011,10.53,10.5226,10.55
2024-03-05,10.546,10.546,10.546,10.546,1573,10.512649999999999,10.512162418756015,0.021118509783713435,67.07316500594874,0.045999999999999375,10.563045634731484,10.462254365268514,0.011678571428571491,38846.2,449438,10.55,10.53,10.5
2024-03-06,10.53,10.54,10.53,10.54,70355,10.51215,10.514813616969727,0.020783066662142247,64.70587702422128,0.03999999999999915,10.561164863481343,10.463135136518657,0.012035714285714276,42198.9,379083,10.546,10.53,10.5
2024-03-07,10.5301,10.555,10.5301,10.555,652,10.5154,10.518640891544038,0.0214798516962027,65.71428045714282,0.054999999999999716,10.56679305707757,10.46400694292243,0.013814285714285748,42219.7,379735,10.54,10.53,10.5
2024-03-13,10.565,10.565,10.565,10.565,200,10.51918,10.52305604473032,0.022578612820133515,55.55554979423869,0.0649999999999995,10.573555520808048,10.464804479191953,0.010242857142857125,41796.7,379935,10.555,10.53,10.5
2024-03-14,10.57,10.57,10.57,10.57,3376,10.52418,10.527526897613146,0.023580975607229604,88.88887506172922,0.047399999999999665,10.577901135701328,10.47045886429867,0.009528571428571426,41619.8,383311,10.565,10.55,10.5226
2024-03-15,10.57,10.5701,10.57,10.57,11390,10.52843,10.531571954983322,0.02409756861619705,88.88887506172922,0.040000000000000924,10.58254773130955,10.47431226869045,0.008107142857142868,37120.15,383311,10.57,10.546,10.53
2024-03-18,10.57,10.57,10.56,10.57,4774,10.53243,10.535231768794434,0.024227686366097956,88.88887506172922,0.040000000000000924,10.586413744141787,10.478446255858213,0.007392857142857169,36797.5,383311,10.57,10.54,10.53
2024-03-20,10.588,10.588,10.5786,10.5786,1094,10.53686,10.539362076528297,0.02473951450028089,89.8579994116418,0.04860000000000042,10.59072440676157,10.482995593238432,0.007299999999999989,35765.7,384405,10.57,10.555,10.53
2024-03-21,10.57,10.5701,10.5699,10.57,18250,10.540360000000002,10.542279974001792,0.0241725934181396,78.01417148701574,0.040000000000000924,10.593227516640898,10.487492483359105,0.005357142857142806,35498.2,366155,10.5786,10.565,10.53
2024-03-25,10.57,10.57,10.57,10.57,509,10.541360000000001,10.544919976477813,0.02345295072573883,75.9067219858272,0.019999999999999574,10.595730518326974,10.486989481673028,0.0046428571428571075,35389.7,366155,10.57,10.57,10.55
2024-03-26,10.58,10.5801,10.58,10.58,6775,10.545359999999999,10.548260931098973,0.023419527403929052,78.66971214018331,0.034000000000000696,10.598679549095756,10.492040450904241,0.0046428571428571075,10567.75,372930,10.57,10.57,10.546
2024-03-27,10.605,10.605,10.58,10.5967,2682,10.550194999999999,10.552874175756214,0.024458567074645998,82.09816025626279,0.05670000000000108,10.603732688643122,10.496657311356875,0.0057142857142857195,10246.0,375612,10.58,10.57,10.54
2024-04-01,10.58,10.6066,10.58,10.6,30229,10.555195000000001,10.557362349493717,0.025257130374972903,82.64924293759827,0.04499999999999993,10.607662231878928,10.502727768121074,0.0075928571428570835,10457.2,405841,10.5967,10.5786,10.555
2024-04-02,10.6,10.615,10.6,10.615,5278,10.560945,10.562851649541935,0.026791474787605907,81.80038018390022,0.05000000000000071,10.613148547973642,10.508741452026358,0.008664285714285696,10530.75,411119,10.6,10.57,10.565
2024-04-04,10.63,10.635,10.6,10.635,6255,10.566565,10.569722921014131,0.029283646871954616,87.64804376419131,0.0649999999999995,10.625192935679918,10.507937064320084,0.011164285714285706,10811.45,417374,10.615,10.57,10.57
2024-04-08,10.63,10.646,10.63,10.646,2380,10.572365,10.57698740472707,0.03177993929014278,93.01946994908666,0.07600000000000051,10.638262824418872,10.506467175581127,0.011592857142857151,9615.5,419754,10.635,10.58,10.57
2024-04-09,10.63,10.63,10.63,10.63,2214,10.577365,10.582036223324492,0.032097252414864386,80.19322767548199,0.0600000000000005,10.644883395933672,10.509846604066329,0.00981428571428568,8637.2,417540,10.646,10.5967,10.57
2024-04-10,10.67,10.6701,10.65,10.67,25621,10.584365000000002,10.590413725865016,0.03517084507626578,84.04668497630642,0.09140000000000015,10.659775156372948,10.508954843627055,0.011249999999999918,9789.55,443161,10.63,10.6,10.5786
2024-04-11,10.685,10.685,10.67,10.679,4095,10.591815,10.598850513877872,0.03789604473035091,84.45005573766912,0.10899999999999999,10.673767445132157,10.509862554867844,0.01232142857142853,9910.7,447256,10.67,10.615,10.57
2024-04-12,10.6802,10.7299,10.6802,10.7299,6687,10.60081,10.611331417318075,0.043659579535741955,88.23528820997612,0.15990000000000038,10.700918086849224,10.500701913150774,0.015864285714285793,10219.45,453943,10.679,10.635,10.57
2024-04-15,10.808,10.808,10.808,10.808,908,10.61391,10.630061758525878,0.053907641972839926,91.43453593285702,0.22799999999999976,10.746966456557201,10.4808535434428,0.015150000000000092,10186.2,454851,10.7299,10.646,10.58
2024-04-16,10.7,10.73,10.7,10.73,9404,10.623410000000002,10.639579686285318,0.055100355468180595,71.22826416938969,0.1333000000000002,10.761291183022042,10.485528816977961,0.016621428571428787,7138.65,445447,10.808,10.63,10.5967
2024-04-17,10.715,10.73,10.715,10.7203,176128,10.631675,10.647267335210525,0.05463312029189815,71.00922282882547,0.1203000000000003,10.772084054663711,10.491265945336288,0.017678571428571717,15912.45,269319,10.73,10.67,10.6
2024-04-18,10.72,10.72,10.72,10.72,8499,10.639425,10.654194255666665,0.053620519910632325,70.94971789582121,0.10500000000000043,10.781440075181914,10.497409924818085,0.017678571428571717,16327.4,260820,10.7203,10.679,10.615
2024-04-22,10.73,10.73,10.73,10.73,24455,10.647425,10.661413850365077,0.05301381416110473,70.94971789582121,0.09500000000000064,10.790991113506445,10.503858886493555,0.017671428571428876,17381.35,285275,10.72,10.7299,10.635
2024-04-23,10.72,10.74,10.72,10.73,1768,10.655425,10.667945864616023,0.05193432707475054,69.52827139350788,0.08399999999999963,10.79865638255056,10.512193617449439,0.017314285714285966,16900.25,285275,10.73,10.808,10.646
2024-04-24,10.8301,10.9945,10.72,10.72,3931,10.662925,10.672903401319259,0.049699022917726765,67.24137660523218,0.08999999999999986,10.802996288240843,10.522853711759156,0.03502142857142879,16858.1,281344,10.73,10.73,10.63
2024-04-25,10.72,10.7422,10.72,10.74,29738,10.670995000000001,10.679293553574567,0.04897675946969926,67.70537975106153,0.07000000000000028,10.809195608955841,10.532794391044161,0.03553571428571445,18290.3,311082,10.72,10.7203,10.67
2024-04-26,10.75,10.75,10.75,10.75,25002,10.679995,10.68602750085318,0.048650451042840714,66.76384567144666,0.07099999999999973,10.813879466690603,10.546110533309397,0.03303571428571444,18627.9,336084,10.74,10.72,10.679
2024-04-29,11.0,11.0,10.75,10.75,2567,10.688995,10.692120119819544,0.04784037395443441,65.66264783350282,0.02009999999999934,10.81575693144289,10.562233068557111,0.04975000000000015,18730.8,336084,10.75,10.73,10.7299
2024-04-30,11.0,11.0,10.75,10.75,2839,10.697495,10.69763248936054,0.046660507660025274,68.98733871575087,-0.05799999999999983,10.816014365062045,10.578975634937954,0.067607142857143,18534.0,336084,10.75,10.73,10.808
2024-05-01,10.76,10.98,10.75,10.7564,13281,10.70548,10.703229395135727,0.045714901458625334,65.29744718780364,0.02639999999999887,10.816700456278104,10.594259543721895,0.08260000000000023,19063.95,349365,10.75,10.72,10.73
2024-05-02,10.75,10.75,10.75,10.75,2828,10.712979999999998,10.707683738456135,0.04394253798542991,62.68763088768121,0.02970000000000006,10.814015118438425,10.611944881561572,0.08152857142857162,17693.9,346537,10.7564,10.74,10.7203
2024-05-03,10.76,10.76,10.76,10.76,3082,10.72023,10.712666239555551,0.042850876217279676,56.299703691101435,0.03999999999999915,10.812051339108953,10.628408660891049,0.07797857142857152,17584.1,349619,10.75,10.75,10.72
2024-05-06,10.7602,10.77,10.76,10.76,6502,10.726479999999999,10.717174216740737,0.041507255918935115,35.07462381191053,0.02999999999999936,10.810565485323428,10.64239451467657,0.07869285714285722,17596.45,349619,10.76,10.75,10.73
2024-05-07,11.305,11.605,10.76,10.85,13590,10.73668,10.729824291336858,0.04716096678316539,84.72221535815423,0.11999999999999922,10.82877104419553,10.644588955804469,0.1369071428571429,18156.95,363209,10.76,10.75,10.73
2024-05-08,10.7603,10.7603,10.7603,10.7603,860,10.743195,10.732726739780967,0.04389756828101099,57.911389197945546,0.040300000000000225,10.820806704895668,10.665583295104332,0.13583571428571428,18089.25,362349,10.85,10.7564,10.72
2024-05-09,10.805,10.805,10.805,10.805,482,10.749945,10.739609907420874,0.044406301473344456,64.30013156055918,0.0649999999999995,10.824161028201965,10.675728971798035,0.13583571428571428,16832.3,362831,10.7603,10.75,10.74
2024-05-10,10.8284,10.8284,10.78,10.78,150163,10.754995,10.743456582904601,0.0423045385197689,58.00768477864316,0.02999999999999936,10.822309109727382,10.687680890272617,0.1392928571428572,24135.7,212668,10.805,10.76,10.75
2024-05-13,10.8,10.8,10.8,10.8,4838,10.758500000000002,10.748841670247021,0.04177118580288308,60.53581924292167,0.05000000000000071,10.827589019616347,10.689410980383656,0.1378642857142858,24043.25,217506,10.78,10.76,10.75
2024-05-14,10.754,10.76,10.72,10.76,781,10.7561,10.749904368318733,0.03768642786821985,55.521809007991834,0.009999999999999787,10.821166670261482,10.691033329738518,0.12111428571428576,24036.9,216725,10.8,10.85,10.75
2024-05-15,10.7801,10.7801,10.7801,10.7801,516,10.758605,10.752780142764568,0.035660053532524216,55.5340856266154,0.023699999999999832,10.82329735617395,10.69391264382605,0.1195285714285715,23592.5,217241,10.76,10.7603,10.7564
2024-05-16,10.78,10.78,10.73,10.73,11755,10.75909,10.750610605358418,0.029669495488231945,47.51490888367616,-0.019999999999999574,10.822709755289743,10.695470244710258,0.12309999999999999,15373.85,205486,10.7801,10.805,10.75
2024-05-17,10.7801,10.84,10.78,10.8034,1722,10.763259999999999,10.755638166752854,0.030493166635711333,55.61159987691807,0.043400000000000105,10.82702448112076,10.699495518879237,0.10952857142857145,15035.0,207208,10.73,10.78,10.76
2024-05-20,10.78,10.82,10.78,10.78,3851,10.76576,10.757958341347821,0.02892433400351635,53.00480620579466,0.019999999999999574,10.82793474186745,10.70358525813255,0.09452857142857152,14004.8,203357,10.8034,10.8,10.76
2024-05-21,10.79,10.79,10.78,10.78,265360,10.768260000000001,10.760057546933743,0.02736556943070667,52.39447903100102,-0.07000000000000028,10.828367041359733,10.70815295864027,0.07881428571428575,27184.4,203357,10.78,10.76,10.85
2024-05-22,10.79,10.79,10.7867,10.7867,1232,10.771595000000001,10.762594923416243,0.026366927531261908,53.72135316954178,0.02639999999999887,10.827695716760308,10.715494283239694,0.07905,27049.45,204589,10.78,10.7801,10.7603
2024-05-24,10.79,10.79,10.79,10.79,1594,10.774094999999999,10.765204930709935,0.025547284763780098,53.083880051039586,-0.015000000000000568,10.82870390519213,10.719486094807868,0.07905,25642.25,206183,10.7867,10.73,10.805
2024-05-30,10.7932,10.7932,10.7932,10.7932,2239,10.776255,10.76787112778518,0.024869247037148767,53.39052134912734,0.01320000000000121,10.830265231973785,10.722244768026217,0.0783357142857143,24504.1,208422,10.79,10.8034,10.78
2024-05-31,10.8,10.8,10.8,10.8,100,10.778755,10.770931020377066,0.02459705903528686,43.84842368632411,0.0,10.832274793681933,10.725235206318068,0.0179785714285714,24380.75,208522,10.7932,10.78,10.8
2024-06-03,10.8,10.84,10.8,10.84,697,10.783255,10.777509018436394,0.02729437197796969,61.17185069692751,0.08000000000000007,10.841519098361353,10.724990901638648,0.020835714285714197,24273.65,209219,10.8,10.78,10.76
2024-06-04,10.8,10.8,10.8,10.8,13870,10.785435000000001,10.779651016680548,0.025905729361042518,49.28977076688427,0.019900000000001583,10.842722833740712,10.72814716625929,0.020835714285714197,24303.1,195349,10.84,10.7867,10.7801
2024-06-05,10.8,10.8,10.8,10.8,5430,10.787935000000001,10.781589015091924,0.024522539429174373,53.058101703934696,0.07000000000000028,10.843033964552006,10.732836035447995,0.017378571428571275,24433.2,195349,10.8,10.79,10.73
2024-06-06,10.8,10.8001,10.8,10.8001,4027,10.78994,10.78335196603555,0.023167361594024882,50.016279061452565,-0.0032999999999994145,10.84365999137798,10.73622000862202,0.017385714285714116,24480.45,199376,10.8,10.7932,10.8034
2024-06-07,10.8,10.8,10.8,10.8,1647,10.79194,10.784937493079783,0.021833619808900195,57.48502692817998,0.02000000000000135,10.843916772139785,10.739963227860216,0.01452857142857132,24237.7,197729,10.8001,10.8,10.78
2024-06-10,10.825,10.825,10.825,10.825,967,10.790690000000001,10.788752969929327,0.022534147330008025,58.25064014880954,0.04499999999999993,10.837758322121513,10.74362167787849,0.01452857142857132,23606.55,198696,10.8,10.84,10.78
2024-06-11,10.81,10.81,10.81,10.81,153,10.793175000000002,10.790776496602724,0.021629615133845093,66.87763318022445,0.023300000000000765,10.83871063670898,10.747639363291023,0.010957142857142823,23571.2,198543,10.825,10.8,10.7867
2024-06-12,10.82,10.82,10.8,10.8,72585,10.792925,10.791654925497703,0.019876725193888944,49.0207333739042,0.010000000000001563,10.838241657794349,10.747608342205652,0.0080999999999999,27176.35,125958,10.81,10.8,10.79
2024-06-13,10.79,10.79,10.79,10.79,856,10.793425000000001,10.791497313545541,0.017479143383935636,53.121093984423716,-0.003200000000001424,10.838360269232735,10.748489730767266,0.005242857142856978,19711.0,125102,10.8,10.8001,10.7932
2024-06-14,10.7992,10.8339,10.7992,10.8339,2124,10.79512,10.795535664636441,0.018903492899937646,63.204307276529846,0.03389999999999915,10.843523201285684,10.746716798714317,0.007007142857142641,19575.3,127226,10.79,10.8,10.8
2024-06-17,10.804,10.804,10.78,10.78,1179,10.79612,10.794056077528209,0.015504302318049668,48.666929242590406,-0.0600000000000005,10.842240738570423,10.749999261429577,0.008485714285714176,19595.2,126047,10.8339,10.825,10.84
2024-06-20,10.79,10.79,10.79,10.79,562,10.796615,10.793669784430284,0.013462151442054093,49.99999728682185,-0.010000000000001563,10.842221429601736,10.751008570398263,0.008485714285714176,19597.5,126609,10.78,10.81,10.8
2024-06-21,10.81,10.82,10.81,10.82,17260,10.801115,10.796177424008352,0.014101920545359192,54.70505349062233,0.019999999999999574,10.835401856465428,10.766828143534571,0.009199999999999875,19872.75,143869,10.79,10.8,10.8
2024-06-25,10.78,10.78,10.78,10.78,105,10.799945,10.794636716959937,0.011251578601406464,46.855343849135586,-0.020100000000001117,10.835477903950045,10.764412096049954,0.009199999999999875,19791.9,143764,10.82,10.79,10.8001
2024-06-27,10.804,10.815,10.79,10.8082,428030,10.801355,10.795928458201848,0.011139752080227439,44.8073134314095,0.008199999999998653,10.835776136406922,10.766933863593076,0.00812857142857139,41000.85,571794,10.78,10.8339,10.8
2024-06-28,10.815,10.815,10.801,10.8044,1493,10.802575,10.796735271706433,0.010622056317778572,50.814812179972435,-0.02059999999999995,10.835506627734263,10.769643372265735,0.009128571428571344,27807.5,570301,10.8082,10.78,10.825
2024-07-03,10.81,10.81,10.81,10.81,125322,10.80374,10.797998579162963,0.010542128414643415,51.814220880264486,0.0,10.835947576747792,10.771532423252207,0.009128571428571344,34012.0,695623,10.8044,10.79,10.81
2024-07-05,10.82,10.82,10.82,10.82,2780,10.805240000000001,10.800093952576013,0.01115708879417987,53.48511121263896,0.019999999999999574,10.837547431114652,10.77293256888535,0.009121428571428503,34071.3,698403,10.81,10.82,10.8
2024-07-08,10.82,10.83,10.82,10.83,7029,10.80708,10.802942147568773,0.012309469260438632,55.07785791777233,0.040000000000000924,10.840666626410652,10.773493373589346,0.009835714285714201,34310.8,705432,10.82,10.78,10.79
2024-07-09,10.82,10.82,10.82,10.82,6285,10.80808,10.804566704943175,0.012274332301068114,49.108414095871105,-0.01389999999999958,10.841968647376625,10.774191352623376,0.009835714285714201,34620.05,699147,10.83,10.8082,10.8339
2024-07-10,10.82,10.82,10.82,10.82,1073,10.807080000000001,10.806036542567634,0.012106924899850213,51.88394601968628,0.040000000000000924,10.83805806354531,10.776101936454692,0.009835714285714201,34638.85,699147,10.82,10.8044,10.78
2024-07-11,10.82,10.82,10.82,10.82,20305,10.80808,10.80736639565643,0.011837794589174777,53.91542382609251,0.030000000000001137,10.83938526103366,10.77677473896634,0.008407142857142804,34960.6,699147,10.82,10.81,10.79
2024-07-12,10.82,10.82,10.82,10.82,1802,10.80908,10.808569596070104,0.011492033856072226,56.11246623645277,0.0,10.840575670545686,10.777584329454314,0.008407142857142804,34779.2,699147,10.82,10.82,10.82
2024-07-15,10.82,10.82,10.82,10.82,402,10.810075,10.809658205968189,0.01109017533740797,46.55086525204922,0.040000000000000924,10.841633458703711,10.778516541296288,0.005928571428571442,34597.95,699147,10.82,10.83,10.78
2024-07-16,10.82,10.82,10.81,10.81,2413,10.810575,10.809690757780743,0.009851224706943995,59.51776121035139,0.001800000000001134,10.841776206116467,10.779373793883533,0.004928571428571361,34636.25,696734,10.82,10.82,10.8082
2024-07-18,10.82,10.82,10.82,10.82,841,10.810325,10.810672590373054,0.009565992686924929,59.51776121035139,0.015600000000000946,10.841116993148702,10.779533006851299,0.004928571428571361,34629.95,697575,10.81,10.82,10.8044
2024-07-19,10.83,10.83,10.83,10.83,3705,10.811325,10.81251329605181,0.010031226630909273,53.633715473313735,0.019999999999999574,10.843347023670661,10.779302976329339,0.004214285714285663,34807.55,701280,10.82,10.82,10.81
2024-07-22,10.83,10.84,10.83,10.84,686,10.813325,10.815131077380208,0.011079130692744243,77.881030758974,0.019999999999999574,10.847305482013342,10.77934451798666,0.004928571428571361,31212.6,701966,10.83,10.82,10.82
2024-07-23,10.83,10.84,10.83,10.835,10140,10.815574999999999,10.81702335572495,0.011375019970985889,65.87676632376028,0.005000000000000782,10.849007406276511,10.782142593723487,0.0038571428571427496,31676.8,691826,10.84,10.82,10.83
2024-07-24,10.84,10.87,10.8395,10.87,3105,10.81738,10.822068750417813,0.014269234132312292,78.3736929305223,0.049999999999998934,10.85808513222479,10.77667486777521,0.005035714285714222,31725.85,694931,10.835,10.81,10.82
2024-07-25,10.87,10.87,10.87,10.87,140,10.821879999999998,10.826633631330402,0.01637416846930151,77.27271743801822,0.049999999999998934,10.86501238373055,10.778747616269447,0.005035714285714222,31673.9,694931,10.87,10.82,10.82
2024-07-26,10.83,10.855,10.83,10.85,16097,10.82488,10.828858999775125,0.016241292145185326,62.49999270833437,0.02999999999999936,10.867010903771401,10.7827490962286,0.006821428571428534,32450.65,678834,10.87,10.83,10.82
2024-07-29,10.86,10.86,10.86,10.86,127,10.82688,10.831824809320352,0.01674982141058834,62.49999270833437,0.03999999999999915,10.8717445024369,10.782015497563098,0.0061071428571428344,31594.0,678961,10.85,10.84,10.82
2024-07-30,10.86,10.87,10.86,10.87,783,10.83138,10.835460541766032,0.017755081230584224,70.83332506944572,0.049999999999998934,10.874465012658145,10.788294987341853,0.006821428571428534,31627.9,679744,10.86,10.835,10.82
2024-07-31,10.85,10.88,10.85,10.85,7923,10.83347,10.83684525207403,0.016744899573851058,60.71427964285789,0.03999999999999915,10.875870451834295,10.791069548165705,0.008964285714285758,10622.55,671821,10.87,10.87,10.81
2024-08-01,10.85,10.85,10.85,10.85,302,10.83575,10.838098085209836,0.015762621638529595,60.71427964285789,0.02999999999999936,10.876438159404824,10.795061840595178,0.008964285714285758,10563.0,671821,10.85,10.87,10.82
2024-08-02,10.85,10.8596,10.85,10.85,1990,10.83775,10.839231600904137,0.014813399644317826,60.71427964285789,0.019999999999999574,10.87701629732004,10.79848370267996,0.009650000000000094,4396.4,671821,10.85,10.85,10.83
2024-08-05,10.85,10.865,10.85,10.86,3440,10.839749999999999,10.841209543675172,0.014698614191098969,63.33332742222293,0.019999999999999574,10.879283463506306,10.800216536493691,0.010721428571428706,4429.4,675261,10.85,10.86,10.84
2024-08-06,10.85,10.86,10.85,10.85,798,10.84075,10.842046729991822,0.013643456313193525,63.33332742222293,0.014999999999998792,10.880256828190157,10.801243171809842,0.010721428571428706,4117.85,674463,10.86,10.87,10.835
2024-08-08,10.85,10.88,10.85,10.88,336,10.84375,10.845661327135458,0.015054446738037797,67.64705325259614,0.010000000000001563,10.885661561022356,10.801838438977644,0.01286428571428593,3820.4,674799,10.85,10.85,10.87
2024-08-12,10.8628,10.88,10.83,10.88,4714,10.84675,10.84893167693208,0.01598836291449679,65.62499425781355,0.010000000000001563,10.890069498465824,10.803430501534176,0.016435714285714553,4002.45,674799,10.88,10.85,10.87
2024-08-13,10.83,10.88,10.83,10.83,4361,10.847249999999999,10.847128660081406,0.01254925654554917,47.499996675000254,-0.019999999999999574,10.889486801114467,10.805013198885531,0.019292857142857476,3205.25,670438,10.88,10.85,10.85
2024-08-15,10.9,10.95,10.85,10.86,5165,10.849250000000001,10.848354501978415,0.012104950644602042,55.55555209876539,0.0,10.889808599580878,10.808691400419125,0.025721428571428895,3373.4,675603,10.83,10.86,10.86
2024-08-16,10.87,10.88,10.865,10.87,653,10.85175,10.85041597798047,0.01241662028841617,49.99999650000024,0.0,10.890855121483987,10.81264487851601,0.02461428571428608,3385.95,676256,10.86,10.85,10.87
2024-08-20,10.85,10.85,10.85,10.85,264,10.853750000000002,10.85037636102995,0.010923864515673287,45.45454256198373,0.0,10.88760339911354,10.819896600886462,0.02461428571428608,3278.5,675992,10.87,10.88,10.85
2024-08-21,10.868,10.88,10.86,10.88,3695,10.85675,10.853197659979479,0.012023000212577628,56.52173568998155,0.030000000000001137,10.888584274808656,10.824915725191344,0.024257142857143293,3421.2,679687,10.85,10.88,10.85
2024-08-22,10.83,10.89,10.83,10.89,101895,10.85975,10.856702644743338,0.01354485289572338,56.52173568998155,0.040000000000000924,10.89227124811425,10.82722875188575,0.028542857142857616,8330.7,781582,10.88,10.83,10.85
2024-08-26,10.89,10.89,10.89,10.89,226,10.86225,10.85987382143445,0.0145828303179254,54.54545107438068,0.030000000000001137,10.89604115424522,10.82845884575478,0.027828571428571917,8307.7,781582,10.89,10.86,10.86
2024-08-27,10.95,10.95,10.8928,10.8928,604,10.86514,10.863009647964502,0.015453236196464104,60.552264064439306,0.04279999999999973,10.899004895656944,10.831275104343057,0.029771428571428973,7830.9,782186,10.89,10.87,10.85
2024-08-28,10.95,10.95,10.9045,10.9045,1489,10.866865,10.866961110063121,0.01689240613819365,62.703958611396786,0.024499999999999744,10.90501574118012,10.82871425881988,0.03302142857142888,7750.1,783675,10.8928,10.85,10.88
2024-08-29,10.95,10.95,10.85,10.85,2763,10.865865000000001,10.865345766247586,0.013479876795621237,49.999997397769654,-0.030000000000001137,10.904711866702382,10.82701813329762,0.03947857142857166,7881.25,780912,10.9045,10.88,10.88
2024-09-03,10.86,10.88,10.85,10.87,17457,10.866865,10.865789026604958,0.01224806737236328,51.79211209645311,0.03999999999999915,10.90501574118012,10.82871425881988,0.04055000000000027,7949.25,798369,10.85,10.89,10.83
2024-09-04,10.95,10.95,10.87,10.87,358,10.867365,10.8661900716902,0.011143395403500733,53.71746932325427,0.009999999999999787,10.90539885057333,10.829331149426668,0.0455500000000003,7960.8,798369,10.87,10.89,10.86
2024-09-05,10.85,10.9497,10.85,10.86,2179,10.866865,10.865600541053038,0.009353200646339488,45.983933157529606,-0.009999999999999787,10.90501574118012,10.82871425881988,0.050528571428571666,8030.6,796190,10.87,10.8928,10.87
2024-09-09,10.9,10.925,10.89,10.89,33151,10.868865,10.867924299047987,0.010237199512035389,51.79211209645311,0.040000000000000924,10.907484126703347,10.830245873296652,0.049457142857143054,9292.0,829341,10.86,10.9045,10.85
2024-09-10,10.9,10.9061,10.895,10.9001,65549,10.87137,10.870988651519607,0.011618825944998079,64.65913464982061,0.02009999999999934,10.911313544369557,10.831426455630444,0.04667857142857163,12554.35,894890,10.89,10.85,10.88
2024-09-11,10.95,10.95,10.91,10.92,53141,10.874870000000001,10.87565639899393,0.014156352849743925,63.10043282355438,0.02999999999999936,10.91897934260702,10.830760657392982,0.04239285714285731,15111.9,948031,10.9001,10.87,10.89
2024-09-12,10.95,10.95,10.92,10.92,71701,10.87787,10.879879599089747,0.015983117769284405,61.41552118804898,0.02999999999999936,10.925723640899397,10.830016359100602,0.043464285714285796,18524.95,948031,10.92,10.87,10.89
2024-09-13,10.93,10.93,10.93,10.93,32785,10.881870000000001,10.884652970605009,0.01802992082367183,69.13875134955721,0.037200000000000344,10.933165145968793,10.830574854031209,0.043464285714285796,20124.3,980816,10.92,10.86,10.8928
2024-09-17,11.0,11.0,10.93,10.94,200673,10.884870000000001,10.889924116261675,0.02022579303908678,65.87301099353323,0.03549999999999898,10.942349995604525,10.827390004395477,0.04703571428571429,30141.15,1181489,10.93,10.89,10.9045
2024-09-19,10.95,10.95,10.88,10.95,186497,10.888369999999998,10.895645628998658,0.022513433149191187,65.87301099353323,0.09999999999999964,10.952716041467912,10.824023958532084,0.04774999999999986,39230.3,1367986,10.94,10.9001,10.85
2024-09-23,10.935,11.0,10.88,11.0,2500,10.89687,10.905584140522596,0.02803778431946391,73.01254802436938,0.13000000000000078,10.972648294350657,10.821091705649343,0.05632142857142838,39137.25,1370486,10.95,10.92,10.87
2024-09-24,11.2777,11.4275,10.87,10.87,12165,10.897369999999999,10.902195174758539,0.02167609064731124,46.88694523097424,0.0,10.972250623591364,10.822489376408633,0.09205714285714274,39487.25,1358321,11.0,10.92,10.87
2024-09-25,11.0,11.0,10.9601,10.98,1491,10.90287,10.909605158114868,0.025219765317547882,58.12701654730191,0.120000000000001,10.985085841730998,10.820654158269003,0.09165714285714278,39529.15,1359812,10.87,10.93,10.86
2024-09-26,11.0458,11.0458,11.0164,11.0164,998,10.91119,10.919776095437262,0.030612447515419916,68.63799067891611,0.1264000000000003,11.003888422174494,10.818491577825505,0.0866142857142856,39565.85,1360810,10.98,10.94,10.89
2024-09-27,11.0,11.0,11.0,11.0,360,10.91719,10.92741646730038,0.0331803615392392,64.67931141483655,0.09989999999999988,11.016674077540914,10.817705922459085,0.08447142857142838,39399.1,1360450,11.0164,10.95,10.9001
2024-10-01,11.0199,11.03,11.0199,11.02,6518,10.92369,10.936233946605107,0.036409577778441005,66.20570240518612,0.09999999999999964,11.03226618038651,10.815113819613492,0.07947857142857119,34630.25,1366968,11.0,11.0,10.92
2024-10-02,11.0199,11.0289,11.0199,11.0289,2620,10.930634999999999,10.945059285023667,0.03923463803489291,68.29109604488764,0.10890000000000022,11.047584116690514,10.813685883309484,0.07299999999999976,34749.95,1369588,11.02,10.87,10.92
2024-10-04,11.02,11.02,11.02,11.02,9169,10.936995,10.952196495973794,0.040290914449753856,64.7526080196627,0.08999999999999986,11.059006068954101,10.814983931045898,0.07049999999999976,35178.2,1360419,11.0289,10.98,10.93
2024-10-07,11.02,11.02,11.02,11.02,372,10.94277,10.958653972547719,0.040659325720028505,63.92566574922323,0.08000000000000007,11.069160141187622,10.816379858812377,0.06970714285714255,35122.35,1360419,11.02,11.0164,10.94
2024-10-08,11.02,11.02,11.02,11.02,259,10.95127,10.964496451352698,0.040484612888359806,62.177299389960396,0.07000000000000028,11.074209370594035,10.828330629405963,0.06684999999999976,34997.15,1360419,11.02,11.0,10.95
2024-10-10,11.02,11.02,11.02,11.02,75290,10.95877,10.969782503604822,0.039886366504964244,62.177299389960396,0.019999999999999574,11.079108051907092,10.838431948092907,0.06470714285714266,37888.8,1360419,11.02,11.02,11.0
2024-10-11,11.02,11.02,11.02,11.02,275362,10.96627,10.974565122309125,0.038963109463027834,61.233148134637716,0.15000000000000036,11.081919126330481,10.850620873669518,0.06470714285714266,51639.0,1360419,11.02,11.0289,10.87
2024-10-14,11.02,11.02,11.02,11.02,905,10.97427,10.97889225351778,0.037795735888634496,60.240653242782415,0.03999999999999915,11.0807382033085,10.867801796691502,0.05970714285714264,51575.3,1360419,11.02,11.02,10.98
2024-10-16,11.0653,11.0653,11.0653,11.0653,977,10.983035000000001,10.987121562706562,0.040064081504564086,63.536039235725376,0.04889999999999972,11.089155135992693,10.87691486400731,0.054707142857142746,49966.6,1361396,11.02,11.02,11.0164
2024-10-17,11.02,11.02,11.02,11.02,4145,10.98903,10.990252842448795,0.03777102945118216,52.37416730000385,0.019999999999999574,11.08877857023089,10.88928142976911,0.04613571428571423,46896.4,1357251,11.0653,11.02,11.0
2024-10-21,11.04,11.04,11.021,11.021,900,10.99408,10.993181143167957,0.03562381169378348,75.83846316995698,0.0010000000000012221,11.089234535804442,10.898925464195559,0.007671428571428329,44284.35,1358151,11.02,11.02,11.02
2024-10-22,11.07,11.07,11.07,11.07,300,11.00158,11.000497224771008,0.037444381093877155,69.46366361379157,0.041100000000000136,11.095790662040201,10.9073693379598,0.004821428571428373,40714.3,1358451,11.021,11.02,11.0289
2024-10-23,11.03,11.03,11.025,11.0271,7406,11.006435,11.003030822411864,0.03502181433847973,52.250733144677,0.0071000000000012164,11.094949626207077,10.917920373792922,0.0030785714285712323,39445.35,1351045,11.07,11.02,11.02
2024-10-24,11.05,11.05,11.05,11.05,6583,11.011935,11.007504077420258,0.03455146357112149,60.23750678409054,0.030000000000001137,11.0966571905931,10.927212809406898,0.0030785714285712323,29740.85,1357628,11.0271,11.0653,11.02
2024-10-29,11.05,11.05,11.05,11.05,12132,11.016935,11.011551308142138,0.03378920626219184,56.69045141094431,0.030000000000001137,11.09799090728139,10.93587909271861,0.0023571428571426928,21022.6,1357628,11.05,11.02,11.02
2024-11-01,11.07,11.1,11.07,11.1,4116,11.021935000000001,11.019974993080982,0.036795537906339604,63.399921268002466,0.08000000000000007,11.110574762373497,10.933295237626504,0.0038571428571426225,21103.4,1361744,11.05,11.021,11.02
2024-11-04,11.1,11.1,11.1,11.1,1484,11.033435,11.027596422311365,0.038731603576811935,65.60062044302379,0.08000000000000007,11.094453867659693,10.972416132340308,0.0038571428571426225,20569.35,1361744,11.1,11.07,11.02
2024-11-05,11.1,11.1,11.1,11.1,614,11.039435000000001,11.034492001138855,0.039807078348660596,65.60062044302379,0.08000000000000007,11.101912424132722,10.97695757586728,0.0038571428571426225,20525.5,1361744,11.1,11.0271,11.02
2024-11-06,11.12,11.12,11.12,11.12,280,11.044615,11.042635620078011,0.04179148645765629,68.08972158735119,0.05469999999999864,11.11564463873547,10.973585361264531,0.0038571428571426225,20489.6,1362024,11.1,11.05,11.0653
2024-11-07,11.12,11.12,11.12,11.12,1700,11.050615,11.050003656261058,0.04286996589925707,68.08972158735119,0.09999999999999964,11.125920896183125,10.975309103816876,0.0038571428571426225,20556.6,1362024,11.12,11.05,11.02
2024-11-08,11.13,11.13,11.07,11.07,2725,11.053115,11.051908069950482,0.039237777830956944,57.659311252358094,0.04899999999999949,11.127455108179594,10.978774891820406,0.008142857142856943,20366.95,1359299,11.12,11.1,11.021
2024-11-11,11.11,11.12,11.11,11.12,1023,11.05767,11.058393015669484,0.03993349624958675,63.283738347576154,0.049999999999998934,11.13677409131708,10.97856590868292,0.008857142857142643,20287.1,1360322,11.07,11.1,11.07
2024-11-12,11.1288,11.1288,11.1288,11.1288,103,11.063109999999998,11.065098442748582,0.04072548650380803,59.340980197782486,0.10169999999999924,11.146171800707572,10.980048199292424,0.008857142857142643,19833.8,1360425,11.12,11.1,11.0271
2024-11-14,11.11,11.1101,11.11,11.1101,542,11.067615,11.069384305343954,0.039390145692930645,64.37918639863199,0.06009999999999849,11.150605405913133,10.984624594086867,0.008864285714285483,19842.3,1359883,11.1288,11.12,11.05
2024-11-15,11.1,11.1001,11.1,11.1001,428,11.07162,11.07230960959691,0.037097327160047655,62.27117321813077,0.0500999999999987,11.152643027265775,10.990596972734224,0.0075142857142855846,19850.75,1359455,11.1101,11.12,11.05
2024-11-18,11.12,11.1201,11.12,11.1201,4334,11.076625,11.076861075349585,0.03647363939176351,58.54074047197297,0.020100000000001117,11.156581774506076,10.996668225493924,0.007521428571428552,16302.95,1363789,11.1001,11.07,11.1
2024-11-19,11.13,11.13,11.13,11.13,100,11.082125000000001,11.081921925316292,0.03635908470641347,69.76565126116365,0.030000000000001137,11.160804439566308,11.003445560433695,0.007164285714285766,2539.85,1363889,11.1201,11.12,11.1
2024-11-25,11.13,11.13,11.13,11.13,1111,11.087625,11.086500789571884,0.03585498534074638,66.84919572077202,0.030000000000001137,11.163342143299353,11.011907856700645,0.007164285714285766,2550.15,1363889,11.13,11.1288,11.1
2024-11-26,11.11,11.11,11.11,11.11,507,11.089859999999998,11.088738809612657,0.03345599028143198,61.655008301592126,-0.009999999999999787,11.16544123966577,11.014278760334227,0.007164285714285766,2526.65,1363382,11.13,11.1101,11.12
2024-12-02,11.1102,11.1102,11.1102,11.1102,1345,11.094370000000001,11.09078273250669,0.03121112531712278,52.45664386130556,-0.009799999999998477,11.162828180857053,11.02591181914295,0.005021428571428669,2386.65,1364727,11.11,11.1001,11.12
2024-12-04,11.13,11.13,11.1,11.125,16249,11.09957,11.094041519887005,0.03027727241910938,55.62050009583185,0.054999999999999716,11.159876623533787,11.039263376466213,0.007164285714285893,3154.1,1380976,11.1102,11.1201,11.07
2024-12-09,11.13,11.13,11.125,11.1275,4602,11.102445,11.097228041802529,0.029400011345689592,56.11382487508419,0.007500000000000284,11.162296763373252,11.042593236626747,0.0075214285714288055,3369.2,1385578,11.125,11.13,11.12
2024-12-10,11.12,11.1201,11.11,11.1101,5970,11.106595,11.098453942583241,0.026989621488525017,47.77327634356336,-0.018700000000000827,11.15483320172025,11.058356798279751,0.008242857142857472,3297.4,1379608,11.1275,11.13,11.1288
2024-12-12,11.11,11.11,11.1099,11.11,5065,11.109595,11.099553567099123,0.02478558816464016,47.75179555519279,-9.999999999976694e-05,11.149808874274319,11.069381125725682,0.008250000000000313,3221.5,1374543,11.1101,11.11,11.1101
2024-12-16,11.11,11.11,11.11,11.11,1163,11.112594999999999,11.100548465470636,0.02277632458419454,61.600923071850325,0.00990000000000002,11.141432437289287,11.08375756271071,0.003964285714285991,2673.05,1374543,11.11,11.1102,11.1001
2024-12-17,11.115,11.115,11.11,11.1101,3012,11.1131,11.101458135425814,0.020950533179716402,45.959178420991975,-0.010000000000001563,11.141356643372431,11.084843356627568,0.003607142857143205,2617.85,1377555,11.11,11.125,11.1201
2024-12-26,11.13,11.13,11.11,11.11,766,11.1136,11.102271646337641,0.019273340105771197,41.73988941688527,-0.02000000000000135,11.141227522508178,11.085972477491822,0.005035714285714731,2581.95,1376789,11.1101,11.1275,11.13
2024-12-27,11.13,11.13,11.13,11.13,962,11.1151,11.104912441924533,0.019335102338425614,58.64464968701088,0.0,11.142875718285142,11.087324281714858,0.00502857142857189,2599.35,1377751,11.11,11.1101,11.13
2025-01-03,11.11,11.11,11.11,11.11,9045,11.1146,11.105396971265053,0.01756770691148546,53.95682849403982,0.0,11.142364346693345,11.086835653306654,0.00502142857142905,3037.6,1368706,11.13,11.11,11.11
2025-01-06,11.12,11.13,11.12,11.13,1206,11.1151,11.107740116858858,0.01757823520051538,53.95682849403982,0.01980000000000004,11.143623600568889,11.086576399431111,0.005728571428571908,3012.9,1369912,11.11,11.11,11.1102
2025-01-08,11.11,11.11,11.11,11.11,3420,11.117099999999999,11.107955343824681,0.01579072049717567,42.603545884248064,-0.015000000000000568,11.136439515041616,11.097760484958382,0.005728571428571908,3047.65,1366492,11.13,11.1101,11.125
2025-01-10,11.12,11.12,11.12,11.12,1200,11.117099999999999,11.109102453936616,0.015008015580875167,46.556469340284934,-0.007500000000000284,11.136439515041616,11.097760484958382,0.005728571428571908,3056.5,1367692,11.11,11.11,11.1275
2025-01-15,11.1399,11.1399,11.1399,11.1399,169,11.117655000000001,11.1120355535617,0.01581121810310293,60.30323332704849,0.029800000000001603,11.138946804698243,11.096363195301759,0.005728571428571908,3059.8,1367861,11.12,11.13,11.1101
2025-01-16,11.1101,11.1101,11.11,11.11,2202,11.11765,11.111841691317728,0.013875137823134764,49.94278776201892,0.0,11.138949320472053,11.096350679527946,0.005735714285714748,3142.8,1365659,11.1399,11.11,11.11
2025-01-21,11.1252,11.1252,11.1252,11.1252,150,11.118905,11.113113911192231,0.013412680191969173,50.05707362557617,0.015200000000000102,11.138759149770197,11.099050850229803,0.0035928571428575245,3128.9,1365809,11.11,11.13,11.11
2025-01-22,11.1227,11.1227,11.1227,11.1227,102,11.119035,11.114026872031067,0.012698074581415142,48.63013310033204,0.012600000000000833,11.138956030937774,11.099113969062227,0.0032357142857146115,2917.3,1365707,11.1252,11.11,11.1101
2025-01-27,11.08,11.08,11.08,11.08,951,11.116534999999999,11.110786217551917,0.008587223183642578,42.49376261888988,-0.02999999999999936,11.142342079810794,11.090727920189204,0.002514285714285945,2959.85,1364756,11.1227,11.12,11.11
2025-01-29,11.14,11.14,11.08,11.08,400,11.114035,11.107854196832687,0.00526861057077177,42.514967089773194,-0.05000000000000071,11.143742434829523,11.084327565170476,0.006792857142857426,2924.3,1364756,11.08,11.1399,11.13
2025-02-04,11.14,11.15,11.14,11.15,3282,11.116035,11.111868082848622,0.008192562389348623,57.39644673243246,0.040000000000000924,11.149718434940834,11.082351565059167,0.007507142857143124,3063.05,1368038,11.08,11.11,11.11
2025-02-05,11.15,11.16,11.1499,11.15,10849,11.118025,11.115499694005896,0.010390045296881922,57.38068515231375,0.019999999999999574,11.154816296166672,11.081233703833327,0.007871428571428751,3538.25,1368038,11.15,11.1252,11.13
2025-02-10,11.13,11.16,11.13,11.1599,2972,11.119769999999999,11.119728294576763,0.01278305845436023,58.907530079594984,0.049900000000000944,11.160997384868523,11.078542615131475,0.008585714285714323,2874.4,1371010,11.15,11.1227,11.11
2025-02-11,11.16,11.19,11.16,11.16,10220,11.121395,11.123563695093262,0.014520227640918648,55.76479331011846,0.040000000000000924,11.166302974909426,11.076487025090573,0.01072857142857142,3155.3,1381230,11.1599,11.08,11.12
2025-02-14,11.15,11.15,11.15,11.15,150,11.12339,11.126081438417714,0.014918064153240707,57.99360187086164,0.010099999999999554,11.169708162857194,11.077071837142807,0.01072857142857142,2864.3,1381080,11.16,11.08,11.1399
2025-02-19,11.15,11.2,11.13,11.2,23739,11.127889999999999,11.13312130142555,0.019048356984734838,62.49107467924643,0.08999999999999986,11.184968557130933,11.070811442869065,0.015014285714285489,3798.0,1404819,11.15,11.15,11.11
2025-02-20,11.21,11.21,11.2,11.2,2277,11.132390000000001,11.139490701289784,0.02206726610357812,67.29438531083235,0.07479999999999976,11.197197598644324,11.067582401355677,0.015728571428571314,3853.7,1404819,11.2,11.15,11.1252
2025-02-25,11.2,11.22,11.2,11.22,5815,11.137885,11.1471582535479,0.025776471069725915,68.50480770145342,0.09730000000000061,11.212612414119523,11.063157585880479,0.01715714285714284,3993.85,1410634,11.2,11.1599,11.1227
2025-02-26,11.22,11.22,11.22,11.22,120,11.143385,11.154095562733815,0.028388794378571447,66.0007953495359,0.14000000000000057,11.225315889361196,11.061454110638804,0.01715714285714284,3961.55,1410634,11.22,11.16,11.08
2025-02-27,11.23,11.3,11.23,11.3,3200,11.151885,11.167991223425833,0.03649373378575227,81.62449686170811,0.22000000000000064,11.259284191901008,11.044485808098992,0.02215000000000002,4073.45,1413834,11.22,11.15,11.08
2025-02-28,11.34,11.34,11.33,11.34,2450,11.163385,11.184373011670992,0.045618757721914704,83.02582668400517,0.1899999999999995,11.297766378330635,11.029003621669364,0.02286428571428572,3743.7,1416284,11.3,11.2,11.15
2025-03-07,11.26,11.26,11.25,11.25,402,11.169385,11.19062320103566,0.04506863393849514,65.42282307749089,0.09999999999999964,11.308134896538373,11.030635103461627,0.023578571428571417,3703.5,1415882,11.34,11.2,11.15
2025-03-11,11.25,11.25,11.25,11.25,1000,11.176385,11.196278134270358,0.044124022610294134,72.9729702118336,0.09009999999999962,11.31663814369284,11.03613185630716,0.023578571428571417,3582.5,1415882,11.25,11.22,11.1599
2025-04-01,11.26,11.26,11.26,11.26,10082,11.183385,11.202346883387467,0.04367882544292634,73.68420781163448,0.09999999999999964,11.325747905798185,11.041022094201814,0.019292857142857094,4026.6,1425964,11.25,11.22,11.16
2025-04-08,11.3108,11.315,11.3108,11.315,1357,11.19214,11.213075751636278,0.0472197242377046,72.60273694126487,0.16499999999999915,11.344433171564576,11.039846828435424,0.01887857142857133,4086.0,1427321,11.26,11.3,11.15
2025-04-09,11.32,11.33,11.32,11.33,41071,11.203140000000001,11.224211394337585,0.05065239737602312,73.68420781163448,0.13000000000000078,11.362087954407913,11.044192045592089,0.01887142857142849,6029.45,1468392,11.315,11.34,11.2
2025-04-11,11.28,11.28,11.28,11.28,136,11.21088,11.229524594876862,0.04877597436663983,64.29421352030698,0.08000000000000007,11.368921175180914,11.052838824819085,0.016728571428571395,6028.75,1468256,11.33,11.25,11.2
2025-04-15,11.21,11.35,11.21,11.35,6163,11.222245,11.240998442983827,0.05233403640287371,69.38775311953353,0.129999999999999,11.386168094612383,11.058321905387615,0.02458571428571421,6331.8,1474419,11.28,11.25,11.22
2025-04-17,11.4,11.4,11.35,11.35,1721,11.235745,11.251379543652034,0.05452529256910488,70.83333126736107,0.129999999999999,11.394741133352305,11.076748866647694,0.028157142857142832,6370.3,1474419,11.35,11.26,11.22
2025-04-22,11.4,11.4,11.4,11.4,886,11.251745,11.26553387282803,0.05960932184343726,70.83333126736119,0.09999999999999964,11.409146337183962,11.094343662816037,0.02315714285714294,6394.6,1475305,11.35,11.315,11.3
2025-04-25,11.42,11.61,11.408,11.52,24951,11.270245,11.289768742082503,0.07248587672305362,76.66666487777778,0.17999999999999972,11.460782085490722,11.079707914509276,0.03687142857142854,7478.05,1500256,11.4,11.33,11.34
2025-04-28,11.6,12.89,11.6,11.99,197266,11.312244999999999,11.356457433312741,0.11924117325822792,86.66666551111109,0.7400000000000002,11.67952639491752,10.944963605082478,0.12758571428571422,16798.9,1697522,11.52,11.28,11.25
2025-04-29,12.04,12.06,11.8,11.95,113137,11.35175,11.412985296806765,0.15132305888275788,83.48623745980969,0.6999999999999993,11.808987413857949,10.89451258614205,0.1461571428571428,22307.15,1584385,11.99,11.35,11.25
2025-04-30,11.72,11.95,11.7,11.75,31187,11.38125,11.44508193520612,0.15877954410104422,68.59504052865239,0.4900000000000002,11.861927975144898,10.900572024855101,0.1590142857142856,23355.5,1553198,11.95,11.35,11.26
2025-05-01,11.7499,11.75,11.7,11.7,13729,11.40875,11.469359846138872,0.15882346221703436,64.75409761757587,0.3849999999999998,11.896601088151344,10.920898911848655,0.16187142857142853,24034.45,1539469,11.75,11.4,11.315
2025-05-02,11.9,11.9,11.6612,11.75,2513,11.43625,11.496087479839932,0.16103652100031773,71.18643983338116,0.41999999999999993,11.936406554438,10.936093445562,0.1782142857142858,22973.15,1541982,11.7,11.52,11.33
2025-05-05,11.72,11.72,11.65,11.7099,9103,11.461744999999999,11.516450576998034,0.1577363645372447,68.84681504478688,0.42989999999999995,11.963177497319771,10.960312502680226,0.1832142857142858,23314.45,1532879,11.75,11.99,11.28
2025-05-06,11.75,11.8201,11.74,11.7401,5168,11.48775,11.53775052204584,0.15576232326788464,69.35418771993976,0.39010000000000034,11.990339037935124,10.985160962064876,0.18893571428571437,23282.1,1538047,11.7099,11.95,11.35
2025-05-07,11.7025,11.8,11.7,11.72,25192,11.51275,11.555107615184331,0.15083722172337666,66.79940191206931,0.370000000000001,12.008962978467837,11.016537021532164,0.19577857142857166,24535.7,1512855,11.7401,11.75,11.35
2025-05-08,11.73,11.94,11.6201,11.9,85303,11.542750000000002,11.5879545089763,0.15961855559268123,70.79684691246649,0.5,12.057026143311033,11.02847385668897,0.2179142857142859,28640.85,1598158,11.72,11.7,11.4
2025-05-09,11.85,11.96,11.76,11.8401,42057,11.567755,11.611968365264271,0.15990115556919093,70.28906688107875,0.32010000000000005,12.08910632704391,11.04640367295609,0.23220000000000024,30621.2,1556101,11.9,11.75,11.52
2025-05-12,11.9,11.9001,11.76,11.78,15224,11.594255,11.627971378096245,0.15350602842197425,65.68884929973441,-0.21000000000000085,12.101283272750486,11.087226727249515,0.23220714285714322,31362.3,1540877,11.8401,11.7099,11.99
2025-05-13,11.99,12.07,11.75,11.9506,318484,11.629285,11.658697913515649,0.16035536152922703,69.4873452480059,0.000600000000000378,12.132965593337861,11.125604406662138,0.25149285714285746,47236.5,1859361,11.78,11.7401,11.95
2025-05-14,11.85,11.95,11.82,11.95,17305,11.663785,11.6864409693713,0.16384637337644747,68.43657752875288,0.1999999999999993,12.155340825495808,11.172229174504194,0.2607785714285717,47597.65,1842056,11.9506,11.72,11.75
2025-05-15,11.7618,11.9393,11.76,11.87,44853,11.691534999999998,11.70392278181213,0.15833253509880763,62.05566211850417,0.16999999999999993,12.162413521712809,11.220656478287188,0.2591571428571431,49772.45,1797203,11.95,11.9,11.7
2025-05-16,11.83,11.9101,11.75,11.75,17561,11.712534999999999,11.708311088306212,0.1426355673875559,39.10675331563678,0.0,12.151934558129186,11.273135441870812,0.17845000000000016,48596.95,1779642,11.87,11.8401,11.75
2025-05-19,12.215,12.215,11.75,11.81,2284,11.739035,11.717995746562764,0.13349822154655477,43.75891528831604,0.10010000000000119,12.129839774387575,11.348230225612424,0.19309285714285732,48704.35,1781926,11.75,11.78,11.7099
2025-05-20,11.9005,12.0,11.82,11.82,3449,11.762535,11.72771043736631,0.1256157058984897,53.756976435597174,0.0799000000000003,12.108830239263774,11.416239760736225,0.18809285714285728,48568.65,1785375,11.81,11.9506,11.7401
2025-05-21,11.95,12.0,11.77,11.8801,8280,11.78904,11.74222372904571,0.12280272975361228,59.56249247756732,0.1600999999999999,12.078943057480865,11.499136942519135,0.20095000000000013,48896.6,1793655,11.82,11.95,11.72
2025-05-22,11.87,11.95,11.8,11.86,248680,11.81204,11.753440516755642,0.11759595095348452,56.03202370646153,-0.040000000000000924,12.037900305218944,11.586179694781055,0.19460714285714278,61286.3,1544975,11.8801,11.87,11.9
2025-05-23,11.84,11.9,11.77,11.85,312752,11.82854,11.76263665801701,0.11137872025876838,57.94487829054294,0.00990000000000002,12.008024506294861,11.64905549370514,0.19889285714285712,75676.35,1232223,11.86,11.75,11.8401
2025-05-27,11.87,11.8995,11.82,11.84,15220,11.82104,11.770004595348723,0.10444067660612788,55.79802579086201,0.0600000000000005,11.983881070727564,11.658198929272436,0.19884999999999994,66574.05,1217003,11.85,11.81,11.78
2025-05-28,11.88,11.88,11.81,11.85,16462,11.81604,11.777623205315512,0.09861240107647795,57.634483430957445,-0.10060000000000002,11.967985120286428,11.66409487971357,0.19670714285714272,61740.3,1233465,11.84,11.82,11.9506
2025-05-29,11.89,11.95,11.81,11.81,11463,11.81904,11.780706709571177,0.08973141710228383,43.67444389732612,-0.1399999999999988,11.967831601347283,11.670248398652715,0.18385714285714272,60754.1,1222002,11.85,11.8801,11.95
2025-05-30,11.882,11.882,11.75,11.82,58067,11.82504,11.784448927707256,0.08254852177089766,48.48072459753573,-0.049999999999998934,11.962896040853892,11.687183959146108,0.17899999999999977,62971.0,1280069,11.81,11.86,11.87
2025-06-02,11.87,11.87,11.7401,11.81,55900,11.82804,11.786882363163707,0.07518245253097966,52.45338447113621,0.0600000000000005,11.961563558338927,11.694516441661072,0.17827142857142825,65640.35,1224169,11.82,11.85,11.75
2025-06-03,11.9,11.9,11.71,11.74,55504,11.829545,11.782417376195735,0.0629704899922956,29.385277189910212,-0.07000000000000028,11.958045869953697,11.701044130046302,0.1689857142857139,67960.4,1168665,11.81,11.84,11.81
2025-06-04,11.8,11.8,11.735,11.7601,19476,11.830544999999999,11.78029191179614,0.054288519456363815,32.095039695774915,-0.05990000000000073,11.956399092210882,11.704690907789116,0.16434285714285693,68675.8,1188141,11.74,11.85,11.82
2025-06-05,11.8,11.84,11.72,11.72,32056,11.830544999999999,11.774549824958413,0.04366887280338538,34.70636116254278,-0.1600999999999999,11.956399092210882,11.704690907789116,0.16010714285714261,69019.0,1156085,11.7601,11.81,11.8801
2025-06-06,11.7934,11.7934,11.72,11.75,4178,11.823044999999999,11.772211746390946,0.037244148242727704,49.999998251748316,-0.10999999999999943,11.949348685406555,11.696741314593442,0.15391428571428545,64962.75,1160263,11.72,11.82,11.86
2025-06-09,11.8,11.8,11.71,11.74,3480,11.81804,11.76914396102038,0.03098837659842779,40.01141392648448,-0.10999999999999943,11.949332800940711,11.686747199059289,0.12712857142857117,63033.9,1156783,11.75,11.81,11.85
2025-06-10,11.71,11.77,11.71,11.77,2303,11.81754,11.769225488542249,0.02812714950844608,43.250538322063726,-0.07000000000000028,11.949517149536993,11.685562850463006,0.11855714285714251,62387.85,1159086,11.74,11.74,11.84
2025-06-11,11.7185,11.8,11.71,11.725,10628,11.80626,11.76501353725251,0.02197516646636899,28.173373502878263,-0.125,11.928561842306195,11.683958157693805,0.10855714285714248,46995.05,1148458,11.77,11.7601,11.85
2025-06-12,11.71,11.75,11.68,11.715,9204,11.794509999999999,11.760250343228462,0.01610708668735583,28.99768132686087,-0.09500000000000064,11.903045919836003,11.685974080163994,0.10284285714285689,46590.0,1139254,11.725,11.72,11.81
2025-06-13,11.8,11.86,11.55,11.7,30908,11.786010000000001,11.754512215301942,0.010129450544974716,28.583665333605296,-0.120000000000001,11.896266751075867,11.675753248924135,0.1156999999999996,45892.75,1108346,11.715,11.75,11.82
2025-06-16,11.7,11.72,11.58,11.72,4050,11.784510000000001,11.751225337654137,0.006926123646573856,33.342586155479694,-0.08999999999999986,11.89760913490253,11.671410865097473,0.12002142857142825,45217.2,1112396,11.7,11.74,11.81
2025-06-17,11.5,11.68,11.5,11.61,25690,11.77451,11.7377753054966,-0.004437464363761023,23.92437997622477,-0.13000000000000078,11.911056285192643,11.637963714807356,0.12787857142857106,46387.5,1086706,11.72,11.77,11.74
2025-06-18,11.61,11.67,11.53,11.64,51316,11.76551,11.72846337163978,-0.010896828595646113,31.119501475626365,-0.12009999999999899,11.912741874409098,11.618278125590903,0.1278785714285712,48780.85,1138022,11.61,11.725,11.7601
2025-06-20,11.64,11.64,11.55,11.64,12842,11.753505,11.720038288626467,-0.015833403665121537,29.55474690193907,-0.08000000000000007,11.900550506382478,11.606459493617523,0.1248785714285712,49008.95,1138022,11.64,11.715,11.72
2025-06-23,11.68,11.79,11.68,11.75,39753,11.748005,11.722891784947755,-0.01074572426187359,44.44650014392628,0.0,11.886243854694616,11.609766145305382,0.12345714285714264,38562.6,1177775,11.64,11.7,11.75
2025-06-24,11.782,11.79,11.71,11.716069,20602,11.74130845,11.722241995905112,-0.009343938697927712,47.62650845361391,-0.023931000000001035,11.87148441344748,11.61113248655252,0.1155999999999997,23955.1,1157173,11.75,11.72,11.74
2025-06-25,11.77,11.77,11.7,11.72,5628,11.73530845,11.722028472485578,-0.007825605977480166,45.89107216858087,-0.049999999999998934,11.857124955607521,11.613491944392479,0.1159571428571425,23475.5,1162801,11.716069,11.61,11.77
2025-06-26,11.66,11.72,11.66,11.66,3654,11.725808449999999,11.716120998915523,-0.01133317315115967,44.09288228436002,-0.0649999999999995,11.839315881644042,11.612301018355955,0.1116714285714283,22835.1,1159147,11.72,11.64,11.725
2025-06-27,11.74,11.74,11.66,11.7,1865,11.720308450000001,11.714585665685473,-0.010761230929393406,45.17245785090541,-0.015000000000000568,11.827100485907012,11.61351641409299,0.1121428571428569,22355.2,1161012,11.66,11.64,11.715
2025-06-30,11.74,11.74,11.66,11.71,828,11.714808450000001,11.714148935620189,-0.009392772141069372,47.103474169858785,0.010000000000001563,11.810762845892317,11.618854054107686,0.11142857142857121,19493.25,1161840,11.7,11.75,11.7
2025-07-01,11.66,11.89,11.63,11.7401,77315,11.71131345,11.716620465561123,-0.005812438080241122,47.1136866032806,0.02009999999999934,11.797236732479849,11.625390167520152,0.12571428571428558,20564.0,1239155,11.71,11.716069,11.72
2025-07-02,11.67,11.74,11.66,11.66,2059,11.70731345,11.711228040269587,-0.009330838025951138,44.1236233591701,0.05000000000000071,11.79504330057914,11.619583599420858,0.12499999999999988,17891.75,1237096,11.7401,11.72,11.61
2025-07-03,11.73,11.73,11.73,11.73,401,11.705808450000001,11.713015845958198,-0.006397039259489645,51.22336612426296,0.08999999999999986,11.790712682034542,11.62090421796546,0.11999999999999986,16938.0,1237497,11.66,11.66,11.64
2025-07-07,11.6938,11.73,11.66,11.73,1243,11.70630845,11.71463338443837,-0.0040255782400748785,52.50809993760956,0.08999999999999986,11.79168105984714,11.62093584015286,0.10285714285714283,15397.35,1237497,11.73,11.7,11.64
2025-07-08,11.6874,11.6874,11.6,11.6,9970,11.69880845,11.703715919253764,-0.01249209079475655,41.52616496667479,-0.15000000000000036,11.793829585524275,11.603787314475724,0.09909999999999997,15686.95,1227527,11.73,11.71,11.75
2025-07-09,11.625,11.625,11.61,11.6101,806,11.69231345,11.69480011742007,-0.018177340337087955,50.00822034241683,-0.10596899999999998,11.793064912564843,11.591561987435158,0.08731428571428575,15553.25,1228333,11.6,11.7401,11.716069
2025-07-10,11.63,11.64,11.5755,11.6264,24140,11.68513345,11.688285820522921,-0.02112416159860686,48.856107397974114,-0.09360000000000035,11.783000068772735,11.587266831227266,0.0819214285714286,16645.1,1252473,11.6101,11.66,11.72
2025-07-11,11.5698,11.63,11.5301,11.5378,19620,11.67577345,11.673953837615976,-0.030259999776724555,42.518979835994855,-0.12219999999999942,11.791723092665334,11.559823807334665,0.08262857142857159,17094.7,1232853,11.6264,11.73,11.66
2025-07-14,11.6193,11.62,11.54,11.6,4912,11.67002345,11.666910614985882,-0.0321110410869192,38.193846736128016,-0.09999999999999964,11.789144937533164,11.550901962466837,0.0804857142857145,16880.1,1237765,11.5378,11.73,11.7
2025-07-15,11.5668,11.62,11.56,11.62,3608,11.66602345,11.66244293736818,-0.031599907742066335,42.269095551698975,-0.09000000000000163,11.786273990003203,11.5457729099968,0.07905714285714309,15515.1,1241373,11.6,11.6,11.71
2025-07-16,11.56,11.62,11.56,11.62,3562,11.66102345,11.658400752856924,-0.030839334235503557,41.90152156361941,-0.12010000000000076,11.78013472372737,11.54191217627263,0.07834285714285727,15490.7,1241373,11.62,11.6101,11.7401
2025-07-17,11.56,11.62,11.56,11.62,5033,11.66152345,11.65474353829912,-0.0298919979071659,46.41191128495371,-0.040000000000000924,11.77981402422301,11.543232875776992,0.07834285714285714,14457.85,1241373,11.62,11.6264,11.66
