Date,Open,High,Low,Close,Volume,SMA_20,EMA_20,MACD,RSI_14,Momentum_10,Bollinger_Upper,Bollinger_Lower,ATR_14,Volume_MA_20,OBV,Lag_1,Lag_5,Lag_10
2023-08-15,33.8,33.911,33.304,33.374,824020.0,33.7669,33.704424638518326,-0.0797326093825248,40.67605617761558,-0.5079999999999956,34.39603872622984,33.13776127377016,0.7882000000000003,1486669.25,-7397820.0,33.804,33.384,33.882
2023-08-16,33.226,33.5134,33.154,33.306,626780.0,33.7295,33.66647943484991,-0.09142564370478112,46.222791086069385,-0.3860000000000028,34.375483705188,33.083516294812,0.7392999999999995,1459351.0,-8024600.0,33.374,33.406,33.692
2023-08-17,32.4,32.4,31.168,31.462,5006035.0,33.5837,33.45652901248325,-0.22307780739307503,20.235400569647965,-2.360000000000003,34.733345455644574,32.434054544355426,0.7821571428571426,1666549.0,-13030635.0,33.306,33.102,33.822
2023-08-18,31.4,31.66,31.137,31.634,5782955.0,33.4677,33.28295482081818,-0.3108503328951855,24.56221190233397,-2.165999999999997,34.89473890700474,32.040661092995265,0.779142857142857,1820476.0,-7247680.0,31.462,33.678,33.8
2023-08-21,31.606,31.878,31.094,31.71,1537015.0,33.367200000000004,33.13314959978788,-0.37012751310872005,25.182815275923446,-1.847999999999999,34.989215588217654,31.74518441178235,0.7907142857142855,1829444.75,-5710665.0,31.634,33.804,33.558
2023-08-22,31.714,31.898,31.545,31.682,1003665.0,33.2404,32.994944875998556,-0.4138176834486913,26.150925399593575,-1.7020000000000017,34.97496579126032,31.50583420873968,0.773928571428571,1828898.5,-6714330.0,31.71,33.374,33.384
2023-08-23,31.852,32.092,31.51,31.778,1433195.0,33.1275,32.87904536399869,-0.43623786684141663,25.550239148874837,-1.6280000000000001,34.93637397367301,31.31862602632699,0.7209428571428566,1845521.5,-5281135.0,31.682,33.306,33.406
2023-08-24,31.81,31.973,31.368,31.452,979575.0,33.022999999999996,32.743136281713106,-0.4717163922208769,23.818019550969694,-1.649999999999995,34.96744980717723,31.07855019282276,0.704228571428571,1819685.5,-6260710.0,31.778,31.462,33.102
2023-08-25,31.478,31.624,31.188,31.448,1663655.0,32.8908,32.619789969169,-0.49416803059337155,25.153085173776972,-2.229999999999997,34.8880365750812,30.893563424918792,0.6892999999999994,1802667.5,-7924365.0,31.452,31.634,33.678
2023-08-28,31.724,32.044,31.434,31.596,1104820.0,32.778499999999994,32.52228616258147,-0.49526987951391277,28.81516578118196,-2.208000000000002,34.80293135615645,30.75406864384354,0.6992999999999991,1787593.25,-6819545.0,31.448,31.71,33.804
2023-08-29,31.596,31.84,31.286,31.654,862715.0,32.6671,32.43959224233562,-0.48616922680898966,29.417293136315365,-1.7200000000000024,34.681031468023356,30.653168531976643,0.7045999999999987,1767124.25,-5956830.0,31.596,31.682,33.374
2023-08-30,31.65,31.876,31.44,31.546,869865.0,32.5598,32.35448821925604,-0.481327367778988,30.837438317309406,-1.759999999999998,34.57248603978286,30.547113960217146,0.5974571428571416,1755801.0,-6826695.0,31.654,31.778,33.306
2023-08-31,31.696,31.9188,31.327,31.47,1904675.0,32.4422,32.27025124599356,-0.477570524561969,18.988763970269005,0.007999999999999119,34.41889150482899,30.465508495171008,0.5886571428571418,1764877.0,-8731370.0,31.546,31.452,31.462
2023-09-01,31.762,32.032,31.588,31.768,1528055.0,32.3406,32.222417793994175,-0.4470498549698725,22.722400772209667,0.13400000000000034,34.23041718971076,30.45078281028925,0.5797999999999982,1794381.25,-7203315.0,31.47,31.448,31.634
2023-09-05,31.588,32.25,30.63,31.564,2670465.0,32.240899999999996,32.1597113374233,-0.4332195232545999,24.18710771859115,-0.1460000000000008,34.069700918634915,30.41209908136508,0.6521571428571412,1747460.25,-9873780.0,31.768,31.596,31.71
2023-09-06,31.516,31.768,31.312,31.736,1498635.0,32.1585,32.11935787671632,-0.40453729931428484,28.254847535853827,0.054000000000002046,33.917619815793024,30.39938018420697,0.6590571428571417,1742053.5,-8375145.0,31.564,31.654,31.682
2023-09-07,31.56,31.649,31.126,31.36,1596155.0,32.056200000000004,32.04703807893382,-0.4057189431472068,47.61904730781201,-0.41799999999999926,33.74647728650155,30.365922713498453,0.6084142857142846,1757474.0,-9971300.0,31.736,31.546,31.778
2023-09-08,31.468,31.468,31.014,31.104,920965.0,31.9563,31.957224928559167,-0.42131212948672925,38.095237855645415,-0.34800000000000253,33.62232673890208,30.290273261097916,0.6034857142857132,1711539.0,-10892265.0,31.36,31.47,31.452
2023-09-11,31.246,31.247,30.8,30.944,972230.0,31.8196,31.860727316315437,-0.44080521170429066,33.41991321736849,-0.5040000000000013,33.332427732218136,30.306772267781863,0.5794142857142847,1702532.5,-11864495.0,31.104,31.768,31.448
2023-09-12,30.924,31.188,30.799,30.906,1191645.0,31.674699999999994,31.769800905237776,-0.45389023170145393,33.275861868162934,-0.6900000000000013,32.9184615442468,30.43093845575319,0.5819857142857133,1698856.0,-13056140.0,30.944,31.564,31.596
2023-09-13,30.914,31.0555,30.684,30.836,1344120.0,31.547800000000002,31.680867485691323,-0.4642692084277229,29.468177675433992,-0.8180000000000014,32.55740682289786,30.53819317710214,0.5669499999999991,1724861.0,-14400260.0,30.906,31.736,31.654
2023-09-14,31.022,31.234,30.802,31.226,1486355.0,31.4438,31.63754677276834,-0.4371789696746937,45.207802954661005,-0.3200000000000003,32.030973640595626,30.856626359404377,0.5545928571428563,1767839.75,-12913905.0,30.836,31.36,31.546
2023-09-15,31.2,31.9,31.2,31.842,4257570.0,31.462799999999998,31.657018508695163,-0.3636082137093908,56.632996366039706,0.3719999999999999,32.076448828085184,30.849151171914812,0.5734499999999991,1730416.5,-8656335.0,31.226,31.104,31.47
2023-09-18,31.836,32.704,31.678,32.134,3838840.0,31.4878,31.70244531739086,-0.2793328733936171,58.63840692969244,0.36599999999999966,32.16795218111352,30.807647818886476,0.603164285714285,1633210.75,-4817495.0,31.842,30.944,31.768
2023-09-19,32.156,32.602,31.306,31.636,3372860.0,31.484099999999994,31.696117191925065,-0.24863016342342092,49.746764013377955,0.07199999999999918,32.159954204146835,30.808245795853157,0.6561642857142849,1725003.0,-8190355.0,32.134,30.906,31.564
2023-09-20,31.652,31.992,31.394,31.434,3197165.0,31.471700000000006,31.671153649836963,-0.23738866775996215,48.46491209470705,-0.3019999999999996,32.141337796832865,30.802062203167146,0.6677357142857137,1834678.0,-11387520.0,31.636,30.836,31.736
2023-09-21,31.242,31.242,30.666,30.746,1344530.0,31.4201,31.583043778423917,-0.2792778256879096,41.5023472814477,-0.6140000000000008,32.14695911180974,30.69324088819026,0.6666071428571423,1830244.75,-12732050.0,31.434,31.226,31.36
2023-09-22,30.67,31.032,30.67,30.876,698775.0,31.3913,31.515706275716877,-0.29877423854871665,39.100684128199056,-0.22799999999999798,32.15742190867195,30.62517809132805,0.6607499999999996,1816204.75,-12033275.0,30.746,31.842,31.104
2023-09-25,30.8,31.282,30.77,31.13,782145.0,31.375400000000003,31.47897234469622,-0.29083024852204176,44.76098488009323,0.18599999999999994,32.14972276691843,30.60107723308158,0.5816071428571424,1772129.25,-11251130.0,30.876,32.134,30.944
2023-09-26,31.002,31.038,30.258,30.342,1740020.0,31.3127,31.370689264248963,-0.342801208762328,35.35098770598701,-0.5640000000000001,32.205785744689834,30.419614255310165,0.6047499999999998,1803889.25,-12991150.0,31.13,31.636,30.906
2023-09-27,30.4,30.848,30.286,30.746,1713515.0,31.2673,31.311195048606205,-0.34799600237504436,43.5854574571257,-0.08999999999999986,32.17944613325981,30.355153866740192,0.6075357142857138,1846429.25,-11277635.0,30.342,31.434,30.836
2023-09-28,30.8,31.242,30.682,30.906,1172180.0,31.235300000000002,31.27260504397704,-0.3355575026961901,47.88912565662094,-0.3200000000000003,32.15117567531371,30.319424324686295,0.6151071428571425,1861545.0,-10105455.0,30.746,30.746,31.226
2023-09-29,31.068,31.068,30.192,30.406,2287425.0,31.1821,31.19007123026494,-0.3611898037529109,44.652087350868946,-1.436,32.16194787218799,30.20225212781201,0.6457499999999998,1880682.5,-12392880.0,30.906,30.876,31.842
2023-10-02,30.246,30.552,30.175,30.288,1349790.0,31.108099999999997,31.104159684525424,-0.38640577234067663,43.953033147682504,-1.846,32.12450230327612,30.091697696723877,0.6448928571428569,1871769.25,-13742670.0,30.406,31.13,32.134
2023-10-03,30.136,30.534,30.136,30.372,2232225.0,31.0485,31.034430190761096,-0.3951402590050179,45.472287151324764,-1.2639999999999993,32.09177974751678,30.005220252483223,0.6467857142857143,1849857.25,-11510445.0,30.288,30.342,31.636
2023-10-04,30.318,30.907,30.292,30.75,2050130.0,30.999200000000002,31.0073416011648,-0.3677218168633658,45.34428782573944,-0.684000000000001,31.997924576120507,30.000475423879497,0.6598571428571426,1877432.0,-9460315.0,30.372,30.746,31.434
2023-10-05,30.652,31.258,30.55,31.182,1545530.0,30.990299999999998,31.0239757343872,-0.30801371548500356,43.303571305549916,0.43599999999999994,31.978604896487294,30.0019951035127,0.660428571428571,1874900.75,-7914785.0,30.75,30.906,30.746
2023-10-06,30.974,31.348,30.012,31.12,1371525.0,30.9911,31.0331209025408,-0.26261396395475245,39.20817357409229,0.24399999999999977,31.97981823456844,30.002381765431558,0.6825714285714282,1897428.75,-9286310.0,31.182,30.406,30.876
2023-10-09,30.99,31.664,30.737,31.66,913420.0,31.0269,31.09282367372739,-0.18143611798484116,50.25316440853497,0.5300000000000011,32.05932216987133,29.99447783012867,0.6562142857142857,1894488.25,-8372890.0,31.12,30.288,31.13
2023-10-10,31.666,32.408,31.639,32.234,1899260.0,31.0933,31.201507133372402,-0.07043804047312463,57.82472597622337,1.892000000000003,32.255629620791005,29.930970379208997,0.6684285714285715,1929869.0,-6473630.0,31.66,30.372,30.342
2023-10-11,32.394,33.184,32.394,33.112,2055435.0,31.207100000000004,31.383458834955984,0.08671586379854546,72.31233477699502,2.366000000000003,32.67013475513626,29.744065244863748,0.6837142857142856,1965434.75,-4418195.0,32.234,30.75,30.746
2023-10-12,33.146,33.268,32.34,32.586,1230995.0,31.2751,31.497986564960176,0.1672341026203199,65.00526484554689,1.6799999999999997,32.8629329356638,29.687267064336197,0.724142857142857,1952666.75,-5649190.0,33.112,31.182,30.906
2023-10-13,32.692,32.807,31.61,31.686,1522395.0,31.2673,31.51589260639254,0.15717298665286705,54.38209319650863,1.2800000000000011,32.84490712873369,29.68969287126631,0.7730714285714286,1815908.0,-7171585.0,32.586,31.12,30.406
2023-10-16,31.906,32.618,31.882,32.48,1235490.0,31.2846,31.60771235816468,0.21037548567421993,66.83464552193936,2.1919999999999966,32.90911591494036,29.660084085059644,0.7699285714285714,1685740.5,-5936095.0,31.686,31.66,30.288
2023-10-17,32.316,33.472,32.316,33.234,1955685.0,31.364500000000003,31.76259689548233,0.3093967914247706,68.56716403582983,2.862000000000002,33.20466561039598,29.524334389604025,0.8123571428571429,1614881.75,-3980410.0,32.48,32.234,30.372
2023-10-18,33.106,33.161,32.452,32.486,1634210.0,31.417099999999998,31.831492429245916,0.32414465722095187,60.83973643636712,1.735999999999997,33.32454203471279,29.509657965287207,0.8230000000000002,1536734.0,-5614620.0,33.234,33.112,30.75
2023-10-19,32.186,32.532,31.601,31.842,1602590.0,31.471899999999998,31.832493150270114,0.2809248520895231,59.6609256142017,0.6600000000000001,33.36104883646461,29.582751163535384,0.8269285714285713,1549637.0,-7217210.0,32.486,32.586,31.182
2023-10-20,31.834,32.016,31.384,31.392,1476810.0,31.4977,31.79054142167296,0.2081562879954646,57.10973714586084,0.27199999999999847,33.36656794892687,29.628832051073125,0.845142857142857,1588538.75,-8694020.0,31.842,31.686,31.12
2023-10-23,31.282,31.462,30.256,30.322,1897790.0,31.457299999999996,31.65068033389458,0.06384080684310689,49.71428563474285,-1.338000000000001,33.393361884613306,29.521238115386687,0.9028571428571427,1644321.0,-10591810.0,31.392,32.48,31.66
2023-10-24,30.466,30.522,29.68,29.704,2039950.0,31.425400000000003,31.465282206857,-0.0990207085521071,44.182424847769305,-2.530000000000001,33.45748002328955,29.39331997671046,0.9190714285714284,1659317.5,-12631760.0,30.322,33.234,32.234
2023-10-25,29.54,29.905,29.49,29.804,1464795.0,31.378300000000003,31.307064853823,-0.21753892715480916,42.04204197405999,-3.3080000000000034,33.51752731746518,29.23907268253482,0.8981428571428572,1646881.5,-11166965.0,29.704,32.486,33.112
2023-10-26,29.734,30.0663,29.532,29.836,1594695.0,31.3248,31.16696343917319,-0.3053668560785887,42.559109805768706,-2.75,33.56490202775156,29.084697972248446,0.8408785714285715,1668007.25,-9572270.0,29.804,31.842,32.586
2023-10-27,29.752,29.752,28.67,28.954,1663775.0,31.2522,30.95620501639479,-0.440795088729498,34.916387905370186,-2.7319999999999993,33.70198431703686,28.802415682963137,0.8519499999999997,1636824.75,-11236045.0,29.836,31.392,31.686
2023-10-30,29.304,29.628,29.091,29.488,1223730.0,31.212200000000003,30.816375967214334,-0.49941445797390926,34.62485996811331,-2.9919999999999973,33.75271694698038,28.671683053019624,0.8353785714285709,1630521.75,-10012315.0,28.954,30.322,32.48
2023-10-31,29.546,30.578,29.546,30.182,1624835.0,31.2027,30.755959208432017,-0.4844563505728203,33.24948542585261,-3.052000000000003,33.75782472452804,28.647575275471958,0.8526642857142852,1600152.25,-8387480.0,29.488,29.704,33.234
2023-11-01,30.068,30.184,29.313,29.864,1559260.0,31.158399999999993,30.671010712390874,-0.4925081732056249,34.059498655793746,-2.6219999999999963,33.77651811884228,28.540281881157703,0.848592857142857,1575608.75,-9946740.0,30.182,29.804,32.486
2023-11-02,30.022,30.606,29.816,30.462,1668740.0,31.122400000000006,30.65110493025841,-0.44562537552755543,42.56920828120823,-1.379999999999999,33.75888780727212,28.4859121927279,0.8195214285714284,1581769.25,-8278000.0,29.864,29.836,31.842
2023-11-03,30.82,31.025,30.592,30.644,874475.0,31.098599999999998,30.6504282702338,-0.38933214892982804,37.959076530505364,-0.7480000000000011,33.7437586282151,28.453441371784894,0.7978785714285712,1556916.75,-7403525.0,30.462,28.954,31.392
2023-11-06,30.848,30.941,30.172,30.44,1051460.0,31.037599999999998,30.630387482592486,-0.3570267635848765,30.25162561160262,0.1180000000000021,33.68451553560579,28.3906844643942,0.770235714285714,1563818.75,-8454985.0,30.644,29.488,30.322
2023-11-07,30.216,30.578,30.078,30.38,707225.0,30.9449,30.606541055678914,-0.33242305575884856,33.510804812221835,0.6759999999999984,33.54483796687126,28.344962033128738,0.7553071428571424,1504217.0,-9162210.0,30.44,30.182,29.704
2023-11-08,30.39,30.448,30.139,30.288,1101005.0,30.8037,30.576203812280923,-0.3166822271959937,36.68152202373304,0.48400000000000176,33.20742142181325,28.39997857818675,0.7108785714285712,1456495.5,-10263215.0,30.38,29.864,29.804
2023-11-09,30.522,30.946,30.3,30.742,1517925.0,30.7115,30.591993925397027,-0.26458947709657465,44.433024902010565,0.9060000000000024,32.96408265810128,28.458917341898722,0.7118785714285715,1470842.0,-8745290.0,30.288,30.462,29.836
2023-11-10,30.76,30.976,30.562,30.888,1143440.0,30.6716,30.62018498012112,-0.20913381970516198,55.759055600198096,1.934000000000001,32.87932675654815,28.46387324345185,0.6553071428571428,1451894.25,-7601850.0,30.742,30.644,28.954
2023-11-13,30.628,30.962,30.522,30.828,1180665.0,30.589,30.639976886776253,-0.16808149865510913,62.90174451776301,1.3399999999999999,32.6290963857518,28.5489036142482,0.6265928571428573,1449153.0,-8782515.0,30.888,30.44,29.488
2023-11-14,31.452,32.32,31.243,32.196,1142710.0,30.5371,30.788169564226134,-0.025032392696211048,71.26600266754554,2.0139999999999993,32.331947584791315,28.742252415208682,0.6738785714285714,1408504.25,-7639805.0,30.828,30.38,30.182
2023-11-15,32.14,32.508,31.62,31.646,2037950.0,30.495099999999997,30.869867700966502,0.04351061178450166,64.73461398464926,1.782,32.13012375968562,28.86007624031438,0.6991428571428574,1428691.25,-9677755.0,32.196,30.288,29.864
2023-11-16,31.99,33.898,31.99,32.746,3170865.0,30.540300000000002,31.04854696754112,0.18435601810046975,79.81132057903173,2.2840000000000025,32.37044167987637,28.710158320123632,0.758142857142858,1507105.0,-6506890.0,31.646,30.742,30.462
2023-11-17,32.8,33.438,32.767,33.02,1410895.0,30.621700000000004,31.23630439920387,0.31443445377916035,78.9508194909326,2.3760000000000048,32.73435551031465,28.509044489685362,0.7677142857142866,1503809.25,-5095995.0,32.746,30.888,30.644
2023-11-20,33.09,33.382,32.917,32.936,1363220.0,30.7524,31.398180170708265,0.4060686925337009,75.08196702164892,2.4959999999999987,33.09761922665075,28.407180773349257,0.7272142857142863,1477080.75,-6459215.0,33.02,30.828,30.44
2023-11-21,32.952,33.198,32.696,32.864,1183475.0,30.9104,31.53778205921224,0.46749473659770047,78.60411878328415,2.483999999999998,33.38067314918384,28.440126850816156,0.7008571428571434,1434257.0,-7642690.0,32.936,32.196,30.38
2023-11-22,33.08,33.286,32.825,32.912,974365.0,31.065800000000003,31.668659958334885,0.5141171857047553,76.09714506489982,2.6239999999999988,33.63218115887553,28.499418841124474,0.6773571428571431,1409735.5,-6668325.0,32.864,31.646,30.288
2023-11-24,32.814,33.161,32.595,32.924,508040.0,31.2202,31.78821615277918,0.5457411108241139,75.19893875933127,2.1819999999999986,33.84593078349022,28.59446921650978,0.6868571428571434,1355402.75,-6160285.0,32.912,32.746,30.742
2023-11-27,32.94,33.648,32.784,33.532,2118295.0,31.449100000000005,31.95429080489545,0.6127608929393453,81.3717530155834,2.643999999999995,34.040971821067146,28.857228178932868,0.693642857142858,1378128.75,-4041990.0,32.924,33.02,30.888
2023-11-28,33.51,33.51,32.154,32.234,1808480.0,31.586399999999998,31.98092977585779,0.5548156932049118,65.03405758831062,1.4060000000000024,34.02739534487143,29.145404655128566,0.7547857142857148,1407366.25,-5850470.0,33.532,32.936,30.828
2023-11-29,32.294,32.466,31.518,31.658,1986780.0,31.660199999999996,31.950174559109428,0.4571761256560869,60.30075175275031,-0.5379999999999967,34.009960803056074,29.310439196943918,0.8004285714285719,1425463.5,-7837250.0,32.234,32.864,32.196
2023-11-30,31.62,31.656,30.922,31.63,2199250.0,31.7485,31.919681743956147,0.3732357669910584,57.13367596403091,-0.01600000000000179,33.941559626712326,29.555440373287674,0.806714285714286,1457463.0,-10036500.0,31.658,32.912,31.646
2023-12-01,31.482,32.787,31.482,32.502,1778410.0,31.850500000000004,31.975140625484133,0.3727385207547158,61.611510667257384,-0.24399999999999977,33.98047529019516,29.72052470980485,0.8703571428571433,1462946.5,-8258090.0,31.63,32.924,32.746
2023-12-04,32.264,33.164,32.264,33.09,1942225.0,31.9728,32.08131770877136,0.4149818777922114,65.12436468150027,0.07000000000000028,34.09195311783787,29.853646882162135,0.903214285714286,1516334.0,-6315865.0,32.502,33.532,33.02
2023-12-05,33.014,33.156,32.598,32.628,852050.0,32.0822,32.133382688888375,0.4065122445057092,53.286670610770955,-0.30799999999999983,34.09122129615913,30.07317870384087,0.8661428571428572,1506363.5,-7167915.0,33.09,32.234,32.936
2023-12-06,32.712,32.8925,32.3565,32.414,849475.0,32.1839,32.16010814708948,0.37818012896287456,56.15779333126857,-0.44999999999999574,34.02938038532829,30.338419614671714,0.8410000000000001,1513476.0,-8017390.0,32.628,31.658,32.864
2023-12-07,32.51,33.012,32.365,33.012,1184835.0,32.320100000000004,32.24124070450953,0.39935624664116176,52.31949760507968,0.10000000000000142,33.96792752035582,30.67227247964419,0.7509285714285711,1517667.5,-6832555.0,32.414,31.63,32.912
2023-12-08,32.952,33.3028,32.84,33.148,1104890.0,32.4404,32.32759873265148,0.4222405412443351,51.14367392494434,0.22400000000000375,33.94851285351835,30.93228714648164,0.7360571428571421,1497015.75,-5727665.0,33.012,32.502,32.924
2023-12-11,33.152,33.484,33.062,33.076,1165505.0,32.5498,32.39887504382753,0.42961609501368514,51.25358153339001,-0.45599999999999596,33.89207577368867,31.20752422631133,0.7329857142857141,1498119.0,-6893170.0,33.148,33.09,33.532
2023-12-12,33.132,33.31,32.902,33.214,761505.0,32.6691,32.47650599203443,0.4415033180450294,53.09734500117473,0.9799999999999969,33.76934033738086,31.56885966261914,0.7262714285714283,1477161.0,-6131665.0,33.076,32.628,32.234
2023-12-13,33.24,33.508,32.754,33.508,1069465.0,32.7347,32.57474351660258,0.4692307142135874,55.05427395339897,1.8500000000000014,33.8719982018802,31.597401798119787,0.7472000000000002,1473498.75,-5062200.0,33.214,32.414,31.658
2023-12-14,33.856,33.894,32.908,33.268,1565395.0,32.8158,32.64076794359281,0.466466969462104,52.80862169508154,1.6380000000000017,33.85315201354216,31.778447986457845,0.7771999999999998,1449871.0,-6627595.0,33.508,33.012,31.63
2023-12-15,33.268,33.628,33.05,33.106,3334795.0,32.8338,32.685075758488736,0.4460659179757158,46.248678998330185,0.6039999999999992,33.878519574562304,31.789080425437685,0.7567714285714283,1458067.5,-9962390.0,33.268,33.148,32.502
2023-12-18,33.238,33.331,32.613,32.87,1672210.0,32.826299999999996,32.70268759101362,0.406177090158792,56.88908128326527,-0.22000000000000597,33.867539160555175,31.785060839444817,0.7112000000000004,1471133.25,-11634600.0,33.106,33.076,33.09
2023-12-19,33.08,33.104,32.657,32.958,1103910.0,32.8274,32.727003058536134,0.37731462372696,65.74612380803144,0.3299999999999983,33.86917346764769,31.7856265323523,0.6754142857142862,1458167.75,-10530690.0,32.87,33.214,32.628
2023-12-20,32.75,33.69,32.642,33.05,1574135.0,32.8367,32.75776467200888,0.35773909430025697,66.93702267721405,0.6359999999999957,33.883159514644234,31.790240485355767,0.6978428571428574,1477700.75,-8956555.0,32.958,33.508,32.414
2023-12-21,33.234,33.986,33.15,33.276,1163620.0,32.8549,32.80712041753185,0.35635021617353146,60.913705343262244,0.2640000000000029,33.91937988782265,31.79042011217735,0.6643428571428573,1487163.5,-7792935.0,33.05,33.268,33.012
2023-12-22,33.252,33.378,32.948,33.2,1400745.0,32.868700000000004,32.84453752062405,0.3451393951286619,51.81278815907083,0.0519999999999996,33.944052397564334,31.793347602435677,0.6307714285714289,1531798.75,-9193680.0,33.276,33.106,33.148
2023-12-26,33.084,33.386,32.988,33.344,887660.0,32.8593,32.892105375802714,0.34390794134666436,63.18114842248298,0.2680000000000007,33.91331430131113,31.805285698688863,0.6193428571428576,1470267.0,-8306020.0,33.2,32.87,33.076
2023-12-27,33.348,33.7,33.332,33.678,1006085.0,32.9315,32.966952482869125,0.3656635899382792,72.28490796474287,0.46399999999999864,34.002850058276195,31.8601499417238,0.6073428571428577,1430147.25,-7299935.0,33.344,32.958,33.214
2023-12-28,33.718,33.929,33.25,33.61,719200.0,33.0291,33.028195103548256,0.37311765602753155,62.96617481286789,0.10199999999999676,33.95816878109213,32.10003121890787,0.6096285714285722,1366768.25,-8019135.0,33.678,33.05,33.508
2023-12-29,33.524,33.618,33.1718,33.386,676060.0,33.1169,33.062271760353184,0.3568390130608279,54.970759912451676,0.1180000000000021,33.78430215920035,32.44949784079965,0.6084428571428587,1290608.75,-8695195.0,33.61,33.276,33.268
2024-01-02,33.096,33.698,33.096,33.636,1331470.0,33.1736,33.116912545081455,0.3599590504135435,60.88646934198659,0.5300000000000011,33.813145364836814,32.53405463516319,0.6213000000000015,1268261.75,-7363725.0,33.386,33.2,33.106
2024-01-03,33.494,33.658,32.616,32.62,927925.0,33.1501,33.069587540787985,0.27726216093131484,41.39130417986138,-0.25,33.83547746803076,32.464722531969244,0.6665857142857158,1217546.75,-8291650.0,33.636,33.344,32.87
2024-01-04,32.692,32.8705,32.604,32.71,942030.0,33.1542,33.035341108331984,0.2164902315175823,37.70794808135822,-0.24799999999999756,33.82729797519423,32.48110202480578,0.631764285714287,1222045.75,-7349620.0,32.62,33.678,32.958
2024-01-05,32.516,32.922,32.302,32.316,1296610.0,33.1493,32.96683243134799,0.1349826677639996,35.999999851764755,-0.7339999999999947,33.84609600578953,32.45250399421046,0.6056214285714299,1244402.5,-8646230.0,32.71,33.61,33.05
2024-01-08,32.388,32.686,32.311,32.658,739875.0,33.1316,32.937419818838656,0.09686483443395133,43.74301658871446,-0.6180000000000021,33.86033369621559,32.40286630378441,0.5911214285714296,1222154.5,-7906355.0,32.316,33.386,33.276
2024-01-09,32.436,32.743,32.262,32.668,644180.0,33.107600000000005,32.91176078847307,0.06669423382563622,46.988670048347856,-0.5320000000000036,33.86510793638367,32.35009206361634,0.5741928571428581,1199119.0,-7262175.0,32.658,33.636,33.2
2024-01-10,32.932,33.066,32.524,32.806,1566695.0,33.094100000000005,32.901688332428016,0.05330395715203906,47.76733235348334,-0.5380000000000038,33.86350931547316,32.32469068452685,0.5809785714285722,1219178.5,-5695480.0,32.668,32.62,33.344
2024-01-11,32.806,33.0822,32.704,33.026,1042360.0,33.0847,32.91352753886344,0.059754145622505916,49.660248953781654,-0.6519999999999939,33.85253361684542,32.316866383154576,0.5331357142857155,1233221.25,-4653120.0,32.806,32.71,33.678
2024-01-12,33.308,33.64,33.236,33.476,1223490.0,33.0831,32.96709634468597,0.10002178753900637,52.662406619469145,-0.13400000000000034,33.84734462878819,32.31885537121181,0.502278571428573,1240922.5,-3429630.0,33.026,32.316,33.61
2024-01-16,33.224,33.275,32.346,32.354,1241990.0,33.037400000000005,32.90870621662064,0.04093186713394914,41.19117022559837,-1.0320000000000036,33.86201612121547,32.21278387878454,0.5379214285714303,1224752.25,-4671620.0,33.476,32.658,33.386
2024-01-17,32.14,32.69,32.104,32.398,795970.0,33.002,32.86006752932343,-0.0023203132664590953,39.940450753048445,-1.2379999999999995,33.87366193350163,32.130338066498375,0.5513500000000013,1097811.0,-3875650.0,32.354,32.668,33.636
2024-01-18,32.41,32.73,32.316,32.636,731940.0,32.990300000000005,32.83872776462596,-0.01719613162714495,38.688666838549494,0.016000000000005343,33.87559723822003,32.10500276177998,0.5546357142857151,1050797.5,-3143710.0,32.398,32.806,32.62
2024-01-19,32.636,32.901,31.838,32.724,1964370.0,32.97860000000001,32.82780131085206,-0.021635399234448016,40.42369205232775,0.013999999999995794,33.87184397563041,32.0853560243696,0.5820642857142866,1093820.5,-1179340.0,32.636,33.026,32.71
2024-01-22,32.96,33.118,32.592,32.702,785715.0,32.9612,32.81582023362805,-0.026621803010435485,42.26943928757405,0.3859999999999957,33.86211266005792,32.06028733994208,0.5877642857142865,1054399.5,-1965055.0,32.724,33.476,32.316
2024-01-23,32.928,32.928,32.35,32.374,1021170.0,32.9161,32.773742116139665,-0.0563892875471268,35.98400699605149,-0.2839999999999989,33.84065756702157,31.991542432978427,0.5860500000000002,1047277.0,-2986225.0,32.702,32.354,32.658
2024-01-24,32.646,32.646,32.064,32.15,946875.0,32.8636,32.714338105078745,-0.09693701374899888,43.6657680292936,-0.5180000000000007,33.838173245336804,31.889026754663192,0.5531928571428573,1024583.5,-3933100.0,32.374,32.398,32.668
2024-01-25,32.516,32.56,31.936,32.428,728440.0,32.8178,32.68706780935696,-0.10542461803294856,46.38276022335586,-0.3780000000000001,33.78336797574768,31.85223202425232,0.5787285714285717,1016622.5,-3204660.0,32.15,32.636,32.806
2024-01-26,32.598,32.637,32.106,32.288,780540.0,32.7483,32.64906135132296,-0.12204074014130839,49.61580661508738,-0.7380000000000067,33.651238617719066,31.845361382280934,0.5723714285714289,1005345.25,-3985200.0,32.428,32.724,33.026
2024-01-29,32.288,32.654,32.168,32.65,922195.0,32.700300000000006,32.64915074643506,-0.10479167708968617,49.89082950369221,-0.8260000000000005,33.50733775428545,31.89326224571456,0.5803000000000006,1015495.0,-3063005.0,32.288,32.702,33.476
2024-01-30,32.774,32.876,32.398,32.802,993180.0,32.671099999999996,32.66370781820315,-0.07795823629135867,51.76037815957823,0.4480000000000004,33.41333386866233,31.92886613133766,0.5800857142857144,1031351.0,-2069825.0,32.65,32.374,32.354
2024-01-31,32.94,32.94,31.608,31.636,2077640.0,32.5711,32.56583088313619,-0.14905826181740878,37.89822082528444,-0.762000000000004,33.30483274928164,31.837367250718366,0.6365142857142855,1068659.5,-4147465.0,32.802,32.15,32.398
2024-02-01,32.578,33.2,31.732,32.854,3014690.0,32.5828,32.59327556093274,-0.10590470094198423,48.52537711259336,0.21799999999999642,33.327201023783886,31.838398976216116,0.7143571428571429,1172997.75,-1132775.0,31.636,32.428,32.636
2024-02-02,32.808,33.834,32.396,33.258,1925165.0,32.6102,32.65658265036772,-0.03866085558102128,48.116142296296964,0.534000000000006,33.412411574664866,31.80798842533513,0.7882142857142858,1222154.5,792390.0,32.854,32.288,32.724
2024-02-05,33.062,33.246,32.75,32.99,1669830.0,32.6439,32.68833668366603,-0.006914833248330865,56.44768840424422,0.2880000000000038,33.45068853943794,31.837111460562067,0.7572857142857143,1240815.5,-877440.0,33.258,32.65,32.702
2024-02-06,33.076,34.772,33.076,34.044,3018690.0,32.7132,32.81744747569784,0.1021143402584812,63.85055521812386,1.6699999999999946,33.73463791320192,31.69176208679808,0.8365714285714285,1354756.25,2141250.0,32.99,32.802,32.374
2024-02-07,34.262,34.965,34.26,34.876,2193155.0,32.8236,33.01350009705995,0.2527415140021816,67.1358627692928,2.725999999999999,34.229433021454014,31.417766978545984,0.8573571428571436,1432205.0,4334405.0,34.044,31.636,32.15
2024-02-08,34.852,35.268,34.642,34.806,1501185.0,32.9236,33.18421437353043,0.3622900257601884,65.97115665486405,2.378,34.58538982773965,31.261810172260358,0.8261428571428576,1428929.5,2833220.0,34.876,32.854,32.428
2024-02-09,34.806,35.73,34.806,35.616,1564505.0,33.0531,33.41581300462277,0.5086043308491455,69.94251286898506,3.328000000000003,35.106106411659695,31.000093588340306,0.8545714285714288,1455036.75,4397725.0,34.806,33.258,32.288
2024-02-12,35.73,36.082,35.582,35.704,1420450.0,33.1645,33.63373557561108,0.6244617928145786,73.56354358478772,3.054000000000002,35.5318522851712,30.797147714828796,0.8490000000000004,1464884.75,5818175.0,35.616,32.99,32.65
2024-02-13,35.14,35.914,34.914,35.132,1021155.0,33.303399999999996,33.77642742555288,0.6624878776808671,70.11060143221626,2.3299999999999983,35.79333666374744,30.81346333625255,0.8788571428571432,1453843.0,4797020.0,35.704,34.044,32.802
2024-02-14,35.476,35.878,35.316,35.356,1724660.0,33.451299999999996,33.92686290883356,0.702599382144939,69.89130421488066,3.7200000000000024,36.0632122335541,30.839387766445892,0.8744285714285714,1500277.5,6521680.0,35.132,34.876,31.636
2024-02-15,35.63,36.28,35.594,36.13,1863465.0,33.626,34.13668548894465,0.7877618142249645,74.03052276251847,3.2760000000000034,36.46576366696432,30.78623633303567,0.8855000000000002,1556853.75,8385145.0,35.356,34.806,32.854
2024-02-16,35.944,36.262,35.828,35.88,887190.0,33.7838,34.30271544237849,0.8255643397212395,70.48972329524788,2.622,36.759990401379476,30.80760959862052,0.881785714285714,1502994.75,7497955.0,36.13,35.616,33.258
2024-02-20,35.648,35.88,35.295,35.476,1224620.0,33.9225,34.414456828818636,0.8135459367471327,66.43717716620104,2.485999999999997,36.94461550164175,30.900384498358246,0.8894285714285716,1524940.0,6273335.0,35.88,35.704,32.99
2024-02-21,35.356,35.61,34.95,35.07,1001955.0,34.057300000000005,34.47688951178829,0.7624714449016778,73.28451301519075,1.0260000000000034,37.028675658725,31.085924341275007,0.8414285714285715,1523979.25,5271380.0,35.476,35.132,34.044
2024-02-22,35.134,35.8,35.134,35.666,1311825.0,34.2331,34.59013812971322,0.7613104399864525,70.82345956879017,0.7899999999999991,37.14478635528953,31.321413644710468,0.7841428571428567,1542226.75,6583205.0,35.07,35.356,34.876
2024-02-23,35.736,35.896,35.264,35.43,992020.0,34.3832,34.670124974502436,0.732898841917752,66.49453205787916,0.6240000000000023,37.21139232577618,31.555007674223823,0.7265714285714279,1555405.75,5591185.0,35.666,36.13,34.806
2024-02-26,35.372,35.843,35.278,35.562,824970.0,34.5469,34.755065453121254,0.7128167509475247,69.94416858262738,-0.054000000000002046,37.24026196875526,31.853538031244742,0.7314999999999995,1557627.25,6416155.0,35.43,35.88,35.616
2024-02-27,35.666,35.7786,34.968,35.162,1158765.0,34.6725,34.79382112425257,0.6570510229509097,59.647911488596705,-0.5420000000000016,37.22395180550013,32.12104819449987,0.668257142857142,1569455.75,5257390.0,35.562,35.476,35.704
2024-02-28,35.044,35.314,34.97,35.142,887830.0,34.789500000000004,34.82698101718089,0.6042767287618176,52.66961045014567,0.010000000000005116,37.189935706064176,32.38906429393583,0.6424714285714275,1564188.25,4369560.0,35.162,35.07,35.132
2024-02-29,35.942,35.942,35.049,35.464,1279595.0,34.9809,34.88764949173509,0.581729463478176,56.28582331142502,0.10799999999999699,36.88090796674242,33.08089203325758,0.6615428571428562,1524286.0,5649155.0,35.142,35.666,35.356
2024-03-01,35.454,35.5,35.116,35.302,1075070.0,35.103300000000004,34.927111444903176,0.5445118180258319,46.576537145208995,-0.828000000000003,36.72079710485399,33.485802895146016,0.6229714285714277,1427305.0,4574085.0,35.464,35.43,36.13
2024-03-04,35.576,36.768,35.481,36.648,1811270.0,35.272800000000004,35.09100559300764,0.6165201254079307,58.07665968291016,0.7680000000000007,36.783029762931015,33.76257023706899,0.6791857142857134,1421610.25,6385355.0,35.302,35.562,35.88
2024-03-05,36.426,36.921,36.202,36.37,1430715.0,35.4418,35.21281458414977,0.6437344732742147,61.15315299889295,0.8939999999999984,36.5893578829573,34.2942421170427,0.6591142857142849,1409654.5,4954640.0,36.648,35.162,35.476
2024-03-06,36.52,37.15,36.52,36.802,931975.0,35.5797,35.364165576135505,0.6921816390470354,62.556443057348,1.7319999999999993,36.68196505552531,34.477434944474695,0.6639714285714275,1305318.75,5886615.0,36.37,35.142,35.07
2024-03-07,36.998,37.674,36.812,37.364,1290985.0,35.7041,35.554625997455936,0.7670824392635538,61.12513507829931,1.6980000000000004,37.013999136334206,34.39420086366579,0.6765428571428563,1260210.25,7177600.0,36.802,35.464,35.666
2024-03-08,37.538,38.028,37.16,37.312,1520785.0,35.8294,35.72199495007918,0.812875581023242,63.388182332192464,1.881999999999998,37.2521458107849,34.4066541892151,0.7075428571428566,1261190.25,5656815.0,37.364,35.302,35.43
2024-03-11,37.196,37.196,36.407,36.67,1021155.0,35.882099999999994,35.81228114530973,0.7882763469791243,60.68743271578522,1.108000000000004,37.34896201410418,34.41523798589581,0.7221142857142853,1234022.75,4635660.0,37.312,36.648,35.562
2024-03-12,36.588,36.76,36.458,36.722,621025.0,35.93300000000001,35.898921036232615,0.7641683682990532,65.78746159766357,1.5600000000000023,37.443830792713506,34.42216920728651,0.6965428571428569,1194051.5,5256685.0,36.67,36.37,35.162
2024-03-13,36.822,36.895,36.4535,36.628,848875.0,36.007799999999996,35.96835712801998,0.7290733218276984,60.16913301429861,1.485999999999997,37.49966701820262,34.51593298179737,0.6805071428571432,1185437.5,4407810.0,36.722,36.802,35.142
2024-03-14,36.7,36.808,35.731,35.944,1056340.0,36.0372,35.96603740154189,0.6387047130763222,54.96330614726031,0.480000000000004,37.49783138474636,34.576568615253635,0.7122928571428575,1152021.5,3351470.0,36.628,37.364,35.464
2024-03-15,35.866,36.186,35.622,35.746,3691740.0,36.018,35.9450814585379,0.5448295763296969,51.75438582674272,0.4440000000000026,37.483582118944284,34.55241788105572,0.7122214285714286,1243435.25,-340270.0,35.944,37.312,35.302
2024-03-18,35.72,35.946,35.298,35.396,1142715.0,35.9938,35.89278798629619,0.43715163080251074,52.25259901202613,-1.2520000000000024,37.484741009811465,34.502858990188535,0.700607142857143,1256211.5,-1482985.0,35.746,36.67,36.648
2024-03-19,35.35,35.92,35.222,35.768,1084200.0,36.0084,35.88090341617274,0.37748193549096243,55.643707035879544,-0.6019999999999968,37.483627354467515,34.53317264553249,0.7258928571428572,1249190.5,-398785.0,35.396,36.722,36.37
2024-03-20,35.696,36.248,35.558,36.226,904745.0,36.066199999999995,35.913769757489625,0.3629659275775552,56.705385287948715,-0.5760000000000005,37.475742157843335,34.656657842156655,0.711392857142857,1244330.0,505960.0,35.768,36.628,36.802
2024-03-21,36.262,36.836,36.18,36.602,945040.0,36.113,35.979315494871564,0.37745087048305237,61.02442319295419,-0.7620000000000005,37.52873562801177,34.697264371988226,0.7308214285714284,1225990.75,1451000.0,36.226,35.944,37.364
2024-03-22,36.7,36.7,36.15,36.332,670160.0,36.1581,36.01290449535999,0.36295961076525174,46.721991565537756,-0.9799999999999969,37.53927050283286,34.77692949716713,0.6781785714285716,1209897.75,780840.0,36.602,35.746,37.312
2024-03-25,36.402,36.557,36.173,36.374,664585.0,36.1987,36.047294543420946,0.35082018925145775,50.04362986461374,-0.2959999999999994,37.55357907403725,34.84382092596275,0.6542500000000001,1201878.5,1445425.0,36.332,35.396,36.67
2024-03-26,36.376,36.651,36.118,36.49,730215.0,36.265100000000004,36.089456967857046,0.3465648429658259,46.34489206915923,-0.23199999999999932,37.53345922190458,34.99674077809543,0.647321428571429,1180451.0,2175640.0,36.374,35.768,36.722
2024-03-27,36.78,36.936,36.53,36.928,833860.0,36.3544,36.16931820901352,0.37422154953367937,44.739382088235665,0.29999999999999716,37.53851279690341,35.170287203096585,0.6147500000000002,1177752.5,3009500.0,36.49,36.226,36.628
2024-03-28,37.03,37.22,36.809,36.942,1115095.0,36.4283,36.24290695101223,0.39274208290476054,45.49439828618571,0.9979999999999976,37.561838679023836,35.294761320976164,0.582107142857143,1169527.5,4124595.0,36.928,36.602,35.944
2024-04-01,36.922,37.822,36.503,37.782,1838250.0,36.5523,36.38948724139202,0.4697852495194752,62.91821540872325,2.0359999999999943,37.70940657290229,35.395193427097716,0.6199642857142861,1207686.5,5962845.0,36.942,36.332,35.746
2024-04-02,37.52,37.838,37.26,37.794,1512290.0,36.6096,36.52325036125944,0.5257502890134518,62.57035626735809,2.397999999999996,37.89324192416529,35.32595807583471,0.639678571428572,1192737.5,7475135.0,37.782,36.374,35.396
2024-04-03,37.73,38.378,37.55,38.15,1711575.0,36.6986,36.678178898282354,0.5920049173632478,66.81396355824229,2.381999999999998,38.14837332529535,35.248826674704645,0.6672857142857147,1206780.5,9186710.0,37.794,36.49,35.768
2024-04-04,38.4,38.758,37.883,38.042,1680160.0,36.760600000000004,36.80806662225547,0.6285519409343578,76.55696175397539,1.8160000000000025,38.33010577537915,35.191094224620855,0.6528571428571434,1244189.75,7506550.0,38.15,36.928,36.226
2024-04-05,38.074,38.768,37.85,38.6,1418135.0,36.8224,36.978726943945425,0.6945354461507591,83.10904845393821,1.9980000000000047,38.57822164302256,35.066578356977445,0.6781428571428576,1250547.25,8924685.0,38.042,36.942,36.602
2024-04-08,38.614,38.776,38.334,38.7,914150.0,36.8918,37.14265771118872,0.7462941910906054,90.68965485969099,2.368000000000002,38.82941476807824,34.95418523192177,0.6634285714285723,1220215.5,9838835.0,38.6,37.782,36.332
2024-04-09,38.794,38.998,38.584,38.902,1053765.0,37.003400000000006,37.310214119646936,0.7944550845400542,90.28277602468938,2.5279999999999987,39.134660304189005,34.87213969581101,0.6431428571428575,1221846.0,10892600.0,38.7,37.794,36.374
2024-04-10,38.378,38.87,38.17,38.422,1189010.0,37.08839999999999,37.41609848920437,0.7848437846594578,78.06748438319411,1.931999999999995,39.306247453346835,34.87055254665315,0.643857142857143,1250245.25,9703590.0,38.902,38.15,36.49
2024-04-11,38.556,38.846,38.264,38.8,1237375.0,37.197,37.54789863308967,0.7985233022116134,78.07869159603948,1.8719999999999999,39.52966290117703,34.86433709882297,0.6385714285714285,1269670.25,10940965.0,38.422,38.042,36.928
2024-04-12,38.584,38.938,38.26,38.4,1462680.0,37.3198,37.629051144223986,0.768232077452204,75.56874355638911,1.4579999999999984,39.633232410032946,35.006367589967056,0.6477142857142856,1289987.25,9478285.0,38.8,38.6,36.942
2024-04-15,38.562,38.866,38.093,38.374,1524735.0,37.4512,37.69999865429789,0.7336707813168033,74.82621622453654,0.5920000000000059,39.68543257518134,35.21696742481866,0.6754999999999995,1181637.0,7953550.0,38.4,38.7,37.782
2024-04-16,38.38,38.498,37.522,38.062,1115185.0,37.584500000000006,37.73447497293619,0.673343044814267,68.60795431806072,0.2680000000000007,39.61089836058733,35.55810163941268,0.7071428571428565,1180260.5,6838365.0,38.374,38.902,37.794
2024-04-17,38.258,38.258,37.227,37.298,1171880.0,37.661,37.69290592789465,0.5574584572196741,54.0659338995774,-0.8519999999999968,39.50606419799919,35.815935802000816,0.7517857142857142,1184644.5,5666485.0,38.062,38.422,38.15
2024-04-18,37.342,37.7864,37.186,37.366,953635.0,37.718,37.66177202999992,0.46573738546867105,54.60469140650181,-0.6760000000000019,39.442929533267495,35.99307046673251,0.7653142857142855,1187089.0,6620120.0,37.298,38.8,38.042
2024-04-19,37.516,37.658,36.784,36.934,3643945.0,37.7346,37.59246040809517,0.3541070731504661,39.89513809377219,-1.666000000000004,39.4202516965574,36.0489483034426,0.7335285714285712,1322034.25,2976175.0,37.366,38.4,38.6
2024-04-22,37.076,37.212,36.714,36.816,1381145.0,37.7588,37.51851179780039,0.2531989166081061,38.63319373759542,-1.8840000000000003,39.372007279402546,36.145592720597456,0.7278142857142856,1357583.5,1595030.0,36.934,38.374,38.7
2024-04-23,36.926,37.924,36.678,37.788,1526725.0,37.8295,37.54417734086702,0.24879279808531862,46.319641999090045,-1.1140000000000043,39.30525429419796,36.35374570580205,0.7576714285714284,1400690.5,3121755.0,36.816,38.062,38.902
2024-04-24,37.672,37.982,37.328,37.858,1153950.0,37.8979,37.574065213165404,0.24808950911792493,48.11475396032647,-0.5640000000000001,39.23228507817037,36.56351492182963,0.7418857142857139,1421877.25,4275705.0,37.788,37.298,38.422
2024-04-25,37.628,38.691,37.47,38.584,1316125.0,37.9807,37.67024947857822,0.3026257818271816,49.841521256382485,-0.21599999999999397,39.26630304915696,36.69509695084304,0.7635285714285713,1445990.5,5591830.0,37.858,37.366,38.8
2024-04-26,38.422,38.912,38.294,38.5,1125375.0,38.0586,37.749273337761245,0.33520405071367776,48.01271846737317,0.10000000000000142,39.265604888143244,36.85159511185675,0.7761000000000001,1446504.5,4466455.0,38.584,36.934,38.4
2024-04-29,38.474,38.752,37.676,38.64,1760630.0,38.1015,37.83410444845065,0.3680764345092058,47.364184977243745,0.26599999999999824,39.327945355704045,36.87505464429596,0.8233857142857148,1442623.5,6227085.0,38.5,36.816,38.374
2024-04-30,38.28,39.296,38.238,38.944,2232465.0,38.159,37.93980878669345,0.41388725451029273,55.44430521981227,0.882000000000005,39.43170321508431,36.886296784915686,0.8489571428571436,1478632.25,8459550.0,38.64,37.788,38.062
2024-05-01,38.806,39.012,38.15,38.498,1950320.0,38.1764,37.992969854627404,0.4094839182719596,46.894282053369004,1.1999999999999957,39.45806904341325,36.89473095658675,0.8689571428571442,1490569.5,6509230.0,38.944,37.858,37.298
2024-05-02,38.696,40.866,38.696,40.852,2758715.0,38.3169,38.26525843990098,0.5891509671749233,67.98708906223308,3.485999999999997,40.06700831544543,36.566791684554566,0.9755285714285726,1544497.25,9267945.0,38.498,38.584,37.366
2024-05-03,41.358,41.752,40.773,41.55,2014745.0,38.4644,38.57809096943422,0.7788826792097012,71.20726482413167,4.616,40.73486671761365,36.19393328238635,0.9902428571428585,1574327.75,11282690.0,40.852,38.5,36.934
2024-05-06,41.848,43.088,41.848,42.424,1646040.0,38.6506,38.944368019964294,0.988377510751107,77.09316756778827,5.607999999999997,41.53123797027522,35.76996202972477,1.0091000000000017,1610922.25,12928730.0,41.55,38.64,36.816
2024-05-07,42.358,43.248,42.01,42.576,2163895.0,38.8343,39.29023773234864,1.1533734303233274,85.47996757236892,4.788000000000004,42.20870852361009,35.459891476389906,1.0238857142857154,1666428.75,15092625.0,42.424,38.944,37.788
2024-05-08,42.404,42.72,42.2,42.376,1304075.0,39.032,39.58411985307735,1.2535454666803787,83.09114911977852,4.518000000000001,42.75047303126061,35.31352696873938,1.018142857142858,1672182.0,13788550.0,42.576,38.498,37.858
2024-05-09,42.514,42.514,42.046,42.472,934935.0,39.2156,39.85915605754617,1.3254005311438775,88.27757793255647,3.887999999999998,43.23617981678762,35.195020183212385,0.9891428571428581,1657060.0,14723485.0,42.376,40.852,38.584
2024-05-10,42.492,43.224,42.403,42.746,1158455.0,39.432900000000004,40.134093575875106,1.3884505013416444,90.12178602683277,4.246000000000002,43.72826297835138,35.137537021648626,1.0122142857142862,1641848.75,15881940.0,42.472,41.55,38.5
2024-05-13,42.914,42.932,41.946,42.032,1381845.0,39.61579999999999,40.3148465686489,1.3650685694634817,79.7532247452964,3.391999999999996,44.03116034650353,35.20043965349645,0.9936428571428577,1634704.25,14500095.0,42.746,42.424,38.64
2024-05-14,42.062,42.991,41.602,42.592,2656070.0,39.8423,40.53171832401567,1.3758654148948395,81.05484110013529,3.647999999999996,44.38497739739951,35.29962260260049,1.0461428571428582,1711748.5,17156165.0,42.032,42.576,38.944
2024-05-15,43.25,43.693,43.03,43.454,1421630.0,40.150099999999995,40.810030864585606,1.4374086297872282,81.38695525400638,4.956000000000003,44.7998698369752,35.50033016302479,1.006285714285715,1724236.0,18577795.0,42.592,42.376,38.498
2024-05-16,43.516,44.07,43.404,43.686,1422100.0,40.4661,41.083932687006026,1.4877526437356465,82.79787488500239,2.834000000000003,45.17780912782883,35.754390872171165,1.009714285714286,1747659.25,19999895.0,43.454,42.472,40.852
2024-05-17,43.63,44.074,43.26,44.044,1085155.0,40.821600000000004,41.36584385967212,1.5387999153628726,83.25947794613077,2.4939999999999998,45.48385598881761,36.1593440111824,0.9910000000000002,1619719.75,21085050.0,43.686,42.746,41.55
2024-05-20,43.97,44.02,43.534,43.756,951720.0,41.1686,41.59347777779858,1.5382836776423616,79.67439552103575,1.3320000000000007,45.60307472234993,36.734125277650065,0.9501428571428576,1598248.5,20133330.0,44.044,42.032,42.424
2024-05-21,43.756,43.902,43.24,43.71,928280.0,41.4647,41.79505132277015,1.516679403957177,83.80902942743556,1.1340000000000003,45.73660188631697,37.19279811368303,0.9358571428571432,1568326.25,19205050.0,43.756,42.592,42.576
2024-05-22,43.686,44.28,43.686,44.08,1027820.0,41.7758,42.01266548250633,1.511984550351258,78.1970647982601,1.7040000000000006,45.8431096552367,37.70849034476329,0.8232857142857145,1562019.75,20232870.0,43.71,43.454,42.376
2024-05-23,44.2,44.2,43.062,43.224,1238680.0,42.007799999999996,42.128030674648585,1.42279075675647,64.22985363835122,0.7519999999999953,45.830516124488426,38.185083875511566,0.8346428571428578,1558147.5,18994190.0,44.08,43.686,42.472
2024-05-24,43.43,43.794,43.04,43.576,1407345.0,42.2616,42.26593251515824,1.364775210170393,60.746268498050775,0.8299999999999983,45.76434493264365,38.75885506735635,0.7999285714285718,1572246.0,20401535.0,43.224,44.044,42.746
2024-05-28,43.456,43.456,41.842,42.7,1839150.0,42.4646,42.30727227561936,1.2338881021500896,51.01906628628093,0.6680000000000064,45.526447835609076,39.40275216439092,0.826785714285715,1576172.0,18562385.0,43.576,43.756,42.032
2024-05-29,42.42,42.508,41.506,41.544,1463710.0,42.5946,42.234579677941326,1.0250632999394895,44.09090900322831,-1.0480000000000018,45.21619906204367,39.97300093795633,0.8612142857142869,1537734.25,17098675.0,42.7,43.71,42.592
2024-05-30,41.728,42.137,41.408,41.814,1017945.0,42.7604,42.194524470518346,0.8713109519615827,45.43942325531578,-1.6400000000000006,44.59131146700299,40.929488532997006,0.8798571428571437,1491115.5,18116620.0,41.544,44.08,43.454
2024-05-31,41.92,42.21,41.426,41.898,1425755.0,42.8127,42.1662840447547,0.7476210955533489,43.96355344312506,-1.7879999999999967,44.46514075934992,41.16025924065008,0.8772142857142866,1424467.5,19542375.0,41.814,43.224,43.686
2024-06-03,42.142,42.142,40.95,41.454,1081825.0,42.807900000000004,42.09844746906377,0.6067743877976994,45.7210540953369,-2.5899999999999963,44.47626546545379,41.139534534546215,0.8919285714285721,1377821.5,18460550.0,41.898,43.576,44.044
2024-06-04,41.396,41.614,40.922,41.4,1684770.0,42.7567,42.031928662486266,0.4852019031060877,40.460947412539504,-2.3560000000000016,44.53396757752127,40.97943242247874,0.8421428571428576,1379758.0,16775780.0,41.454,42.7,43.756
2024-06-05,41.56,41.684,41.256,41.324,978200.0,42.694100000000006,41.96450688510662,0.37836076114266604,30.501647669896926,-2.386000000000003,44.58286633644484,40.805333663555174,0.8253571428571433,1320473.25,15797580.0,41.4,41.544,43.71
2024-06-06,41.178,41.594,40.784,40.95,878305.0,42.6228,41.86788718176314,0.2605067532695102,25.58886503243329,-3.1299999999999955,44.663664378279286,40.58193562172071,0.835642857142858,1299184.75,14919275.0,41.324,41.814,44.08
2024-06-07,40.9,41.35,40.56,40.716,1322780.0,42.535,41.75818364064284,0.14653558806288913,19.635036446187968,-2.5079999999999956,44.74708755894155,40.32291244105844,0.8339285714285722,1318577.0,13596495.0,40.95,41.898,43.224
2024-06-10,40.408,41.258,40.31,41.002,1012355.0,42.4478,41.68616615105781,0.07838683312355244,24.863088654968465,-2.573999999999998,44.76009278787204,40.13550721212796,0.8669285714285719,1311272.0,14608850.0,40.716,41.454,43.576
2024-06-11,40.988,41.442,40.618,41.312,1481985.0,42.4118,41.650531279528494,0.04882998085950163,29.1187738753635,-1.3880000000000052,44.77324680005216,40.050353199947835,0.8785000000000005,1316279.0,16090835.0,41.002,41.4,42.7
2024-06-12,41.82,43.135,41.788,42.616,1612565.0,42.413000000000004,41.74248068147816,0.1291392255701922,39.035350427427396,1.0720000000000027,44.774856718325154,40.051143281674854,0.9322857142857147,1264103.75,17703400.0,41.312,41.324,41.544
2024-06-13,42.412,42.4505,41.876,42.324,1432745.0,42.3565,41.79786347371834,0.167294455068415,42.637434457309574,0.509999999999998,44.66700867035646,40.045991329643535,0.8920357142857144,1264659.5,16270655.0,42.616,40.95,41.814
2024-06-14,41.882,42.108,41.536,41.726,805755.0,42.2585,41.79101933336421,0.14757796106942322,35.451399733199196,-0.17200000000000415,44.496709763934405,40.02029023606559,0.8790357142857143,1233842.25,15464900.0,42.324,40.716,41.898
2024-06-17,41.394,41.856,41.01,41.532,1432415.0,42.1329,41.766350825424766,0.11497298215622465,39.7110640317204,0.07799999999999585,44.22648940326811,40.03931059673189,0.8241785714285713,1251205.25,14032485.0,41.726,41.002,41.454
2024-06-18,41.532,41.642,40.91,41.538,1194590.0,42.022,41.74460312776527,0.0885961698148634,49.93371615133185,0.13799999999999812,43.98445174261893,40.05954825738107,0.8048928571428574,1263348.75,15227075.0,41.532,41.312,41.4
2024-06-20,41.538,42.074,41.22,41.842,1514610.0,41.9286,41.75387902035905,0.09117164502445974,50.30701738940827,0.5180000000000007,43.723438494420996,40.13376150557901,0.8138214285714288,1292665.25,16741685.0,41.538,42.616,41.324
2024-06-21,41.898,42.268,41.6262,42.2,4157715.0,41.8346,41.796366732705806,0.12070887853177936,53.12370692103187,1.25,43.32635141149153,40.342848588508474,0.8036642857142863,1449160.0,20899400.0,41.842,42.324,40.95
2024-06-24,42.256,43.56,42.176,42.982,1434225.0,41.8225,41.90928418673383,0.2048567515055879,64.77184823920999,2.2659999999999982,43.270071250860745,40.37492874913925,0.817378571428572,1458937.25,22333625.0,42.2,41.726,40.716
2024-06-25,42.982,43.051,42.174,42.56,950770.0,41.771699999999996,41.97125712133061,0.2347862050626759,60.469313926611875,1.5579999999999998,43.017406580304225,40.525993419695766,0.8305928571428579,1436108.5,21382855.0,42.982,41.532,41.002
2024-06-26,42.386,42.568,42.058,42.528,793165.0,41.7631,42.02428025263246,0.25300687433622926,60.95342051431079,1.216000000000001,42.98394938508211,40.54225061491789,0.8364500000000008,1383809.25,20589690.0,42.56,41.538,41.312
2024-06-27,42.68,43.216,42.4796,43.01,1772075.0,41.836400000000005,42.11815832381032,0.30284920029480844,68.37972859434036,0.39399999999999835,43.172462147940976,40.50033785205903,0.831192857142858,1399227.5,22361765.0,42.528,41.842,42.616
2024-06-28,43.01,43.015,40.58,40.896,3410355.0,41.790499999999994,42.00176229297124,0.16981000769799692,51.20256537722662,-1.4279999999999973,43.191308713791535,40.38969128620845,0.9486928571428582,1518848.0,18951410.0,43.01,42.2,42.324
2024-07-01,41.0,41.0164,39.528,39.564,2575180.0,41.67379999999999,41.76959445554541,-0.042614544046273295,41.57092607479565,-2.161999999999999,43.3902300283169,39.957369971683086,0.9872928571428581,1576319.25,16376230.0,40.896,42.982,41.726
2024-07-02,39.946,40.292,39.428,40.024,1798095.0,41.6023,41.60334736454109,-0.17186324391057894,42.58064509261188,-1.5079999999999956,43.46977283218527,39.73482716781473,0.9901500000000014,1612132.75,18174325.0,39.564,42.56,41.532
2024-07-03,39.974,40.74,39.614,40.73,814330.0,41.568799999999996,41.52017142506098,-0.21484882690882756,38.33209594943708,-0.8079999999999998,43.47518523748137,39.66241476251862,0.9743642857142873,1568610.75,18988655.0,40.024,42.528,41.538
2024-07-05,40.714,40.836,40.0,40.444,1423265.0,41.5248,41.4176789083885,-0.2688933851956179,38.36057447535316,-1.3979999999999961,43.49454351523039,39.55505648476961,0.9930428571428587,1590864.0,17565390.0,40.73,43.01,41.842
2024-07-08,40.758,40.982,40.488,40.602,1584860.0,41.507400000000004,41.339995202827694,-0.29556768723097804,42.64012564209507,-1.598000000000006,43.50448128079655,39.51031871920346,0.9874714285714303,1626191.75,19150250.0,40.444,40.896,42.2
2024-07-09,40.602,40.602,39.832,39.932,1141815.0,41.4682,41.20590042160601,-0.3665453573058741,40.13806699187218,-3.049999999999997,43.55925479301025,39.37714520698976,0.9820428571428584,1617143.5,18008435.0,40.602,39.564,42.982
2024-07-10,39.882,40.128,39.767,40.076,786400.0,41.4219,41.09829085764353,-0.40649030847701084,41.13939386958164,-2.4840000000000018,43.5957846045011,39.2480153954989,0.9555428571428577,1605845.75,18794835.0,39.932,40.024,42.56
2024-07-11,40.552,40.721,40.04,40.546,914560.0,41.3836,41.04569172834415,-0.3956609648983118,42.300380157770256,-1.9819999999999993,43.59234876701542,39.17485123298458,0.9431857142857147,1577474.5,19709395.0,40.076,40.73,42.528
2024-07-12,40.722,41.252,40.572,40.702,802735.0,41.28789999999999,41.01295918278757,-0.37022303520048183,40.8814218928244,-2.308,43.43686850654166,39.13893149345833,0.9459142857142859,1536983.0,20512130.0,40.546,40.444,43.01
2024-07-15,40.528,41.328,40.272,40.764,1161380.0,41.2099,40.98924878442685,-0.3411280984463474,35.20149446319441,-0.1319999999999979,43.31328573182494,39.106514268175054,0.9224857142857148,1523414.75,21673510.0,40.702,40.602,40.896
2024-07-16,41.01,41.702,40.8,41.334,1666460.0,41.1903,41.022082233529055,-0.26897533509491467,41.97853957240256,1.7700000000000031,43.28070203637646,39.09989796362354,0.924271428571429,1566450.0,23339970.0,40.764,39.932,39.564
2024-07-17,41.128,41.4144,40.134,40.188,1752110.0,41.1231,40.94264583033581,-0.3007989493875982,36.63773406659109,0.16400000000000148,43.253283476160654,38.99291652383935,0.9793000000000005,1582434.75,21587860.0,41.334,40.076,40.024
2024-07-18,40.152,41.068,40.152,40.86,1349250.0,41.089200000000005,40.93477479887526,-0.26869723485155106,37.98345623387339,0.13000000000000256,43.21315277973145,38.96524722026856,0.9921285714285715,1590167.75,22937110.0,40.188,40.546,40.73
2024-07-19,40.85,40.85,40.102,40.396,1032645.0,41.0169,40.88346291326809,-0.277498487047545,46.573464822912754,-0.04800000000000182,43.13137919679689,38.90242080320311,0.8716285714285716,1566069.5,21904465.0,40.86,40.702,40.444
2024-07-22,40.756,41.863,40.192,41.668,1607860.0,40.990300000000005,40.95818073105208,-0.17976159391984226,64.53841889116396,1.0660000000000025,43.0549095693101,38.92569043068991,0.8846714285714289,1438576.75,23512325.0,40.396,40.764,40.602
2024-07-23,41.508,42.16,41.2776,41.734,799205.0,40.92790000000001,41.03206828047569,-0.09587358258080059,62.496345969753214,1.8019999999999996,42.806071327873134,39.04972867212688,0.885985714285714,1406825.75,24311530.0,41.668,41.334,39.932
2024-07-24,41.584,41.695,41.086,41.212,1425905.0,40.8605,41.049204634716105,-0.07069780626846978,53.6197055045546,1.1360000000000028,42.58230217703565,39.13869782296435,0.8490571428571424,1430582.5,22885625.0,41.734,40.188,40.076
2024-07-25,41.202,41.889,40.996,41.642,1793705.0,40.816199999999995,41.105661336171714,-0.01586552797184737,58.8062333397108,1.0960000000000036,42.39719230665009,39.2352076933499,0.8531285714285711,1480609.5,24679330.0,41.212,40.86,40.546
2024-07-26,42.122,42.55,41.069,42.11,1447125.0,40.7712,41.20131263748869,0.06460837121357343,60.601799655733274,1.4080000000000013,42.124049561793434,39.418350438206566,0.9236285714285708,1464362.0,26126455.0,41.642,40.396,40.702
2024-07-29,42.4,42.78,41.995,42.47,1361890.0,40.849900000000005,41.32214000534691,0.155639393349837,68.65627742411233,1.705999999999996,42.401804215710314,39.2979957842897,0.9246999999999999,1361938.75,27488345.0,42.11,41.668,40.764
2024-07-30,42.696,43.09,42.06,42.306,1452525.0,40.987,41.415840957218634,0.21210370537822598,66.34418045605122,0.9719999999999942,42.54504817167692,39.428951828323086,0.9724857142857145,1305806.0,26035820.0,42.47,41.734,41.334
2024-07-31,42.6,43.238,42.378,42.648,1872510.0,41.1182,41.53318943748353,0.2812070414719372,65.70062729013914,2.460000000000001,42.77368372323541,39.462716276764596,0.9852714285714289,1309526.75,27908330.0,42.306,41.212,40.188
2024-08-01,44.472,46.988,44.326,46.496,3565020.0,41.40650000000001,42.0058380624851,0.6391061556717119,77.89331782298225,5.636000000000003,44.31295999184803,38.500040008151984,1.1268428571428575,1447061.25,31473350.0,42.648,41.642,40.86
2024-08-02,45.876,46.002,44.692,46.0,2901285.0,41.68429999999999,42.386234437486515,0.8726612320266582,74.19593336055978,5.603999999999999,45.20135768774839,38.167242312251595,1.1449857142857145,1520962.25,28572065.0,46.496,42.11,40.396
2024-08-05,44.084,46.338,43.454,45.086,3032275.0,41.9085,42.64335496724971,0.9727894402978592,66.80401281482833,3.4179999999999993,45.6963177858696,38.12068221413039,1.286557142857143,1593333.0,25539790.0,46.0,42.47,41.668
2024-08-06,45.154,46.7709,45.006,45.434,2565155.0,42.1836,42.9091306846545,1.0679122308948479,75.30387796119481,3.6999999999999957,46.161431326635245,38.20576867336475,1.3211642857142856,1664500.0,28104945.0,45.086,42.306,41.734
2024-08-07,46.062,46.687,45.356,45.73,1855405.0,42.4663,43.17778490516359,1.1538812294118088,74.374374270146,4.517999999999994,46.61349979593114,38.31910020406885,1.3508071428571427,1717950.25,29960350.0,45.434,42.648,41.212
2024-08-08,46.272,46.606,45.671,46.352,1258765.0,42.756600000000006,43.48009110467182,1.2577044477995187,79.34568376913285,4.709999999999994,47.143713780872204,38.36948621912781,1.3641642857142853,1735160.5,31219115.0,45.73,46.496,41.642
2024-08-09,46.108,46.123,45.0,45.378,1736385.0,42.9904,43.66084433279831,1.2470166053269267,68.8324872118117,3.2680000000000007,47.41471684408397,38.56608315591603,1.3250214285714281,1781843.0,29482730.0,46.352,46.0,42.11
2024-08-12,45.468,45.601,44.846,45.07,996220.0,43.2057,43.795049634436566,1.1998621235781357,66.52794283279913,2.6000000000000014,47.59276352334882,38.81863647665118,1.3159214285714285,1773585.0,28486510.0,45.378,45.086,42.47
2024-08-13,45.37,45.541,44.952,45.064,1248940.0,43.392199999999995,43.915902050204515,1.1487654541319188,70.11278185238314,2.7580000000000027,47.761336327998315,39.023063672001676,1.314492857142857,1752709.0,27237570.0,45.07,45.434,42.306
2024-08-14,44.868,45.714,44.868,45.384,1091605.0,43.652,44.05572090256599,1.121168172302923,69.76547633882137,2.735999999999997,47.832779881918654,39.47122011808135,1.3111357142857136,1719683.75,28329175.0,45.064,45.73,42.648
2024-08-15,46.032,46.032,45.46,45.68,756750.0,43.892999999999994,44.210414149940654,1.1103820606251418,69.20593921143929,-0.8160000000000025,47.949982856106246,39.83601714389374,1.2462071428571424,1690058.75,29085925.0,45.384,46.352,46.496
2024-08-16,45.554,45.857,45.504,45.804,765080.0,44.1634,44.362184230898684,1.0991692145944043,68.40362100268815,-0.19599999999999795,47.950951932595586,40.37584806740442,1.2153499999999993,1676680.5,29851005.0,45.68,45.378,46.0
2024-08-19,45.828,46.6,45.628,46.554,1086400.0,44.4077,44.57092858986071,1.1376871361590375,72.02405630357354,1.4680000000000035,48.14754683615493,40.667853163845066,1.2112071428571423,1650607.5,30937405.0,45.804,45.07,45.086
2024-08-20,46.512,46.708,46.13,46.542,1268915.0,44.6481,44.75864967654064,1.153942634407791,70.90401535402015,1.108000000000004,48.28088578909865,41.01531421090135,1.1910642857142848,1674093.0,29668490.0,46.554,45.064,45.434
2024-08-21,46.67,46.958,46.118,46.958,1065260.0,44.9354,44.9681116121082,1.1867132653875174,53.9272355057835,1.2280000000000015,48.324683693923866,41.54611630607614,1.0609214285714275,1656060.75,30733750.0,46.542,45.384,45.73
2024-08-22,47.0,47.14,46.624,46.916,684780.0,45.1991,45.15362479190742,1.195514035923182,58.43773013667494,0.5640000000000001,48.31948957756768,42.07871042243232,1.0042071428571415,1600614.5,30048970.0,46.958,45.68,46.352
2024-08-23,46.948,47.464,46.756,47.142,768270.0,45.4507,45.34299385934481,1.2068136249551813,71.6877635013442,1.764000000000003,48.32403359303192,42.577366406968075,0.8487785714285698,1566671.75,30817240.0,46.916,45.804,45.378
2024-08-26,47.538,48.262,46.709,47.004,695920.0,45.6774,45.50118492035959,1.1909051704973805,67.32891811421524,1.9339999999999975,48.26142088960179,43.09337911039821,0.8336428571428556,1533373.25,30121320.0,47.142,46.554,45.07
2024-08-27,46.86,47.408,46.56,47.322,1447790.0,45.9282,45.67459588032535,1.1902372341389693,67.48681877310733,2.2580000000000027,48.07035273916182,43.786047260838174,0.7991428571428558,1533136.5,31569110.0,47.004,46.542,45.064
2024-08-28,47.344,47.363,46.7475,46.844,641445.0,46.138,45.78596770124675,1.138018910975525,55.58076207392683,1.4600000000000009,47.659463561320116,44.61653643867988,0.7763214285714268,1471583.25,30927665.0,47.322,46.958,45.384
2024-08-29,46.982,47.678,46.682,47.18,936480.0,46.1722,45.91873268208039,1.110941661638421,73.89920396960497,1.5,47.75697965926651,44.58742034073348,0.7672499999999981,1340156.25,31864145.0,46.844,46.916,45.68
2024-08-30,47.17,47.616,46.856,47.548,869950.0,46.2496,46.07390099807273,1.1064231140094023,82.34986915067918,1.7439999999999998,47.94622878115883,44.55297121884117,0.7676071428571406,1238589.5,32734095.0,47.18,47.142,45.804
2024-09-03,47.478,47.478,46.39,46.62,1218255.0,46.3263,46.12591042682771,1.0162456409425644,66.3720536765132,0.0659999999999954,47.938012538037434,44.71458746196257,0.8032499999999979,1147888.5,31515840.0,47.548,47.004,46.554
2024-09-04,46.466,46.814,46.076,46.664,709430.0,46.3878,46.177157052844116,0.9375225991830689,64.29848058530405,0.12199999999999989,47.94923518327943,44.82636481672057,0.7955357142857125,1055102.25,32225270.0,46.62,47.322,46.542
2024-09-05,46.5,46.646,46.188,46.646,854125.0,46.4336,46.221808762097055,0.8637250867028641,61.5054785943123,-0.3119999999999976,47.96728443882653,44.899915561173465,0.7873928571428556,1005038.25,31371145.0,46.664,46.844,46.958
2024-09-06,46.684,46.887,45.008,45.046,747340.0,46.3683,46.10982697523067,0.6684281742575351,43.32040877573393,-1.8699999999999974,48.023046678022034,44.71355332197796,0.8963928571428552,979467.0,30623805.0,46.646,47.18,46.916
2024-09-09,45.15,46.09,45.03,45.59,971580.0,46.3789,46.06031964425632,0.5511963690644137,41.18507670508583,-1.5519999999999996,48.00947599122574,44.74832400877426,0.9026785714285696,941226.75,31595385.0,45.046,47.548,47.142
2024-09-10,45.86,46.45,45.72,46.4,1065729.0,46.4454,46.092670154327145,0.5176820331414334,48.866900624938275,-0.6039999999999992,47.955225838685315,44.93557416131468,0.913535714285713,944702.2,32661114.0,45.59,46.62,47.004
2024-09-11,46.49,46.86,45.82,46.69,1054629.0,46.5267,46.14955871105789,0.5086587553267492,47.8175894675169,-0.632000000000005,47.891470749981096,45.1619292500189,0.9278214285714276,934986.65,33715743.0,46.4,46.664,47.322
2024-09-12,46.55,46.69,45.5,46.06,1166156.0,46.560500000000005,46.14102931000476,0.4455361444511894,43.63852547399838,-0.7839999999999989,47.836723293448614,45.284276706551395,0.9759642857142846,938714.2,32549587.0,46.69,46.646,46.844
2024-09-13,46.23,47.0,45.77,46.24,867643.0,46.5885,46.15045509000431,0.405362746817552,43.25052370465321,-0.9399999999999977,47.80663515800254,45.370364841997464,1.0132499999999989,944258.85,33417230.0,46.06,45.046,47.18
2024-09-16,46.33,46.85,46.01,46.6,820838.0,46.6283,46.193268890956276,0.3979862928630027,47.0741598118427,-0.9480000000000004,47.78918117167127,45.46741882832874,0.9623214285714278,947046.75,34238068.0,46.24,45.59,47.548
2024-09-17,46.73,46.89,45.81,46.36,1010272.0,46.6186,46.209148044198535,0.3685262643500238,42.95341333118255,-0.259999999999998,47.785322516960626,45.451877483039375,0.9788928571428563,943240.35,33227796.0,46.6,46.4,46.62
2024-09-18,46.39,46.5,45.68,45.75,1323393.0,46.57899999999999,46.16541965903677,0.2925843472665548,42.138545474282886,-0.9140000000000015,47.808730993263744,45.34926900673624,0.9934999999999994,945964.25,31904403.0,46.36,46.69,46.664
2024-09-19,46.76,46.76,45.97,46.69,955052.0,46.5656,46.21537969150946,0.3047371547020745,46.76011628476042,0.04399999999999693,47.783728054803234,45.34747194519677,0.978785714285714,940453.85,32859455.0,45.75,46.06,46.646
2024-09-20,46.36,46.36,45.85,46.11,2647430.0,46.5253,46.20534353041332,0.2645179906784705,40.75122194873717,1.064,47.747939956471996,45.30266004352801,0.9609285714285711,1038586.35,30212025.0,46.69,46.24,45.046
2024-09-23,46.28,46.809,46.05,46.79,890820.0,46.5077,46.26102509894539,0.28423781383760627,51.12941792242735,1.1999999999999957,47.702784863757756,45.31261513624224,0.9374285714285711,1044713.85,31102845.0,46.11,46.6,45.59
2024-09-24,46.73,47.54,46.66,47.1,940107.0,46.5125,46.3409274704744,0.32117798509848683,52.79774117823815,0.7000000000000028,47.71671426665023,45.30828573334978,0.9475714285714284,1056923.2,32042952.0,46.79,46.36,46.4
2024-09-25,47.2,47.375,46.83,47.17,789263.0,46.5049,46.41988675900065,0.35204361232398185,53.34013249021394,0.480000000000004,47.68935970805424,45.32044029194576,0.9537857142857143,1023996.85,32832215.0,47.1,45.75,46.69
2024-09-26,47.5,47.5,46.42,46.65,1873150.0,46.4952,46.44180230576249,0.330732709300797,61.85688928651738,0.5899999999999963,47.67111363807656,45.31928636192343,0.8967142857142859,1085582.1,30959065.0,47.17,46.69,46.06
2024-09-27,46.77,46.91,45.81,46.4,942484.0,46.4562,46.43782113378511,0.29032407919235226,56.25965984735156,0.1599999999999966,47.587372023775494,45.32502797622451,0.8995714285714281,1085882.3,30016581.0,46.65,46.11,46.24
2024-09-30,46.4,47.23,45.99,47.16,950185.0,46.4368,46.50660007342462,0.31598314016651585,55.91900299332304,0.5599999999999952,47.50042272694178,45.37317727305822,0.9359999999999989,1089894.05,30966766.0,46.4,46.79,46.6
2024-10-01,47.09,47.19,46.66,47.04,991616.0,46.4578,46.5574000664318,0.3229127960281275,52.79999988172801,0.6799999999999997,47.55277524125036,45.36282475874964,0.8995714285714277,1078562.1,29975150.0,47.16,47.1,46.36
2024-10-02,47.15,47.225,46.43,46.88,1076870.0,46.468599999999995,46.588123869628774,0.31189856291724993,57.093425467247776,1.1300000000000026,47.576325293707654,45.360874706292336,0.8713571428571422,1096934.1,28898280.0,47.04,47.17,45.75
2024-10-03,47.15,48.485,46.99,48.23,1864378.0,46.5478,46.744493024902226,0.40740708611028253,64.31654663303141,1.5399999999999991,47.906911102698245,45.18868889730176,0.8902857142857137,1147446.75,30762658.0,46.88,46.65,46.69
2024-10-04,48.38,48.5866,47.48,48.37,1509726.0,46.714,46.899303213006775,0.4887609765188614,63.150074162837875,2.259999999999998,48.11224551718209,45.31575448281791,0.9093285714285706,1185566.05,32272384.0,48.23,46.4,46.11
2024-10-07,48.22,48.314,47.6209,48.01,1291733.0,46.834999999999994,47.00508385938708,0.5182119051705172,62.043795493633134,1.2199999999999989,48.24250619331304,45.42749380668695,0.8816928571428565,1201573.7,30980651.0,48.37,47.16,46.79
2024-10-08,48.33,49.74,48.1201,49.68,1711049.0,46.999,47.25983777754069,0.6685998190065874,74.8419720546413,2.5799999999999983,48.8783604735329,45.119639526467104,0.9388285714285709,1233839.7,32691700.0,48.01,47.04,47.1
2024-10-09,49.66,50.03,49.142,49.5,1259893.0,47.1395,47.47318656063205,0.7644467621093227,69.65034951397138,2.3299999999999983,49.3179443991078,44.961055600892195,0.9458285714285708,1244102.9,31431807.0,49.68,46.88,47.17
2024-10-10,49.3,49.65,48.43,48.75,1314698.0,47.274,47.594787840571854,0.7709998171109333,68.03278675512857,2.1000000000000014,49.50338650990144,45.04461349009856,0.9965428571428566,1251530.0,30117109.0,49.5,48.23,46.65
2024-10-11,48.93,49.32,48.86,49.3,852130.0,47.427,47.75718899861263,0.8112222981834449,67.45479819967079,2.8999999999999986,49.774478826764906,45.079521173235094,0.9751857142857138,1250754.35,30969239.0,48.75,48.37,46.4
2024-10-14,49.3,49.3,47.9,49.01,1631935.0,47.5475,47.87650433207809,0.8103570363670514,63.319386208302454,1.8500000000000014,49.962678973427955,45.13232102657204,1.0123285714285706,1291309.2,29337304.0,49.3,48.01,47.16
2024-10-15,49.16,49.56,48.935,49.06,1176624.0,47.6825,47.98921820521351,0.8044328906547022,63.21678309300212,2.020000000000003,50.11993501937766,45.24506498062234,1.0180428571428561,1299626.8,30513928.0,49.01,49.68,47.04
2024-10-16,49.19,49.49,48.85,48.86,1493674.0,47.838,48.072149804716986,0.7746697236080493,66.17862358323565,1.9799999999999969,50.149915132298716,45.526084867701286,0.9866142857142849,1308140.85,29020254.0,49.06,49.5,46.88
2024-10-17,48.94,49.05,48.47,48.86,1429204.0,47.9465,48.1471831566487,0.7425228579890373,68.69300897238573,0.6300000000000026,50.235128870146404,45.657871129853596,0.9494714285714281,1331848.45,29020254.0,48.86,48.75,48.23
2024-10-18,48.83,49.03,48.25,48.83,4701549.0,48.082499999999996,48.21221333220597,0.7064816059173182,64.27350411968737,0.46000000000000085,50.230575025643645,45.93442497435635,0.9166142857142857,1434554.4,24318705.0,48.86,49.3,48.37
2024-10-21,48.87,49.3868,48.815,49.13,1570789.0,48.1995,48.29962158628159,0.6941247092119625,67.33001642742619,1.1200000000000045,50.30565613956208,46.09334386043792,0.9196000000000001,1468552.85,25889494.0,48.83,49.01,48.01
2024-10-22,49.0,49.07,48.43,48.78,1053511.0,48.2835,48.34537191139763,0.6486128988682793,65.27331175018865,-0.8999999999999986,50.338401969746414,46.22859803025358,0.9085285714285715,1474223.05,24835983.0,49.13,49.06,49.68
2024-10-23,48.68,48.98,48.05,48.4,776019.0,48.345,48.35057458650262,0.5752505073019165,51.61904748139684,-1.1000000000000014,50.33208991135128,46.357910088648715,0.8681714285714287,1473560.85,24059964.0,48.78,48.86,49.5
2024-10-24,48.54,49.01,48.21,48.33,892064.0,48.429,48.34861510207379,0.5056332431710899,49.61389947980801,-0.4200000000000017,50.249444133202076,46.60855586679793,0.8462714285714286,1424506.55,23167900.0,48.4,48.86,48.75
2024-10-25,48.41,48.58,47.57,47.92,822782.0,48.504999999999995,48.307794616162006,0.41262104770532915,49.13957921836445,-1.3799999999999955,50.07901932710811,46.930980672891884,0.8689071428571425,1418521.45,22345118.0,48.33,48.83,49.3
2024-10-28,48.17,48.88,48.03,48.5,1934742.0,48.571999999999996,48.326099890813246,0.3813138170952257,35.7487921496418,-0.509999999999998,50.01345540486521,47.13054459513478,0.8139142857142855,1467749.3,24279860.0,47.92,49.13,49.01
2024-10-29,48.6,50.69,48.59,50.52,1725835.0,48.746,48.53504275835484,0.5135795045968266,58.528427956622416,1.4600000000000009,50.24769588343328,47.244304116566724,0.9004857142857138,1504460.25,26005695.0,48.5,48.78,49.06
2024-10-30,50.44,50.675,49.81,50.03,1039944.0,48.9035,48.67741963851152,0.572265390764116,61.188811039048346,1.1700000000000017,50.231914567506166,47.575085432493836,0.8751285714285706,1502613.95,24965751.0,50.52,48.4,48.86
2024-10-31,49.91,49.91,48.86,48.88,1161053.0,48.936,48.69671300627233,0.5199849267564716,46.677215086474575,0.020000000000003126,50.22629413211605,47.64570586788395,0.9172714285714275,1467447.7,23804698.0,50.03,48.33,48.86
2024-11-01,48.91,49.44,48.81,48.92,745601.0,48.963499999999996,48.7179784342464,0.47628957829738283,49.258648980293096,0.09000000000000341,50.22615009530059,47.7008499046994,0.8622714285714272,1429241.45,24550299.0,48.88,47.92,48.83
2024-11-04,48.97,49.49,48.6038,49.23,1109583.0,49.0245,48.7667423928896,0.46135687419617,51.342811892764665,0.09999999999999432,50.20863148274412,47.84036851725589,0.8809285714285703,1420133.95,25659882.0,48.92,48.5,49.13
2024-11-05,49.17,50.39,49.01,50.35,923589.0,49.058,48.91752883166202,0.5337445632989741,60.27586195257075,1.5700000000000003,50.3529391369581,47.7630608630419,0.9337857142857133,1380760.95,26583471.0,49.23,50.52,48.78
2024-11-06,50.49,51.2,46.28,46.81,6182618.0,48.923500000000004,48.716811800075156,0.30198284321614466,40.50046333948041,-1.5899999999999963,50.54321115033855,47.30378884966146,1.2437857142857136,1626897.2,20400853.0,50.35,50.03,48.4
2024-11-07,47.45,48.3,46.78,47.455,2170128.0,48.85875,48.596639247687044,0.16841473952445796,43.9719420766675,-0.875,50.6061687730552,47.1113312269448,1.296642857142856,1669668.7,22570981.0,46.81,48.88,48.33
2024-11-08,47.54,47.69,46.74,46.81,2716863.0,48.734249999999996,48.42648312885971,0.010395117093764839,40.12765952665641,-1.1099999999999994,50.69151252172569,46.7769874782743,1.3236571428571413,1762905.35,19854118.0,47.455,48.92,47.92
2024-11-11,46.8,48.73,46.73,48.12,1811732.0,48.68975,48.3972942594445,-0.009026468766819562,47.403619145267434,-0.38000000000000256,50.66103457984673,46.718465420153265,1.4207999999999983,1771895.2,21665850.0,46.81,49.23,48.5
2024-11-12,48.14,48.48,47.78,48.26,2592340.0,48.64975,48.38421861568788,-0.012971854056331722,49.43865271113543,-2.260000000000005,50.621867416704134,46.67763258329586,1.4043714285714266,1842681.0,24258190.0,48.12,50.35,50.52
2024-11-13,48.07,48.3,47.29,47.35,2646098.0,48.57425,48.28572160466999,-0.08850773308265047,46.31855742686253,-2.6799999999999997,50.62646645262523,46.52203354737477,1.4193714285714267,1900302.2,21612092.0,48.26,46.81,50.03
2024-11-14,43.1,44.63,40.83,40.96,9894836.0,48.17925,47.588033832796654,-0.6564232196892874,31.959564518017928,-7.920000000000002,52.14700725461923,44.211492745380774,1.6186571428571415,2323583.8,11717256.0,47.35,47.455,48.88
2024-11-15,41.24,41.74,40.11,41.27,4176228.0,47.801249999999996,46.98631632491126,-1.069161299285014,30.993690828921572,-7.649999999999999,52.81147730338489,42.7910226966151,1.6743714285714273,2297317.75,15893484.0,40.96,46.81,48.92
2024-11-18,41.6,42.1529,41.03,41.12,3532978.0,47.40075,46.427619532062565,-1.3923132271814609,22.594752168144197,-8.11,53.18460800491827,41.61689199508174,1.6045785714285705,2395427.2,12360506.0,41.27,48.12,49.23
2024-11-19,40.9,41.88,40.45,40.74,2597601.0,46.99875,45.88594148138994,-1.6599415099813015,22.74061030995489,-9.61,53.45724899051867,40.54025100948133,1.6449357142857137,2472631.7,9762905.0,41.12,48.26,50.35
2024-11-20,40.72,41.66,39.91,40.22,2887931.0,46.58975,45.34632800697185,-1.8921865576450188,23.613650193138838,-6.590000000000003,53.679777447798116,39.49972255220189,1.694935714285714,2578227.3,6874974.0,40.74,47.35,46.81
2024-11-21,40.36,41.2,40.06,40.79,3007101.0,46.21275,44.91239200630787,-2.0071114632774822,26.003541891142277,-6.664999999999999,53.703676072326225,38.721823927673775,1.7313642857142857,2683979.15,9882075.0,40.22,40.96,47.455
2024-11-22,40.9,41.5,40.66,40.96,3802873.0,45.86475,44.53597371999283,-2.0607180250889527,25.386904740749017,-5.850000000000001,53.66213112242984,38.06736887757016,1.7280642857142858,2832983.7,13684948.0,40.79,41.27,46.81
2024-11-25,41.15,41.9,41.075,41.22,3528621.0,45.500750000000004,44.22016669904114,-2.0584927612650716,21.361355062794274,-6.899999999999999,53.45820547468429,37.543294525315716,1.6884214285714283,2912677.65,17213569.0,40.96,41.12,48.12
2024-11-26,41.6,42.28,41.34,41.64,1976712.0,45.05675000000001,43.974436537227696,-1.9997864404770453,29.836193415155464,-6.619999999999997,52.82368414756657,37.28981585243345,1.4041357142857136,2925221.5,19190281.0,41.22,40.74,48.26
2024-11-27,41.64,42.2,41.43,41.47,1710542.0,44.62875,43.73591877177744,-1.944563124298604,25.759416738709447,-5.880000000000003,52.1822489278238,37.075251072176194,1.3505642857142857,2958751.4,17479739.0,41.64,40.22,47.35
2024-11-29,41.58,41.97,41.45,41.51,1335703.0,44.26025,43.523926507798635,-1.8759458466739147,27.42759792299944,0.5499999999999972,51.6579811422243,36.8625188577757,1.31985,2967483.9,18815442.0,41.47,40.79,40.96
2024-12-02,41.33,41.85,40.56,41.77,2199956.0,43.902750000000005,43.356885888008286,-1.7800668303392442,20.299345155828803,0.5,51.03875911242658,36.76674088757343,1.269135714285714,3040201.65,21015398.0,41.51,40.96,41.27
2024-12-03,41.8,42.66,41.56,42.34,2612559.0,43.55825,43.26003961295988,-1.6391921955433446,23.38129493459195,1.220000000000006,50.26365180906828,36.852848190931724,1.2977071428571425,3115350.45,23627957.0,41.77,41.22,41.12
2024-12-04,42.6,42.935,42.335,42.8,1649375.0,43.18075,43.21622631648751,-1.4734449210390181,28.67853791925964,2.059999999999995,49.077554018413906,37.2839459815861,1.2684214285714286,3151639.75,25277332.0,42.34,41.64,40.74
2024-12-05,42.53,43.5,42.53,42.94,3032437.0,42.98725,43.1899190482506,-1.3156264590081364,72.39818981593325,2.719999999999999,48.63117684778615,37.343323152213856,1.066278571428571,2994130.7,28309769.0,42.8,41.47,40.22
2024-12-06,43.11,43.27,42.45,42.69,1811260.0,42.749,43.14230771032197,-1.196929641644786,66.28440345688486,1.8999999999999986,47.98648392787417,37.511516072125836,1.008421428571428,2976187.3,26498509.0,42.94,41.51,40.79
2024-12-09,42.71,43.04,42.02,42.3,1822621.0,42.5235,43.062087928386546,-1.1214044469396,62.8260867653119,1.3399999999999963,47.40075667066869,37.646243329331305,1.0010714285714275,2931475.2,24675888.0,42.69,41.77,40.96
2024-12-10,42.3,42.58,41.93,42.41,1464274.0,42.238,42.99998431615926,-1.040677819214018,69.2840644411138,1.1899999999999977,46.34327568149276,38.132724318507236,0.9453571428571418,2914102.3,26140162.0,42.3,42.34,41.22
2024-12-11,42.39,42.83,42.0358,42.24,1800482.0,41.937,42.92760485747743,-0.9791321385832532,75.37688415696579,0.6000000000000014,44.909740008459856,38.96425999154014,0.877085714285713,2874509.4,24339680.0,42.41,42.8,41.64
2024-12-12,42.16,42.45,41.54,41.75,1432983.0,41.657,42.81545201390815,-0.9588427063102785,62.30769208402369,0.28000000000000114,43.18863277170853,40.125367228291466,0.8606571428571418,2813853.65,22906697.0,42.24,42.94,41.47
2024-12-13,41.65,42.21,41.19,42.04,1464536.0,41.711,42.74159944115499,-0.9088855419219612,63.43283559998514,0.5300000000000011,43.2150702671166,40.206929732883395,0.8735142857142846,2392338.65,24371233.0,41.75,42.69,41.51
2024-12-16,42.02,42.645,41.37,41.54,1809317.0,41.7245,42.62716139914023,-0.8992736833051893,53.75586836793847,-0.23000000000000398,43.216703951067714,40.232296048932284,0.9056571428571425,2273993.1,22561916.0,42.04,42.3,41.77
2024-12-17,41.26,41.81,40.98,41.49,2486253.0,41.743,42.51886031350782,-0.8854834956902735,48.071979261437626,-0.8500000000000014,43.21265230402977,40.27334769597024,0.8978000000000002,2221656.85,20075663.0,41.54,42.41,42.34
2024-12-18,41.45,42.07,40.65,40.77,1773073.0,41.7445,42.35230218841184,-0.9220241350723768,42.11711698431542,-2.029999999999994,43.20989701823628,40.27910298176372,0.9442285714285715,2180430.45,18302590.0,41.49,42.24,42.8
2024-12-19,40.83,41.52,40.03,40.3,2170465.0,41.74849999999999,42.15684483713452,-0.9776383210831341,37.57700194536384,-2.6400000000000006,43.196711601289124,40.30028839871086,1.0135142857142863,2144557.15,16132125.0,40.77,41.75,42.94
2024-12-20,40.01,40.81,39.714,40.2,4403491.0,41.719,41.97047866216933,-1.0180467195692344,33.33333323425332,-2.489999999999995,43.269821853423466,40.16817814657654,0.9996571428571437,2214376.65,11728634.0,40.3,42.04,42.69
2024-12-23,39.93,40.1,39.43,39.83,1519885.0,41.6625,41.76662355148653,-1.067619718729901,22.17294893338763,-2.469999999999999,43.40076138183591,39.92423861816409,0.9689428571428584,2100227.25,10208749.0,40.2,41.54,42.3
2024-12-24,39.66,39.91,39.19,39.9,454629.0,41.5965,41.58884987991639,-1.088708311021243,14.805825192407383,-2.509999999999998,43.49807026525116,39.69492973474884,0.9775142857142869,1946527.65,10663378.0,39.83,41.49,42.41
2024-12-26,39.91,40.26,39.643,40.22,947157.0,41.5255,41.458483224686255,-1.0672967145427208,18.372092963439684,-2.020000000000003,43.523809548752325,39.52719045124768,0.952300000000001,1895049.9,11610535.0,39.9,40.77,42.24
2024-12-27,39.97,40.39,39.55,39.83,743606.0,41.4435,41.303389584239945,-1.0694694328054837,17.79279273668938,-1.9200000000000017,43.58113543738426,39.30586456261574,0.9537285714285727,1846703.1,10866929.0,40.22,40.3,41.75
2024-12-30,39.52,39.88,39.34,39.8,887306.0,41.358000000000004,41.16020962383614,-1.061377181497896,19.362745031598408,-2.240000000000002,43.617740087523565,39.09825991247644,0.9194428571428587,1824283.25,9979623.0,39.83,40.2,42.04
2024-12-31,39.87,40.07,39.57,39.84,1218271.0,41.2615,41.03447537394698,-1.0397507489178963,17.955112156765324,-1.6999999999999957,43.610244569474226,38.91275543052577,0.908728571428573,1775199.0,11197894.0,39.8,39.83,41.54
2025-01-02,40.1,40.68,39.73,39.88,1053537.0,41.1385,40.924525338332984,-1.007767068133937,19.58762879530245,-1.6099999999999994,43.50700630255995,38.76999369744005,0.9198571428571449,1697247.9,12251431.0,39.84,39.9,41.49
2025-01-03,39.94,40.4,39.63,40.23,1055071.0,41.01,40.858380068015556,-0.9433038758600887,29.6791442739283,-0.5400000000000063,43.27558694614207,38.744413053857926,0.9098571428571444,1667532.7,13306502.0,39.88,40.22,40.77
2025-01-06,39.97,40.13,39.42,39.54,2079678.0,40.84,40.732820061537886,-0.9370913591114984,19.806763218044765,-0.759999999999998,43.003778371762756,38.67622162823725,0.887714285714287,1619894.75,11226824.0,40.23,39.83,40.3
2025-01-07,39.5,39.75,39.33,39.53,1382325.0,40.682,40.618265769962846,-0.9223426196747226,22.46575333848753,-0.6700000000000017,42.735675524005124,38.62832447599488,0.8266428571428582,1598448.0,9844499.0,39.54,39.8,40.2
2025-01-08,39.49,40.0,39.3701,39.92,1601134.0,40.563,40.551764268061625,-0.8691652013732707,30.325814429934496,0.09000000000000341,42.49407660182299,38.631923398177015,0.8123500000000006,1587373.65,11445633.0,39.53,39.84,39.83
2025-01-10,39.57,41.4,39.475,41.02,2534049.0,40.4935,40.59635814729385,-0.7298476776171938,52.86041172996665,1.1200000000000045,42.23548042166857,38.751519578331425,0.8484214285714289,1640862.4,13979682.0,39.92,39.88,39.9
2025-01-13,40.92,41.87,40.785,41.8,1332872.0,40.471500000000006,40.71099070469443,-0.5501561968668085,66.02564082812845,1.5799999999999983,42.12970797375163,38.813292026248384,0.8194928571428574,1617481.9,15312554.0,41.02,40.23,40.22
2025-01-14,41.8,41.97,41.18,41.81,1187620.0,40.4745,40.815658256628296,-0.4023049661151745,67.53812615565712,1.980000000000004,42.14263447646821,38.80636552353179,0.7976357142857141,1605213.75,16500174.0,41.8,39.54,39.83
2025-01-15,42.59,42.72,41.75,41.88,1141026.0,40.466499999999996,40.91702413694941,-0.2762983897016227,73.89277365163203,2.0800000000000054,42.104281233383745,38.82871876661625,0.8190642857142854,1589038.25,17641200.0,41.81,39.53,39.8
2025-01-16,41.78,42.72,41.78,42.34,1187341.0,40.5065,41.05254564771613,-0.13773143223001938,76.06837584082115,2.5,42.28749055820742,38.72550944179258,0.834778571428571,1557939.45,18828541.0,41.88,39.92,39.84
2025-01-17,42.63,42.85,42.35,42.58,1259602.0,40.561,41.19801749079078,-0.008452688544522857,75.65217368279775,2.6999999999999957,42.525922926037076,38.596077073962924,0.8264214285714283,1496606.9,20088143.0,42.34,41.02,39.88
2025-01-21,42.61,42.98,42.02,42.31,2064713.0,40.638,41.303920586905946,0.07139194184775732,77.678571185826,2.0800000000000054,42.752417675216066,38.52358232478393,0.8349928571428562,1511188.9,18023430.0,42.58,41.8,40.23
2025-01-22,42.29,42.61,41.74,41.78,1483341.0,40.712,41.349261483391096,0.0908554905386012,69.87951787584079,2.240000000000002,42.87953655951753,38.544463440482474,0.8585642857142847,1476832.7,16540089.0,42.31,41.81,39.54
2025-01-23,41.73,41.89,39.13,39.38,4816446.0,40.67100000000001,41.16171277068718,-0.08638367206014408,46.86648492423285,-0.14999999999999858,42.90918441458411,38.4328155854159,1.019992857142856,1497480.45,11723643.0,41.78,41.88,39.53
2025-01-24,39.44,39.51,37.51,38.37,8226223.0,40.598,40.895835363955065,-0.30483163509834554,40.91456070122692,-1.5500000000000043,43.03783260858152,38.15816739141848,1.0949928571428558,1832797.35,3497420.0,39.38,42.34,39.92
2025-01-27,38.4,39.01,38.05,38.59,3944476.0,40.5325,40.67623199595935,-0.45495660175109265,39.97555005383161,-2.4299999999999997,43.11726406334521,37.94773593665479,1.1085642857142848,2007289.7,7441896.0,38.37,42.58,41.02
2025-01-28,38.79,39.06,38.14,38.77,4097544.0,40.459999999999994,40.49468609158227,-0.5530322126414049,44.98044320342555,-3.029999999999994,43.16042491783145,37.75957508216854,1.1235642857142847,2164809.05,11539440.0,38.59,42.31,41.8
2025-01-29,38.47,38.78,37.54,37.67,4643762.0,40.352000000000004,40.22566836857443,-0.7113190050752181,39.383561580893854,-4.140000000000001,43.31820686363875,37.38579313636126,1.1821357142857134,2359816.85,6895678.0,38.77,41.78,41.81
2025-01-30,36.09,37.04,31.09,36.57,17491078.0,40.1905,39.87750947632925,-0.9149759620524094,32.312565950118696,-5.310000000000002,43.60161171876524,36.77938828123476,1.5621428571428562,3190005.45,-10595400.0,37.67,39.38,41.88
2025-01-31,36.47,37.34,35.87,36.8,6061772.0,40.038500000000006,39.58441333572647,-1.0457616011422033,25.465116237614893,-5.540000000000006,43.77114559768237,36.30585440231764,1.5296428571428569,3432180.5,-4533628.0,36.57,38.37,42.34
2025-02-03,35.57,35.76,33.47,34.21,8569245.0,39.755,39.07256444660966,-1.3429211576810047,13.544668569680596,-8.369999999999997,44.30920915776101,35.200790842238995,1.6157142857142852,3807965.9,-13102873.0,36.8,38.59,42.58
2025-02-04,34.28,35.05,33.83,34.54,4443683.0,39.4705,38.640891642170644,-1.5341097429158879,16.123019550258846,-7.770000000000003,44.57716633457035,34.36383366542965,1.646428571428571,3977396.5,-8659190.0,34.21,38.77,42.31
2025-02-05,34.79,34.79,33.675,34.09,2904757.0,39.19799999999999,38.20747339053534,-1.7023160733088503,14.941494130586747,-7.689999999999998,44.842382768922356,33.55361723107763,1.656785714285714,4018650.45,-11563947.0,34.54,37.67,41.78
2025-02-06,33.54,34.22,33.22,33.78,2716941.0,38.9105,37.785809258103406,-1.8394313911573619,10.948905095503193,-5.600000000000001,45.0479072187222,32.773092781277796,1.6610714285714285,4085381.25,-14280888.0,34.09,36.57,39.38
2025-02-07,33.28,33.55,32.55,33.4,4317949.0,38.584500000000006,37.36811313828403,-1.9562091314528374,8.64864863774045,-4.969999999999999,45.17225410975004,31.99674589024997,1.6967857142857141,4221222.0,-18598837.0,33.78,36.8,38.37
2025-02-10,33.51,33.51,32.94,33.22,3934232.0,38.194500000000005,36.97305474416174,-2.039767655827319,8.719346037959056,-5.3700000000000045,45.09144203786622,31.297557962133787,1.6689285714285718,4291231.15,-22533069.0,33.4,34.21,38.59
2025-02-11,33.16,33.16,32.03,32.25,2407432.0,37.717,36.52324000662253,-2.1593674381055834,8.384279465731026,-6.520000000000003,44.880128102339654,30.553871897660343,1.6875000000000002,4344959.15,-24940501.0,33.22,34.54,38.77
2025-02-12,31.845,32.38,31.35,31.45,2411478.0,37.199,36.0400742917061,-2.2922804591144157,9.746192879548559,-6.220000000000002,44.60995320241753,29.788046797582467,1.563928571428572,4406152.05,-27351979.0,32.25,34.09,37.67
2025-02-13,31.55,31.71,30.745,30.78,2558023.0,36.644,35.53911483535314,-2.423739031595815,10.094637209114111,-5.789999999999999,44.2391768629143,29.0488231370857,1.4900000000000004,4477001.9,-29910002.0,31.45,33.78,36.57
2025-02-14,30.75,31.09,30.42,30.6,3354874.0,36.057,35.06872294627189,-2.5134716563992328,7.814149935649567,-6.199999999999996,43.613189794501416,28.50081020549859,1.4692857142857145,4585378.55,-33264876.0,30.78,33.4,36.8
2025-02-18,30.72,31.4575,30.46,30.53,2532855.0,35.4545,34.63646361805552,-2.560715488864595,5.982905973957145,-3.6799999999999997,42.73741576947475,28.17158423052526,1.4748214285714287,4649041.2,-35797731.0,30.6,33.22,34.21
2025-02-19,30.14,30.63,30.13,30.52,1794835.0,34.865,34.244419463955,-2.5693456654244713,6.771463108246564,-4.02,41.70674954540911,28.023250454590894,1.4219642857142856,4635547.3,-37592566.0,30.53,32.25,34.54
2025-02-20,30.4,30.67,29.95,29.96,2024265.0,34.274,33.836379515006904,-2.5914992719551506,7.244501927370834,-4.130000000000003,40.62515372859221,27.922846271407792,1.0483928571428573,4662593.5,-39616831.0,30.52,31.45,34.09
2025-02-21,29.95,30.135,29.23,29.93,3064442.0,33.8015,33.464343370720535,-2.581716493345791,4.382470111373863,-3.8500000000000014,39.95626631733915,27.64673368266084,1.0080357142857141,4574993.3,-42681273.0,29.96,30.78,33.78
2025-02-24,29.92,30.52,29.77,30.02,2500501.0,33.384,33.13631066874715,-2.5374511654513334,8.34990057318116,-3.379999999999999,39.36428128189018,27.403718718109822,0.8980357142857142,4288707.2,-40180772.0,29.93,30.6,33.4
2025-02-25,29.93,30.54,29.77,30.14,2998645.0,32.9615,32.85094774791409,-2.464280881027456,4.356846460374328,-3.0799999999999983,38.57593356096818,27.34706643903182,0.865892857142857,4241415.65,-37182127.0,30.02,30.53,33.22
2025-02-26,30.07,30.58,29.56,29.64,1549973.0,32.505,32.545143200493705,-2.418756801994185,4.312114977336847,-2.6099999999999994,37.59068061997805,27.419319380021953,0.8591071428571426,4114037.1,-38732100.0,30.14,30.52,32.25
2025-02-27,29.76,29.84,29.2,29.71,3836526.0,32.107,32.275129562351445,-2.3499415628428224,6.047516180417901,-1.7399999999999984,36.71412080428354,27.49987919571646,0.8333928571428569,4073675.3,-34895574.0,29.64,29.96,31.45
2025-02-28,29.59,29.79,28.975,29.19,4336199.0,31.738,31.981307699270356,-2.3107280100850076,5.870020947132048,-1.5899999999999999,36.01003193364751,27.465968066352488,0.8201785714285711,3415931.35,-39231773.0,29.71,29.93,30.78
2025-03-03,29.16,29.2,28.17,28.26,5329937.0,31.311,31.626897442196988,-2.3278600925672244,5.072463755251022,-2.34,35.13653140443448,27.485468595565525,0.8530357142857137,3379339.6,-44561710.0,29.19,30.02,30.6
2025-03-04,28.4,29.88,28.4,29.13,3700407.0,31.057000000000006,31.389097685797275,-2.2453526347676274,21.21771212231586,-1.4000000000000021,34.744161795373465,27.369838204626546,0.878035714285714,3135897.7,-40861303.0,28.26,30.14,30.53
2025-03-05,29.13,29.39,28.64,28.94,2181096.0,30.776999999999997,31.155850287149914,-2.1702786705683117,23.908523838935693,-1.5799999999999983,34.19088557758464,27.363114422415354,0.858035714285714,3022768.35,-43042399.0,29.13,29.64,30.52
2025-03-06,28.63,29.03,28.37,28.57,1781320.0,30.501000000000005,30.909578831230874,-2.116243186701972,25.498891273395884,-1.3900000000000006,33.670950356575965,27.331049643424045,0.8362499999999997,2966596.5,-44823719.0,28.94,29.71,29.96
2025-03-07,28.5,30.4,28.5,30.02,4030057.0,30.313,30.824857037780315,-1.9341214465024024,44.98269885298306,0.08999999999999986,33.08517072459721,27.540829275402782,0.9241071428571426,3032252.3,-40793662.0,28.57,29.19,29.93
2025-03-10,29.86,30.595,29.77,30.01,2982473.0,30.1435,30.747251605610764,-1.770189924163681,45.45454534329307,-0.00999999999999801,32.505080871053174,27.78191912894682,0.9117857142857141,2965478.5,-43776135.0,30.02,28.26,30.02
2025-03-11,30.0,30.21,29.2,29.33,2222175.0,29.949,30.612275262219264,-1.6758254559591066,40.68857581069795,-0.8100000000000023,31.836988626191758,28.061011373808245,0.9482142857142856,2879875.65,-45998310.0,30.01,29.13,30.14
2025-03-12,29.5,29.5388,28.61,28.69,1690520.0,29.770999999999997,30.42920142772219,-1.6338495853605473,40.185471319536845,-0.9499999999999993,31.398926029613285,28.14307397038671,0.9631285714285711,2844030.05,-47688830.0,29.33,28.94,29.64
2025-03-13,28.46,28.89,28.43,28.69,2185979.0,29.633000000000003,30.263563196510553,-1.5823431387621305,40.37267071968674,-1.0199999999999996,31.123801268127416,28.14219873187259,0.9313428571428568,2832755.1,-47688830.0,28.69,28.57,29.71
2025-03-14,28.88,29.26,28.8309,29.12,1693996.0,29.550000000000004,30.1546524158905,-1.489654690415648,43.36283176886731,-0.07000000000000028,30.954249190660732,28.145750809339276,0.9084214285714284,2789553.75,-45994834.0,28.69,30.02,29.19
2025-03-17,29.25,29.76,29.25,29.44,1546720.0,29.492,30.086590281043787,-1.374532348373073,44.98567326220638,1.1799999999999997,30.806607806232762,28.17739219376724,0.8898499999999999,2699146.05,-44448114.0,29.12,30.01,28.26
2025-03-18,29.28,29.74,29.06,29.72,1797035.0,29.4515,30.051676920944377,-1.24633641260327,50.591715871555614,0.5899999999999999,30.678447860599277,28.22455213940072,0.8655642857142857,2662355.05,-42651079.0,29.44,29.33,29.13
2025-03-19,29.77,30.46,29.77,30.35,2902758.0,29.443,30.080088642759197,-1.0814383271699093,54.37158459546419,1.4100000000000001,30.640789191538303,28.2452108084617,0.8691357142857142,2717751.2,-39748321.0,29.72,28.69,28.94
2025-03-20,29.745,30.01,29.0,29.26,4203513.0,29.408000000000005,30.001984962496415,-1.02687215394241,50.443599403522136,0.6900000000000013,30.582870205596155,28.233129794403855,0.883064285714286,2826713.6,-43951834.0,30.35,28.69,28.57
2025-03-21,29.05,29.34,28.71,29.04,4631785.0,29.3635,29.910367347020568,-0.989968489403001,55.43175476656759,-0.9800000000000004,30.5224337204597,28.2045662795403,0.8544928571428575,2905080.75,-48583619.0,29.26,29.12,30.02
2025-03-24,29.27,29.49,29.1,29.37,1952649.0,29.331,29.858903790161467,-0.9234488834031467,51.80722880643056,-0.6400000000000006,30.44811847366697,28.21388152633303,0.7766357142857144,2877688.15,-46630970.0,29.04,29.44,30.01
2025-03-25,29.5,29.835,29.02,29.44,2035765.0,29.296000000000003,29.81900819109847,-0.8552247033929703,53.83435571262562,0.11000000000000298,30.3483837603008,28.243616239699207,0.7812785714285716,2829544.15,-44595205.0,29.37,29.72,29.33
2025-03-26,29.44,29.59,29.14,29.33,1190584.0,29.2805,29.772435982422422,-0.8008014888164148,56.07028741453928,0.639999999999997,30.3206108240535,28.2403891759465,0.7662785714285716,2811574.7,-45785789.0,29.44,30.35,28.69
2025-03-27,29.49,29.81,29.34,29.5,1391131.0,29.27,29.74648969838219,-0.7354750216830297,44.7791163399784,0.8099999999999987,30.295998871445764,28.244001128554235,0.6641357142857144,2689304.95,-44394658.0,29.33,29.26,28.69
2025-03-28,29.42,29.63,29.12,29.15,1151746.0,29.268,29.689681155679125,-0.7038320628556356,41.917293122774026,0.029999999999997584,30.294811108543843,28.241188891456158,0.6416357142857143,2530082.3,-45546404.0,29.5,29.04,29.12
2025-03-31,28.99,29.48,28.65,29.25,1505279.0,29.317499999999995,29.64780675990016,-0.6630424847104628,49.156117998273096,-0.19000000000000128,30.228644450964715,28.406355549035275,0.6287785714285715,2338849.4,-44041125.0,29.15,29.37,29.44
2025-04-01,29.25,29.59,28.9519,29.55,1572306.0,29.3385,29.63849183038586,-0.5995971743721036,59.772727082541294,-0.16999999999999815,30.250808235075716,28.426191764924283,0.608014285714286,2232444.35,-42468819.0,29.25,29.44,29.72
2025-04-02,29.32,30.89,28.84,30.825,3893184.0,29.43275,29.751492608444348,-0.44134689220533474,68.81057251747166,0.47499999999999787,30.54030052159813,28.325199478401867,0.7215857142857145,2318048.75,-38575635.0,29.55,29.33,30.35
2025-04-03,30.47,30.795,29.85,30.01,3185783.0,29.504749999999994,29.776112360021077,-0.3773462792005411,57.343234190956224,0.75,30.562241943479435,28.447258056520553,0.7584357142857144,2388271.9,-41761418.0,30.825,29.5,29.26
2025-04-04,28.92,30.425,28.73,29.1,2658651.0,29.45875,29.711720706685735,-0.3954956988782605,47.44360892267512,0.060000000000002274,30.50181166240377,28.415688337596226,0.8430785714285715,2319701.6,-44420069.0,30.01,29.15,29.04
2025-04-07,28.05,29.14,27.27,28.21,2890885.0,29.36875,29.56869968700138,-0.47620540718555304,39.60055088782266,-1.1600000000000001,30.516873755477715,28.220626244522283,0.9280785714285715,2315122.2,-47310954.0,29.1,29.25,29.37
2025-04-08,28.93,29.94,27.83,28.01,2817030.0,29.302749999999996,29.420252097763154,-0.5499670828429934,32.86969246556727,-1.4299999999999997,30.602059431966637,28.003440568033355,1.0295071428571432,2344864.95,-50127984.0,28.21,29.55,29.44
2025-04-09,27.79,29.9,27.3,29.87,2820433.0,29.36175,29.46308523130952,-0.45311406994962056,54.01315779523892,0.5400000000000027,30.65103080727106,28.072469192728942,1.1430785714285714,2401360.6,-47307551.0,28.01,30.825,29.33
2025-04-10,29.51,29.79,28.41,29.26,2647763.0,29.390249999999998,29.443743780708616,-0.4207293553471274,51.37672081110463,-0.23999999999999844,30.641651214638024,28.138848785361972,1.19665,2424449.8,-49955314.0,29.87,30.01,29.5
2025-04-11,29.44,30.4612,29.05,30.19,1957713.0,29.44375,29.51481580159351,-0.3163740449850927,54.772991761720384,1.0400000000000027,30.737284020872842,28.15021597912716,1.2695928571428574,2437635.65,-47997601.0,29.26,29.1,29.15
2025-04-14,30.29,30.5,29.85,30.42,1423729.0,29.49275,29.601023820489367,-0.21266120586970771,55.599999911039994,1.1700000000000017,30.857947016820077,28.127552983179925,1.257807142857143,2431486.1,-46573872.0,30.19,28.21,29.25
2025-04-15,30.44,30.55,29.92,29.98,1159885.0,29.50575,29.63711678996657,-0.16408093356141507,53.57929507157379,0.4299999999999997,30.884938453211266,28.126561546788732,1.2706642857142858,2399628.6,-47733757.0,30.42,28.01,29.55
2025-04-16,29.92,30.43,29.56,29.85,1137965.0,29.48075,29.657391381398323,-0.1345199688348444,51.935840627533,-0.9749999999999979,30.81282505320309,28.148674946796913,1.2992357142857145,2311388.95,-48871722.0,29.98,29.87,30.825
2025-04-17,30.05,30.365,29.805,30.22,1045191.0,29.528749999999995,29.710973154598484,-0.0803110082218943,55.90507717630561,0.2099999999999973,30.8960518955892,28.16144810441079,1.302807142857143,2153472.85,-47826531.0,29.85,29.26,30.01
2025-04-21,30.23,30.23,29.64,30.0,1210546.0,29.576749999999997,29.7384995208272,-0.054474232719190496,54.08496723777892,0.8999999999999986,30.939202413460745,28.21429758653925,1.285664285714286,1982410.9,-49037077.0,30.22,30.19,29.1
2025-04-22,30.29,30.805,30.15,30.65,1419098.0,29.640750000000004,29.825309090272228,0.01824089603898571,55.77124860642208,2.4399999999999977,31.080378150087384,28.201121849912624,1.2868714285714287,1955733.35,-47617979.0,30.0,30.42,28.21
2025-04-23,31.12,31.3,30.53,30.92,2057243.0,29.71475,29.92956536738916,0.09654202659267241,50.557184667706686,2.91,31.25925971610917,28.170240283890827,1.1954428571428573,1956807.25,-45560736.0,30.65,29.98,28.01
2025-04-24,31.1,31.58,30.7,31.5,1299926.0,29.82325,30.079130570494954,0.20305667843281938,58.98673090159056,1.629999999999999,31.548286307778973,28.09821369222103,1.1907999999999999,1962274.35,-44260810.0,30.92,29.85,29.87
2025-04-25,31.38,31.51,30.855,31.21,1017832.0,29.908750000000005,30.186832420924006,0.26106038937956555,63.754889062246626,1.9499999999999993,31.73298415798405,28.08451584201596,1.1165142857142858,1943609.4,-45278642.0,31.5,30.22,29.26
2025-04-28,31.28,31.6,30.74,31.2,2170921.0,30.01125,30.283324571312196,0.3027321242879353,72.01767290011084,1.009999999999998,31.88565902967422,28.136840970325782,1.0443714285714287,1994568.15,-47449563.0,31.21,30.0,30.19
2025-04-29,31.21,31.41,30.85,31.27,1468946.0,30.11225,30.377293659758653,0.33751502628978614,74.47447431792152,0.8499999999999979,32.03111061313207,28.19338938686793,0.9336571428571426,1992751.5,-45980617.0,31.2,30.65,30.42
2025-04-30,31.03,31.22,30.43,31.19,1783976.0,30.19425,30.45469426359116,0.35453849621956124,63.52458998169176,1.2100000000000009,32.151722255634034,28.236777744365963,0.8043714285714285,2003335.0,-47764593.0,31.27,30.92,29.98
2025-05-01,31.22,31.385,30.74,31.21,1153150.0,30.213500000000003,30.526628143249145,0.36543108951247305,72.72727248993432,1.3599999999999994,32.20437682349107,28.222623176508943,0.7518714285714287,1866333.3,-46611443.0,31.19,31.5,29.85
2025-05-02,31.52,31.63,30.94,30.98,1589091.0,30.262,30.569806415320656,0.3514531373685976,61.00278527742646,0.7600000000000016,32.27909118338844,28.244908816611563,0.7003571428571428,1786498.7,-48200534.0,31.21,31.21,30.22
2025-05-05,30.9,31.08,30.53,30.58,1579180.0,30.336000000000002,30.570777232909165,0.3045877544938378,52.12765938037569,0.5799999999999983,32.28089777839845,28.391102221601557,0.6932142857142856,1732525.15,-49779714.0,30.98,31.2,30.0
2025-05-06,30.58,30.9825,30.32,30.57,2322435.0,30.454,30.57070321072734,0.26360105560912217,58.858858611404216,-0.0799999999999983,32.12252471867826,28.785475281321744,0.6955357142857144,1704102.65,-52102149.0,30.58,31.27,30.65
2025-05-07,30.63,30.94,30.19,30.88,3203722.0,30.597500000000004,30.600160047800927,0.2532143136839622,64.67236441441221,-0.0400000000000027,31.813219410147294,29.381780589852713,0.6869642857142857,1723437.25,-48898427.0,30.57,31.19,30.92
2025-05-08,34.27,35.335,33.1,34.88,6569631.0,30.848000000000003,31.007763852772268,0.5612792388003243,82.63305305926295,3.3800000000000026,33.07585806974904,28.620141930250963,0.8066071428571429,1910897.15,-42328796.0,30.88,31.21,31.5
2025-05-09,34.94,35.72,34.28,35.44,5314938.0,31.157,31.42988158107967,0.8409166674379271,86.36363620199319,4.229999999999997,34.067272911781885,28.246727088218115,0.8673214285714285,2044255.9,-37013858.0,34.88,30.98,31.21
2025-05-12,36.03,36.12,34.935,34.99,5168675.0,31.397,31.768940478119703,1.0145252891062704,79.80769215421603,3.7900000000000027,34.732165741955676,28.061834258044325,0.9051785714285708,2204804.0,-42182533.0,35.44,30.58,31.2
2025-05-13,35.0,35.32,34.69,35.04,2786126.0,31.627999999999997,32.08046995639402,1.1429705022184393,79.1784700979464,3.7699999999999996,35.30110337739789,27.95489662260211,0.895178571428571,2272923.85,-39396407.0,34.99,30.57,31.27
2025-05-14,35.04,35.39,34.64,34.74,2498254.0,31.865999999999996,32.33375853197554,1.206647287394997,73.89380515715149,3.5500000000000007,35.702700336706464,28.02929966329353,0.8858928571428569,2339842.3,-41894661.0,35.04,30.88,31.19
2025-05-15,34.88,35.52,34.68,35.18,1785827.0,32.1325,32.60482914797787,1.2778852554120164,78.64357848470279,3.969999999999999,36.11718581605013,28.14781418394987,0.8991071428571428,2372235.4,-40108834.0,34.74,34.88,31.21
2025-05-16,35.13,35.455,34.84,35.37,1709154.0,32.39,32.86817875293236,1.334292378440594,79.3248943585727,4.389999999999997,36.51736184377786,28.26263815622214,0.8816071428571421,2405433.55,-38399680.0,35.18,35.44,30.98
2025-05-19,34.93,35.34,34.66,35.27,1317123.0,32.6535,33.09692363360547,1.355303174221497,78.01120432882969,4.690000000000005,36.811193059732446,28.49580694026756,0.8901785714285714,2410762.4,-39716803.0,35.37,34.99,30.58
2025-05-20,35.24,35.76,35.145,35.45,1538797.0,32.8935,33.32102614469066,1.3706785478478807,79.41988934918817,4.880000000000003,37.11786180169018,28.669138198309824,0.877678571428571,2416747.35,-38178006.0,35.27,35.04,30.57
2025-05-21,35.3,35.63,35.2,35.6,2498838.0,33.1275,33.53807127376774,1.3790703243603204,79.78290351194573,4.720000000000002,37.40965821138929,28.845341788610703,0.8623214285714279,2438827.1,-35679168.0,35.45,34.74,30.88
2025-05-22,35.66,35.81,35.21,35.45,2460694.0,33.325,33.7201597238851,1.3579633649400336,80.6584360590923,0.5700000000000003,37.65519508494533,28.99480491505467,0.8558928571428568,2496865.5,-38139862.0,35.6,35.18,34.88
2025-05-23,34.98,35.55,34.78,35.42,2024442.0,33.5355,33.88204927399128,1.323558044996048,84.97109809398927,-0.01999999999999602,37.842040802571276,29.228959197428726,0.8716071428571424,2547196.0,-40164304.0,35.45,35.37,35.44
2025-05-27,35.67,36.245,34.83,36.2,2105134.0,33.7855,34.10280648599211,1.3437412496553591,86.60598163686831,1.2100000000000009,38.10168484068376,29.469315159316242,0.9253571428571422,2543906.65,-38059170.0,35.42,35.27,34.99
2025-05-28,36.24,36.365,35.52,35.62,1994827.0,34.003,34.24730110637382,1.2979732048767048,79.77386920642792,0.5799999999999983,38.22278847062779,29.783211529372213,0.9321428571428564,2570200.7,-40053997.0,36.2,35.45,35.04
2025-05-29,35.62,35.72,35.08,35.1,2100397.0,34.1985,34.328510524814405,1.205841851219617,52.45535697893416,0.35999999999999943,38.2275381508561,30.169461849143907,0.8182142857142851,2586021.75,-42154394.0,35.62,35.6,34.74
2025-05-30,35.1,35.1,34.46,34.94,2683944.0,34.385,34.386747617689224,1.1071538464886217,43.87254886906476,-0.240000000000002,38.169469649279435,30.600530350720565,0.7610714285714282,2662561.45,-44838338.0,35.1,35.45,35.18
2025-06-02,34.75,34.94,34.12,34.53,2130816.0,34.56250000000001,34.40039070171882,0.9845104941040645,44.30693053953041,-0.8399999999999963,37.99078405750588,31.134215942494137,0.735,2689647.7,-46969154.0,34.94,35.42,35.37
2025-06-03,34.24,35.17,34.01,35.08,1909058.0,34.7875,34.465115396793216,0.9210775485708211,50.44052847881774,-0.19000000000000483,37.661059135508594,31.913940864491412,0.7728571428571429,2706141.6,-45060096.0,34.53,36.2,35.27
2025-06-04,35.2,35.69,34.96,35.32,1811489.0,35.025,34.546532978051005,0.8800280607761621,56.473214109235485,-0.13000000000000256,37.107028363223,32.942971636776996,0.7714285714285712,2680594.3,-43248607.0,35.08,35.62,35.45
2025-06-05,35.39,35.51,34.94,35.22,1738887.0,35.242,34.6106726944271,0.829860763378349,50.48309161672384,-0.38000000000000256,35.96830572075542,34.51569427924458,0.7521428571428567,2607352.55,-44987494.0,35.32,35.1,35.6
2025-06-06,35.465,35.97,35.4,35.59,1604350.0,35.277499999999996,34.70394196162452,0.8106144675438358,52.54629612600744,0.14000000000000057,35.99869418510804,34.55630581489195,0.7489285714285714,2359088.5,-43383144.0,35.22,34.94,35.45
2025-06-09,35.8,35.95,34.88,35.27,1966917.0,35.269,34.757852250993615,0.7607706235989156,49.999999845814976,-0.14999999999999858,35.98612584229428,34.55187415770572,0.7767857142857137,2191687.45,-45350061.0,35.59,34.53,35.42
2025-06-10,35.24,35.635,35.01,35.46,2090922.0,35.292500000000004,34.8247234651847,0.7282061233731412,50.10988995570581,-0.740000000000002,36.00189188190122,34.583108118098785,0.7774999999999999,2037799.8,-43259139.0,35.27,35.08,36.2
2025-06-11,35.46,35.76,35.15,35.63,2229843.0,35.321999999999996,34.90141646850044,0.707955234325901,50.32822741693761,0.010000000000005116,36.036234223709485,34.607765776290506,0.7903571428571426,2009985.65,-41029296.0,35.46,35.32,35.62
2025-06-12,35.59,36.35,35.51,36.25,1940733.0,35.3975,35.02985299530992,0.7334799767039755,57.93650777557315,1.1499999999999986,36.16958875955666,34.62541124044334,0.8075,1982109.6,-39088563.0,35.63,35.22,35.1
2025-06-13,35.82,36.55,35.82,36.06,1913285.0,35.441500000000005,35.12796223385183,0.7299625529066986,56.15384600266272,1.1200000000000045,36.2602866504466,34.62271334955341,0.8046428571428572,1988482.5,-41001848.0,36.25,35.59,34.94
2025-06-16,36.15,36.23,35.68,35.96,1496351.0,35.471,35.20720392586594,0.7109108669925206,47.34513259671859,1.4299999999999997,36.320864385467715,34.62113561453228,0.7428571428571428,1977842.35,-42498199.0,36.06,35.27,34.53
2025-06-17,35.61,35.9,35.28,35.685,1538551.0,35.49175,35.252708313878706,0.6659454621652543,50.771055584627625,0.605000000000004,36.341215931290535,34.64228406870947,0.726785714285714,1988913.75,-44036750.0,35.96,35.46,35.08
2025-06-18,35.66,35.85,35.28,35.51,1422461.0,35.494749999999996,35.2772122839855,0.609166920352834,55.297157422697566,0.18999999999999773,36.344018880615074,34.64548111938492,0.721785714285714,1983096.95,-45459211.0,35.685,35.63,35.32
2025-06-20,35.62,35.7,34.83,35.19,4048929.0,35.47425,35.26890635217735,0.5322131691282621,53.101736788232174,-0.030000000000001137,36.33256704975315,34.615932950246844,0.7382142857142858,2060601.5,-49508140.0,35.51,36.25,35.22
2025-06-23,35.21,35.45,35.03,35.39,1248350.0,35.471250000000005,35.28043908054141,0.48181107721011074,61.25654427811735,-0.20000000000000284,36.330343003973326,34.612156996026684,0.7096428571428574,1999984.3,-48259790.0,35.19,36.06,35.59
2025-06-24,35.22,35.78,35.22,35.73,1450826.0,35.48675,35.323254406204136,0.463954041351613,59.00276985428285,0.45999999999999375,36.353105190318445,34.62039480968156,0.6667857142857143,1971303.5,-46808964.0,35.39,35.96,35.27
2025-06-25,36.0,36.67,35.345,35.99,2858244.0,35.47625,35.386753986565644,0.4654170013900938,59.228649909310995,0.5300000000000011,36.31071090381888,34.64178909618112,0.7092857142857147,2008959.0,-43950720.0,35.73,35.685,35.46
2025-06-26,36.25,36.54,35.74,36.05,2217606.0,35.49775,35.44992027355939,0.466045622487016,61.559888339320736,0.4199999999999946,36.36914618761601,34.626353812384,0.725714285714286,2020097.95,-41733114.0,35.99,35.51,35.63
2025-06-27,36.22,36.23,35.55,35.64,2886101.0,35.52475,35.46802310464897,0.4285205179619638,50.688705038666114,-0.6099999999999994,36.37751932773057,34.67198067226943,0.7335714285714288,2059383.15,-44619215.0,36.05,35.19,36.25
2025-06-30,35.78,36.02,35.53,35.96,1511053.0,35.575750000000006,35.514878047063355,0.41976414811513507,59.504132001912424,-0.10000000000000142,36.40289012686847,34.74860987313154,0.6921428571428575,2000738.6,-43108162.0,35.64,35.39,36.06
2025-07-01,35.95,36.415,35.635,36.1,1481303.0,35.65425,35.57060394734304,0.41928819854152266,58.9385472555476,0.14000000000000057,36.35127582448741,34.957224175512586,0.7032142857142861,1968262.95,-41626859.0,35.96,35.73,35.96
2025-07-02,36.1,36.75,35.765,36.6,1467747.0,35.73025,35.6686416666437,0.4540231303736846,62.40409184816949,0.9149999999999991,36.49209315971361,34.968406840286384,0.7300000000000004,1946197.4,-40159112.0,36.1,35.99,35.685
2025-07-03,36.7,36.99,36.58,36.6,1552388.0,35.79425,35.757342460296684,0.4760630555370753,55.3191487007696,1.0900000000000034,36.62309367772683,34.96540632227317,0.6992857142857147,1933242.35,-40159112.0,36.6,36.05,35.51
2025-07-07,36.43,36.82,36.27,36.4,1075574.0,35.853249999999996,35.81854794026843,0.47195116721167807,55.15151491753897,1.2100000000000009,36.67796223051462,35.02853776948537,0.6864285714285719,1900076.7,-41234686.0,36.6,35.64,35.19
2025-07-08,36.26,36.88,36.25,36.37,2760881.0,35.892250000000004,35.87106718405239,0.4609580790113057,56.34674898177874,0.9799999999999969,36.738047505940514,35.046452494059494,0.692142857142858,1957903.25,-43995567.0,36.4,35.96,35.39
2025-07-09,36.52,36.685,35.89,36.31,1511021.0,35.944250000000004,35.912870309380736,0.44230585231287733,60.3648421740936,0.5800000000000054,36.75616959026448,35.13233040973553,0.7046428571428583,1935108.45,-45506588.0,36.37,36.1,35.73
2025-07-10,36.23,36.9,36.2,36.52,1216789.0,35.99725,35.97069218467781,0.43940389860541273,66.55737674367116,0.5300000000000011,36.81444336757138,35.180056632428624,0.7139285714285722,1891401.8,-44289799.0,36.31,36.6,35.99
2025-07-11,36.43,36.66,36.2,36.59,1672690.0,36.045249999999996,36.02967388137516,0.4377068818989329,74.99999962500013,0.5400000000000063,36.88410558006918,35.20639441993081,0.6846428571428572,1863544.15,-42617109.0,36.52,36.6,36.05
2025-07-14,36.5,37.345,36.34,37.24,1471885.0,36.09475,36.144943035529906,0.48324104964287073,78.46153812355038,1.6000000000000014,37.087245393070354,35.10225460692964,0.7264285714285711,1840101.75,-41145224.0,36.59,36.4,35.64
2025-07-15,37.22,37.46,36.635,36.66,1553836.0,36.12475,36.19399607976515,0.4671411406144159,63.323781980936104,0.6999999999999957,37.148599675439456,35.10090032456054,0.7453571428571425,1822129.3,-42699060.0,37.24,36.37,35.96
2025-07-16,36.71,37.19,36.48,37.14,1408706.0,36.18375,36.28409169121609,0.4874943043030697,65.49865204394038,1.0399999999999991,37.29949792003187,35.06800207996814,0.701428571428571,1817747.05,-41290354.0,36.66,36.31,36.1
2025-07-17,37.36,38.14,37.315,38.02,1842365.0,36.3005,36.44941629205265,0.5680844547223529,71.74392913809825,1.4200000000000017,37.65880350844556,34.94219649155444,0.7032142857142857,1832937.75,-39447989.0,37.14,36.52,36.6
