Date,Open,High,Low,Close,Volume,SMA_20,EMA_20,MACD,RSI_14,Momentum_10,Bollinger_Upper,Bollinger_Lower,ATR_14,Volume_MA_20,OBV,Lag_1,Lag_5,Lag_10
2023-08-15,6.59,6.59,6.26,6.26,2036403.0,6.202,6.283949117136547,0.06956717758106734,54.042552869533715,-0.03000000000000025,6.656711012911671,5.747288987088329,0.33178571428571424,2174566.2,-7109693.0,6.61,6.36,6.29
2023-08-16,6.24,6.39,6.15,6.2,1106884.0,6.1995,6.275953963123543,0.05392837581296117,57.466062984377885,0.1299999999999999,6.653649291475136,5.745350708524863,0.329642857142857,2114450.2,-8216577.0,6.26,6.43,6.07
2023-08-17,6.25,6.33,6.21,6.26,1167129.0,6.2105,6.274434538064158,0.045202649190108524,56.07476598829592,0.1899999999999995,6.659005119374643,5.761994880625356,0.32642857142857135,2093295.95,-7049448.0,6.2,6.34,6.07
2023-08-18,6.16,6.535,6.1,6.5,1911762.0,6.2375,6.295916963010429,0.054204663754300775,52.999999629000015,0.4299999999999997,6.687523391204922,5.787476608795077,0.3324999999999999,2126542.55,-5137686.0,6.26,6.74,6.07
2023-08-21,6.56,7.045,6.5,7.0,4004399.0,6.2909999999999995,6.362972490342769,0.09492999186501816,64.73029008040496,0.8399999999999999,6.832261683962864,5.749738316037135,0.3560714285714285,2270560.2,-1133287.0,6.5,6.61,6.16
2023-08-22,7.14,7.14,6.71,6.88,3224713.0,6.328,6.41221320554822,0.11714258981225001,67.53246712317986,0.5199999999999996,6.9241843586288425,5.731815641371158,0.3539285714285713,2344571.85,-4358000.0,7.0,6.26,6.36
2023-08-23,6.84,7.06,6.7631,6.98,2293665.0,6.3735,6.466288138353152,0.1400828058667365,68.87966764966168,0.5500000000000007,7.023269999793449,5.723730000206551,0.3644214285714285,2384925.45,-2064335.0,6.88,6.2,6.43
2023-08-24,6.98,7.0,6.79,6.83,2473960.0,6.4215,6.500927363271899,0.1456872643658631,64.84374964538574,0.4900000000000002,7.056323638998721,5.786676361001279,0.3640642857142856,2397496.1,-4538295.0,6.98,6.26,6.34
2023-08-25,6.84,6.89,6.53,6.82,2487011.0,6.4625,6.53131523343648,0.14764413566710122,63.306451255528096,0.08000000000000007,7.088561204339438,5.836438795660563,0.3572785714285713,2465595.75,-7025306.0,6.83,6.5,6.74
2023-08-28,6.83,6.9899,6.8205,6.93,1454993.0,6.49,6.569285211204434,0.15538347008998166,61.92468582972986,0.3199999999999994,7.1482912489324555,5.831708751067545,0.33759285714285703,2385824.9,-5570313.0,6.82,7.0,6.61
2023-08-29,6.93,7.03,6.885,6.97,1635595.0,6.524000000000001,6.607448524423059,0.16252703913511457,61.44067760162309,0.71,7.20851750198685,5.839482498013152,0.3304499999999999,2257638.2,-3934718.0,6.93,6.88,6.26
2023-08-30,6.97,7.285,6.93,7.19,2176296.0,6.58,6.662929617335149,0.1823135174264916,67.0682727152788,0.9900000000000002,7.290877885730772,5.869122114269228,0.32044999999999996,2214351.8,-1758422.0,6.97,6.98,6.2
2023-08-31,7.29,7.3,7.02,7.13,2416449.0,6.633,6.7074125109222775,0.1912479254894066,59.069767057220105,0.8700000000000001,7.341834477003958,5.924165522996042,0.30402142857142855,2275030.5,-4174871.0,7.19,6.83,6.26
2023-09-01,7.22,7.3799,7.16,7.24,1580671.0,6.6915000000000004,6.75813512892968,0.2041674913371727,64.78873196852476,0.7400000000000002,7.397810651797144,5.985189348202857,0.2954428571428571,2243647.35,-2594200.0,7.13,6.82,6.5
2023-09-05,7.45,7.56,7.24,7.55,3458413.0,6.761,6.833550830936376,0.23499614781257439,80.86124347748448,0.5499999999999998,7.518777914973149,6.003222085026851,0.29472857142857134,2307855.4,864213.0,7.24,6.93,7.0
2023-09-06,7.5,7.6,7.29,7.39,2027757.0,6.8125,6.886545989894817,0.24442210936178554,77.168949278372,0.5099999999999998,7.595123792124926,6.029876207875074,0.2997285714285714,2293324.8,-1163544.0,7.55,6.97,6.88
2023-09-07,7.35,7.3599,7.17,7.33,1603021.0,6.8575,6.928779705142929,0.24446899678279532,74.42922326848898,0.34999999999999964,7.6509435276558415,6.064056472344158,0.3047214285714285,2224203.45,-2766565.0,7.39,7.19,6.98
2023-09-08,7.34,7.42,7.2101,7.36,1050450.0,6.908500000000001,6.9698483046531265,0.24395929495028845,71.71717121008061,0.5300000000000002,7.692961598805193,6.124038401194809,0.28864285714285703,2115417.9,-1716115.0,7.33,7.13,6.83
2023-09-11,7.42,7.52,7.37,7.48,2189789.0,6.9455,7.0184341804004475,0.24985692023719341,64.99999943125002,0.6600000000000001,7.765499358151224,6.125500641848776,0.2604285714285713,2128275.75,473674.0,7.36,7.24,6.82
2023-09-12,7.5,7.625,7.43,7.43,2003960.0,6.986500000000001,7.057630925124214,0.2477962669464926,67.97385558716731,0.5,7.81779005641517,6.155209943584833,0.24364285714285705,2115166.0,-1530286.0,7.48,7.55,6.93
2023-09-13,7.43,7.875,7.43,7.85,4055206.0,7.066,7.133094646540956,0.275423118728094,73.51351295719499,0.8799999999999999,7.908787355336912,6.2232126446630875,0.2542214285714285,2216106.15,2524920.0,7.43,7.39,6.97
2023-09-14,7.9,8.14,7.86,8.08,4759616.0,7.160000000000001,7.22327610877515,0.31151625263683425,82.38341909151922,0.8899999999999997,8.015373110341175,6.304626889658827,0.25922142857142855,2398742.75,7284536.0,7.85,7.33,7.19
2023-09-15,8.11,8.44,8.1,8.42,6507803.0,7.267999999999999,7.337249812701327,0.36233534290533864,85.39822955947996,1.29,8.1879221935062,6.348077806493798,0.2577928571428571,2665776.45,13792339.0,8.08,7.36,7.13
2023-09-18,8.52,8.67,8.255,8.62,4753232.0,7.374,7.459416497205962,0.4133867519459038,85.9574462964237,1.379999999999999,8.403366693396324,6.344633306603676,0.27533571428571424,2807849.95,18545571.0,8.42,7.48,7.24
2023-09-19,8.57,8.7,8.0201,8.18,4281046.0,7.433,7.52804349747206,0.4146222240889905,71.99999963345454,0.6299999999999999,8.506432271783021,6.3595677282169785,0.31354285714285707,2821682.3,14264525.0,8.62,7.43,7.55
2023-09-20,8.04,8.4192,7.99,8.02,3089302.0,7.489999999999999,7.574896497712817,0.398448366278088,65.42750895316536,0.6299999999999999,8.560857993435757,6.4191420065642415,0.31884285714285704,2814911.75,11175223.0,8.18,7.85,7.39
2023-09-21,7.84,8.08,7.7,7.89,2263113.0,7.535500000000001,7.604906355073501,0.3711301930074917,63.76811561856753,0.5599999999999996,8.592356809501396,6.478643190498605,0.32598571428571416,2813384.15,8912110.0,8.02,8.08,7.33
2023-09-22,8.0,8.51,8.0,8.2,3245122.0,7.603999999999999,7.661581940304596,0.36960418198969425,66.21621590303141,0.839999999999999,8.645808144778254,6.562191855221744,0.3467071428571427,2851942.25,12157232.0,7.89,8.42,7.36
2023-09-25,8.45,8.94,8.28,8.94,5393772.0,7.709999999999999,7.783336041227968,0.42185210625552916,70.50147463509715,1.459999999999999,8.843323013368902,6.576676986631096,0.370992857142857,2997280.3,17551004.0,8.2,8.62,7.48
2023-09-26,8.93,9.025,8.63,8.63,6664766.0,7.794999999999999,7.863970703968161,0.43374658816929035,67.51412402678032,1.200000000000001,8.93697428305452,6.653025716945478,0.3770642857142856,3257768.95,10886238.0,8.94,8.18,7.43
2023-09-27,8.79,8.955,8.17,8.47,4792064.0,7.869999999999999,7.921687779780718,0.42559257344135837,65.65934040680474,0.620000000000001,8.980429030410741,6.759570969589257,0.4195714285714285,3415592.4,6094174.0,8.63,8.02,7.85
2023-09-28,8.57,9.01,8.55,8.79,4211801.0,7.95,8.004384181706364,0.4394010960053816,68.19338398099049,0.7099999999999991,9.084437027084821,6.815562972915179,0.4374357142857141,3517367.65,10305975.0,8.47,7.89,8.08
2023-09-29,8.84,8.88,8.22,8.22,3724497.0,8.0045,8.024919021543854,0.4004969343064797,58.447488397656436,-0.1999999999999993,9.076055190513202,6.932944809486799,0.47386428571428557,3582770.05,6581478.0,8.79,8.2,8.42
2023-10-02,8.14,8.14,7.62,7.67,4379555.0,8.026,7.991117209968248,0.3222630882047586,52.45901624294545,-0.9499999999999993,9.04913038732787,7.00286961267213,0.4970785714285713,3722714.25,2201923.0,8.22,8.94,8.62
2023-10-03,7.57,7.945,7.51,7.6,2641624.0,8.0285,7.953867951876034,0.2517986871019833,47.24061795554776,-0.5800000000000001,9.046966856035137,7.010033143964861,0.49636428571428565,3681874.8,-439701.0,7.67,8.63,8.18
2023-10-04,7.55,7.6,7.21,7.37,3607860.0,8.0275,7.8982614802687925,0.1756268407642363,42.16335527808234,-0.6499999999999995,9.04864229123436,7.006357708765639,0.5042214285714285,3760879.95,-4047561.0,7.6,8.47,8.02
2023-10-05,7.37,7.635,7.28,7.55,2051727.0,8.0385,7.865093720243193,0.12813358033392674,40.04576646209593,-0.33999999999999986,9.032381810192526,7.044618189807475,0.505292857142857,3783315.25,-1995834.0,7.37,8.79,7.89
2023-10-06,7.52,7.8,7.44,7.69,2048920.0,8.055,7.848418127839079,0.1005062556315579,39.21113676358332,-0.5099999999999989,9.011715873787974,7.098284126212025,0.5013642857142856,3833238.75,53086.0,7.55,8.22,8.2
2023-10-09,7.72,7.79,7.34,7.54,2246500.0,8.058,7.819044972806786,0.06587921838115651,42.03980084861761,-1.3999999999999995,9.007472984011875,7.108527015988125,0.484942857142857,3836074.3,-2193414.0,7.69,7.67,8.94
2023-10-10,7.62,7.8899,7.6,7.82,2936491.0,8.077499999999999,7.819135927777569,0.06011655871470811,47.584540901888026,-0.8100000000000005,8.987881643511168,7.16711835648883,0.47499285714285705,3882700.85,743077.0,7.54,7.6,8.63
2023-10-11,7.88,7.94,7.46,7.59,2353827.0,8.064499999999999,7.797313458465419,0.03673693714876247,46.46226399753026,-0.8800000000000008,8.995746476503395,7.133253523496602,0.4821357142857142,3797631.9,-1610750.0,7.82,7.37,8.47
2023-10-12,7.63,7.65,7.335,7.42,1708765.0,8.0315,7.761378843373475,0.004556539094728862,40.487804739797745,-1.3699999999999992,9.006196173983945,7.056803826016055,0.4682071428571429,3645089.35,-3319515.0,7.59,7.55,8.79
2023-10-13,7.51,7.59,7.38,7.54,1435618.0,7.9875,7.740295144004572,-0.01120788205111456,29.88505735103712,-0.6800000000000006,8.967787283348473,7.007212716651527,0.4360642857142857,3391480.1,-1883897.0,7.42,7.69,8.22
2023-10-16,7.58,7.69,7.16,7.25,2690069.0,7.919,7.6936003683850895,-0.04639514979944437,30.05780334658691,-0.41999999999999993,8.904642189801036,6.933357810198963,0.4457071428571429,3288321.95,-4573966.0,7.54,7.54,7.67
2023-10-17,7.2,7.565,7.18,7.44,1820841.0,7.882,7.669447952348414,-0.058377192142189394,35.24355286721783,-0.15999999999999925,8.881844198389242,6.882155801610758,0.41713571428571433,3165311.7,-2753125.0,7.25,7.82,7.6
2023-10-18,7.47,7.65,7.405,7.49,1356700.0,7.855500000000001,7.652357671172375,-0.06313439642884067,29.81366446664869,0.1200000000000001,8.867958706110498,6.843041293889504,0.4017785714285716,3078681.6,-1396425.0,7.44,7.59,7.37
2023-10-19,7.63,7.87,7.3601,7.82,2596817.0,7.851999999999999,7.668323607251196,-0.039968573989326295,43.288590400657625,0.27000000000000046,8.864440511572742,6.839559488427256,0.391057142857143,3095366.8,1200392.0,7.49,7.42,7.55
2023-10-20,7.91,8.02,7.5243,7.68,2676072.0,7.8260000000000005,7.669435644655844,-0.03247245080722472,50.19455225574952,-0.010000000000000675,8.827459986850775,6.824540013149226,0.38932142857142865,3066914.3,-1475680.0,7.82,7.54,7.69
2023-10-23,7.62,7.9,7.505,7.77,1722101.0,7.7675,7.679013202307669,-0.01908557770209729,53.28185299384326,0.22999999999999954,8.62067672630926,6.914323273690741,0.38646428571428576,2883330.75,246421.0,7.68,7.25,7.54
2023-10-24,7.83,8.09,7.7799,7.94,2509546.0,7.733000000000001,7.703869087802176,0.005118710927161985,61.26482179537252,0.1200000000000001,8.489671381081223,6.97632861891878,0.38075714285714296,2675569.75,2755967.0,7.77,7.44,7.82
2023-10-25,7.99,8.12,7.8,7.87,2298516.0,7.703,7.719691079440064,0.018462416260274672,56.61156992042893,0.28000000000000025,8.380024449531295,7.025975550468706,0.37825714285714296,2550892.35,457451.0,7.94,7.49,7.59
2023-10-26,7.83,7.93,7.54,7.7,1847962.0,7.6485,7.71781573854101,0.0151979267898259,50.204081345772586,0.28000000000000025,8.092466570576512,7.204533429423488,0.3804000000000001,2432700.4,-1390511.0,7.87,7.82,7.42
2023-10-27,7.75,7.87,7.5,7.52,1313639.0,7.613499999999999,7.698976144394248,-0.0018395368828247882,49.59677391356659,-0.020000000000000462,7.969399157805003,7.257600842194996,0.3746857142857144,2312157.5,-2704150.0,7.7,7.68,7.54
2023-10-30,7.66,7.82,7.45,7.68,1525668.0,7.614,7.697168892547176,-0.0024459374575593884,47.03389802607009,0.4299999999999997,7.970261287909805,7.257738712090195,0.38040714285714294,2169463.15,-1178482.0,7.52,7.77,7.25
2023-10-31,7.75,8.1,7.667,8.01,3304097.0,7.6345,7.726962331352207,0.023349405775855203,58.53658503271862,0.5699999999999994,8.03214967390643,7.23685032609357,0.37705000000000005,2202586.8,2125615.0,7.68,7.94,7.44
2023-11-01,8.01,8.08,7.84,8.03,1796941.0,7.6674999999999995,7.755823061699616,0.044883266117691,63.203462820411886,0.5399999999999991,8.081917790717474,7.253082209282525,0.37169285714285716,2112040.85,3922556.0,8.01,7.87,7.49
2023-11-02,8.07,8.2,7.92,8.16,2248851.0,7.698,7.79431610344251,0.07158480495316066,63.36206858315992,0.33999999999999986,8.162739881971337,7.233260118028665,0.3766928571428571,2121897.05,6171407.0,8.03,7.7,7.82
2023-11-03,8.21,8.235,7.86,7.94,2253195.0,7.710500000000001,7.808190760257509,0.07418168634032796,65.3333329268148,0.2600000000000007,8.18761744113119,7.233382558868811,0.3656214285714285,2132110.8,3918212.0,8.16,7.52,7.68
2023-11-06,8.16,8.17,7.59,7.66,2747200.0,7.716500000000001,7.7940773545186985,0.053085638426103365,54.70085437358461,-0.10999999999999943,8.187569332253192,7.245430667746809,0.3795499999999999,2157145.8,1171012.0,7.94,7.68,7.77
2023-11-07,7.6,7.82,7.35,7.77,2104414.0,7.714,7.791784273135965,0.04470895909228556,55.83333300763888,-0.17000000000000082,8.183283888942555,7.244716111057446,0.39562142857142846,2115541.95,3275426.0,7.66,8.01,7.94
2023-11-08,7.8,7.861,7.51,7.58,1439447.0,7.713500000000001,7.7716143423611115,0.022509681162722117,44.690265209883314,-0.29000000000000004,8.183361121698962,7.243638878301041,0.3842714285714285,2069822.95,1835979.0,7.77,8.03,7.87
2023-11-09,7.52,8.035,7.52,7.89,2168768.0,7.736999999999999,7.782889166898149,0.029545174600526636,54.32098734136056,0.1899999999999995,8.191826745498817,7.282173254501181,0.38565,2092823.1,4004747.0,7.58,8.16,7.7
2023-11-10,7.93,7.98,7.67,7.9,2015869.0,7.755,7.794042579574516,0.03551677621756966,52.76595713245814,0.3800000000000008,8.205473435165125,7.304526564834875,0.37957857142857143,2121835.65,6020616.0,7.89,7.94,7.52
2023-11-13,7.95,8.29,7.91,8.2,2579511.0,7.8025,7.832705191043609,0.06368466020505181,55.241935172021314,0.5199999999999996,8.228441681207025,7.376558318792974,0.38457142857142845,2116307.75,8600127.0,7.9,7.66,7.68
2023-11-14,8.4,8.4,8.12,8.27,1816102.0,7.843999999999999,7.874352315706123,0.09060314063613983,58.064515801248696,0.2599999999999998,8.282773409931767,7.4052265900682315,0.38171428571428573,2116070.8,10416229.0,8.2,7.77,8.01
2023-11-15,8.28,8.3,8.01,8.03,1439050.0,7.8709999999999996,7.889175904686492,0.09154035791887782,56.4705879252595,0.0,8.283739244815076,7.458260755184923,0.37457142857142867,2120188.3,8977179.0,8.27,7.58,8.03
2023-11-16,8.05,8.3,7.99,8.28,1937148.0,7.894,7.926397247097302,0.11114951078531465,64.50381644921625,0.11999999999999922,8.34432853504267,7.44367146495733,0.37028571428571444,2087204.85,10914327.0,8.03,7.89,8.16
2023-11-17,8.3,8.51,8.28,8.44,2485429.0,7.9319999999999995,7.975311794992797,0.1379945527510058,64.50381644921625,0.4999999999999991,8.43183576249972,7.432164237500278,0.36028571428571443,2077672.7,13399756.0,8.28,7.9,7.94
2023-11-20,8.47,8.61,8.37,8.6,1983342.0,7.9735,8.034805909755388,0.17020380124740253,62.040815972011664,0.9399999999999995,8.548826909358125,7.398173090641874,0.3465000000000002,2090734.75,15383098.0,8.44,8.2,7.66
2023-11-21,8.6,8.68,8.31,8.44,1594050.0,7.998499999999998,8.073395823112017,0.18074772209754464,57.91505760200355,0.6699999999999999,8.610013222304001,7.386986777695996,0.3557857142857144,2044959.95,13789048.0,8.6,8.27,7.77
2023-11-22,8.4,8.5,8.205,8.43,1196613.0,8.0265,8.107358125672777,0.18615142872827484,55.46558673015456,0.8499999999999996,8.66397115517818,7.38902884482182,0.35685714285714304,1989864.8,12592435.0,8.44,8.03,7.58
2023-11-24,8.42,8.59,8.405,8.45,913097.0,8.064,8.139990685132512,0.1898574755873721,61.23347979856002,0.5599999999999996,8.708797805925476,7.419202194074524,0.3432857142857145,1943121.55,13505532.0,8.43,8.28,7.89
2023-11-27,8.41,8.495,8.31,8.4,1277140.0,8.108,8.164753477024654,0.18661166468938362,68.1372544343522,0.5,8.715517814337025,7.500482185662976,0.3150714285714287,1941296.6,12228392.0,8.45,8.44,7.9
2023-11-28,8.38,8.42,8.16,8.22,1386212.0,8.135,8.170015050641354,0.16759321259165816,60.663506706498104,0.02000000000000135,8.70952955583356,7.560470444166439,0.30007142857142866,1934323.8,10842180.0,8.4,8.6,8.2
2023-11-29,8.23,8.2391,7.58,7.6,2836942.0,8.114500000000001,8.115727902961224,0.10135719461517922,50.393700509641015,-0.6699999999999999,8.735211815494704,7.493788184505299,0.32207857142857155,1910966.05,8005238.0,8.22,8.44,8.27
2023-11-30,7.63,7.99,7.55,7.95,2360139.0,8.1105,8.099944293155392,0.07621102106386246,51.16279042004688,-0.07999999999999918,8.734526821285915,7.4864731787140855,0.3167214285714287,1939125.95,10365377.0,7.6,8.43,8.03
2023-12-01,7.95,8.105,7.7,7.71,2348245.0,8.088,8.062806741426307,0.03650686682168214,46.61921684958397,-0.5699999999999994,8.736483250605428,7.4395167493945715,0.32350714285714294,1944095.65,8017132.0,7.95,8.45,8.28
2023-12-04,7.85,7.97,7.75,7.79,2688036.0,8.080499999999999,8.036825147004754,0.011362142954055798,42.08494185745593,-0.6499999999999995,8.73957351239208,7.421426487607918,0.3120785714285716,1965837.7,10705168.0,7.71,8.4,8.44
2023-12-05,7.71,7.74,7.45,7.48,2468627.0,8.071499999999999,7.983794180623349,-0.033184672171257645,36.0424026485535,-1.1199999999999992,8.759051720542566,7.383948279457431,0.3127928571428572,1951909.05,8236541.0,7.79,8.22,8.6
2023-12-06,7.48,7.7,7.4,7.41,3328956.0,8.053500000000001,7.929147115802078,-0.07328911362650281,38.345864459833805,-1.0299999999999994,8.79129971608332,7.315700283916684,0.3135071428571429,2013136.15,4907585.0,7.48,7.6,8.44
2023-12-07,7.45,7.46,7.15,7.31,2480592.0,8.04,7.870180723820927,-0.11184837813014425,30.677290665545,-1.12,8.822788537688712,7.257211462311285,0.3135071428571428,2065193.4,2426993.0,7.41,7.95,8.43
2023-12-08,7.3,7.57,7.24,7.55,1940240.0,8.023,7.839687321552267,-0.12164595279378787,32.81853264113535,-0.8999999999999995,8.833772211504169,7.212227788495831,0.32064999999999994,2053767.0,4367233.0,7.31,7.71,8.45
2023-12-11,7.56,7.59,7.35,7.54,1555176.0,8.004999999999999,7.811145671880623,-0.12873315075312952,28.2786883623354,-0.8600000000000003,8.842804147443587,7.167195852556411,0.32064999999999994,2030732.35,2812057.0,7.55,7.79,8.4
2023-12-12,7.51,7.511,7.2548,7.42,2126150.0,7.965999999999999,7.773893703130088,-0.14238809125916863,28.749999832291678,-0.8000000000000007,8.83752377145464,7.094476228545359,0.3125214285714285,2008064.3,685907.0,7.54,7.48,8.22
2023-12-13,7.45,7.47,7.085,7.38,2710298.0,7.9215,7.736380017117698,-0.1546535178704609,28.39506156480212,-0.21999999999999975,8.818190405998926,7.0248095940010735,0.31894999999999996,2052774.1,-2024391.0,7.42,7.41,7.6
2023-12-14,7.5,7.81,7.2407,7.77,3389407.0,7.908500000000001,7.739581920249345,-0.13139845901239777,37.85714266785715,-0.1800000000000006,8.806105586810643,7.010894413189359,0.3463999999999999,2150291.95,1365016.0,7.38,7.31,7.95
2023-12-15,7.8,7.87,7.11,7.25,5854013.0,7.857000000000001,7.692955070701789,-0.15315170909096487,32.41590200188911,-0.45999999999999996,8.78261444741488,6.931385552585121,0.3874714285714285,2346135.2,-4488997.0,7.77,7.55,7.71
2023-12-18,7.37,7.69,7.295,7.31,1874084.0,7.8004999999999995,7.65648315920638,-0.16366426460544758,35.55555539753085,-0.4800000000000004,8.714150284356798,6.886849715643201,0.3971142857142857,2315567.95,-2614913.0,7.25,7.54,7.79
2023-12-19,7.41,7.41,7.02,7.03,3719068.0,7.7219999999999995,7.59681809642482,-0.19236647138745244,39.857651046972556,-0.4500000000000002,8.61599399503458,6.8280060049654185,0.37789285714285714,2402354.25,-6333981.0,7.31,7.42,7.48
2023-12-20,7.09,7.17,6.94,6.96,2811250.0,7.648000000000001,7.5361687539081705,-0.21824447376550715,30.434782440281836,-0.4500000000000002,8.536750749500015,6.759249250499985,0.3628928571428571,2463214.25,-9145231.0,7.03,7.38,7.41
2023-12-21,7.22,7.725,7.13,7.57,3945086.0,7.6049999999999995,7.539390777345488,-0.18738056131149783,47.58620666682521,0.2600000000000007,8.41409305951007,6.795906940489929,0.3764642857142856,2600637.9,-5200145.0,6.96,7.77,7.31
2023-12-22,7.6,7.94,7.6,7.68,3274866.0,7.5665,7.552782131884013,-0.15229069646415994,48.122866664259334,0.1299999999999999,8.273078859159064,6.859921140840935,0.38503571428571426,2718726.35,-1925279.0,7.57,7.25,7.55
2023-12-26,7.8,7.89,7.64,7.85,2127715.0,7.539,7.581088595514107,-0.10950416327215695,56.630824088590835,0.3099999999999996,8.14458453710357,6.933415462896429,0.38217857142857137,2761255.1,202436.0,7.68,7.31,7.54
2023-12-27,7.85,7.96,7.7,7.71,1857152.0,7.5135000000000005,7.593365872131811,-0.08590043385972024,55.244754974326376,0.29000000000000004,8.035531457007394,6.991468542992607,0.37932142857142853,2784802.1,-1654716.0,7.85,7.03,7.42
2023-12-28,7.36,7.36,6.8701,7.21,6350675.0,7.494,7.556854836690686,-0.10630888001464811,48.46625746057436,-0.16999999999999993,8.031338470220536,6.956661529779463,0.39217142857142856,2960488.75,-8005391.0,7.71,6.96,7.38
2023-12-29,7.2,7.25,7.01,7.19,2666005.0,7.456,7.5219162808153825,-0.12268208139447356,44.0789471654259,-0.5799999999999992,7.964264332389109,6.947735667610892,0.38574285714285717,2975782.05,-10671396.0,7.21,7.57,7.77
2024-01-02,7.22,7.22,6.8732,6.92,3705177.0,7.416499999999999,7.464590920737727,-0.15564776059552088,40.606060433792464,-0.33000000000000007,7.963001793708232,6.869998206291767,0.3933714285714286,3043628.65,-14376573.0,7.19,7.68,7.25
2024-01-03,6.89,6.98,6.72,6.82,2954777.0,7.368,7.403201309238896,-0.1876780346875373,40.853658362209984,-0.4899999999999993,7.946185910731506,6.789814089268495,0.39364285714285724,3056965.7,-17331350.0,6.92,7.85,7.31
2024-01-04,6.81,7.01,6.76,6.91,2113313.0,7.339500000000001,7.356229755978049,-0.20345539763674036,42.94294276240204,-0.1200000000000001,7.94974498962992,6.729255010370082,0.38400000000000006,3039200.0,-15218037.0,6.82,7.71,7.03
2024-01-05,6.89,6.98,6.72,6.72,2646731.0,7.305,7.2956364458849015,-0.22865315924866003,33.22683691208442,-0.2400000000000002,7.973682915966351,6.6363170840336485,0.36190714285714304,3005088.75,-17864768.0,6.91,7.21,6.96
2024-01-08,6.72,6.83,6.5812,6.8,2243059.0,7.2795000000000005,7.248432974848244,-0.23940801109772103,41.63568751565069,-0.7700000000000005,7.98525006758394,6.573749932416061,0.3253928571428574,2993212.1,-15621709.0,6.72,7.19,7.57
2024-01-09,6.77,7.2,6.6515,6.98,3756042.0,7.251,7.222867929624602,-0.23074806395659575,44.128113659148205,-0.6999999999999993,7.956792574270044,6.545207425729957,0.336357142857143,3084002.2,-11865667.0,6.8,6.92,7.68
2024-01-10,7.06,7.21,6.94,6.97,2589455.0,7.222500000000001,7.1987852696603545,-0.22213122996776224,48.81889736871473,-0.8799999999999999,7.9251828288031065,6.5198171711968955,0.3277857142857144,3135716.15,-14455122.0,6.98,6.82,7.85
2024-01-11,6.98,7.12,6.82,7.06,2060618.0,7.2045,7.185567624930797,-0.2056697448537088,51.953124715881344,-0.6500000000000004,7.904318773533171,6.50468122646683,0.3327857142857144,3132439.55,-12394504.0,6.97,6.91,7.71
2024-01-12,7.32,7.77,7.31,7.66,7999683.0,7.218500000000001,7.2307516606516735,-0.1425686793813199,51.76470559815455,0.4500000000000002,7.943839122138922,6.493160877861079,0.3231428571428573,3396908.8,-4394821.0,7.06,6.72,7.21
2024-01-16,7.77,8.04,7.6,7.72,6222171.0,7.215999999999999,7.27734674058961,-0.0867198020470541,50.79999971552001,0.5299999999999994,7.93363940512591,6.498360594874089,0.33028571428571435,3538547.0,1827350.0,7.66,6.8,7.19
2024-01-17,7.52,7.765,7.41,7.66,2707330.0,7.2364999999999995,7.313789908152504,-0.04676137426262805,46.025104332907354,0.7400000000000002,7.98114474044586,6.491855259554139,0.3377857142857143,3381212.85,-879980.0,7.72,6.98,6.92
2024-01-18,7.7,7.82,7.435,7.6,2547849.0,7.251,7.34104801213798,-0.019708109431561205,47.61904733044732,0.7799999999999994,8.012768026577506,6.489231973422495,0.3467142857142858,3414901.1,-3427829.0,7.66,6.97,6.82
2024-01-19,7.61,7.63,7.19,7.35,2333179.0,7.267,7.341900582410553,-0.018229993570921366,53.398057889527756,0.4399999999999995,8.02264124041143,6.51135875958857,0.34315,3345606.65,-5761008.0,7.6,7.06,6.91
2024-01-22,7.3,7.35,7.16,7.2,1915078.0,7.279000000000001,7.328386241228596,-0.02882944535693177,50.22831018118888,0.4800000000000004,8.021624081427332,6.53637591857267,0.3395785714285714,3300798.05,-7676086.0,7.35,7.66,6.72
2024-01-23,7.35,7.565,7.245,7.56,2684570.0,7.278500000000001,7.350444694444921,-0.008088567690772486,64.03508732610032,0.7599999999999998,8.020312148160095,6.536687851839908,0.3376642857142857,3237772.25,-4991516.0,7.2,7.72,6.8
2024-01-24,7.6,7.74,7.45,7.48,2162471.0,7.2685,7.362783294973976,0.0018720589545813127,64.60176951131649,0.5,7.992706280587309,6.544293719412692,0.3398071428571428,3182152.5,-7153987.0,7.56,7.66,6.98
2024-01-25,7.48,7.59,7.25,7.34,1747132.0,7.243,7.360613457357407,-0.0015130585703770905,59.30735894792076,0.3700000000000001,7.915030701053079,6.570969298946921,0.3462357142857142,3163123.35,-8901119.0,7.48,7.6,6.97
2024-01-26,7.31,7.4,7.2,7.3,1321038.0,7.222499999999999,7.354840747132892,-0.007338749026157387,63.42592551483197,0.2400000000000002,7.858602441269856,6.586397558730143,0.34194999999999987,3136317.65,-10222157.0,7.34,7.35,7.06
2024-01-29,7.3,7.41,7.03,7.37,1824427.0,7.230499999999999,7.356284485501188,-0.006235528295386317,63.25581354159006,-0.29000000000000004,7.86995618342957,6.591043816570428,0.35132142857142845,2910005.25,-8397730.0,7.3,7.2,7.66
2024-01-30,7.29,7.8,7.29,7.79,3053197.0,7.2605,7.397590724977266,0.028203195524728386,66.94560630241067,0.07000000000000028,7.946555851646894,6.574444148353106,0.3485714285714284,2929364.85,-5344533.0,7.37,7.56,7.72
2024-01-31,7.73,7.91,7.54,7.55,3124274.0,7.292,7.41210589402705,0.03571889400016737,61.06870196375503,-0.11000000000000032,7.970034310574168,6.613965689425831,0.3557142857142856,2900319.7,-8468807.0,7.79,7.48,7.66
2024-02-01,7.95,8.21,7.85,7.97,4830544.0,7.349499999999999,7.465238666024474,0.07470365872481288,65.42372850307383,0.3700000000000001,8.053547695752734,6.645452304247264,0.36,2994108.05,-3638263.0,7.55,7.34,7.6
2024-02-02,7.94,7.94,7.69,7.78,2577820.0,7.392999999999999,7.495215935926905,0.08923959024917316,52.36220443579887,0.4300000000000006,8.090185318563902,6.6958146814360955,0.34500000000000003,3017333.4,-6216083.0,7.97,7.3,7.35
2024-02-05,7.73,7.73,7.32,7.45,2987717.0,7.4295,7.490909656314819,0.07328692471857501,45.1957293121921,0.25,8.050618685158184,6.808381314841816,0.3428571428571429,3034382.7,-9203800.0,7.78,7.37,7.2
2024-02-06,7.41,7.5,7.265,7.27,1575648.0,7.453,7.469870641427693,0.045594524136848946,43.34470969050308,-0.29000000000000004,8.005624360855117,6.900375639144883,0.3342857142857144,3001012.15,-10779448.0,7.45,7.79,7.56
2024-02-07,7.26,7.465,7.165,7.41,1908883.0,7.474499999999999,7.464168675577437,0.034546496981526786,46.843853602719626,-0.07000000000000028,7.981191019728674,6.967808980271324,0.32821428571428574,2908654.2,-8870565.0,7.27,7.55,7.48
2024-02-08,7.37,7.4,6.865,7.0,5119079.0,7.475999999999999,7.419962135046252,-0.007209064061551196,44.4794950716994,-0.33999999999999986,7.976542863194289,6.9754571368057094,0.3350000000000001,3035135.4,-13989644.0,7.41,7.97,7.34
2024-02-09,7.0,7.07,6.83,6.85,3691044.0,7.465499999999999,7.36568002694661,-0.0518070009925502,44.47949507169939,-0.4500000000000002,8.009693270621268,6.921306729378729,0.3385714285714287,3116656.7,-17680688.0,7.0,7.78,7.3
2024-02-12,6.75,6.98,6.67,6.94,2307418.0,7.4295,7.325139071999313,-0.07897861887248947,39.31034463781216,-0.4299999999999997,8.01333397063134,6.845666029368659,0.337857142857143,2832043.45,-15373270.0,6.85,7.45,7.37
2024-02-13,6.8,6.84,6.58,6.6,3303822.0,7.3735,7.256078207999378,-0.12648902506959292,36.07594920725846,-1.1900000000000004,8.047850369654107,6.699149630345893,0.33571428571428585,2686126.0,-18677092.0,6.94,7.27,7.79
2024-02-14,6.7,6.74,6.5,6.6,3140219.0,7.3205,7.193594569142294,-0.16227079859292637,37.74834419586861,-0.9500000000000002,8.063197076450702,6.5778029235492985,0.32857142857142874,2707770.45,-18677092.0,6.6,7.41,7.55
2024-02-15,6.63,6.7182,6.555,6.71,2645045.0,7.276000000000001,7.147537943509695,-0.17968087491613804,40.453074250374435,-1.2599999999999998,8.053997429301665,6.498002570698336,0.32594285714285737,2712630.25,-16032047.0,6.6,7.0,7.97
2024-02-16,6.72,6.73,6.46,6.48,2292820.0,7.2325,7.083962901270676,-0.2096209831687359,36.307692151289956,-1.2999999999999998,8.086638531843017,6.378361468156983,0.3180857142857145,2710612.3,-18324867.0,6.71,6.85,7.78
2024-02-20,6.47,6.525,6.115,6.14,3056436.0,7.179499999999999,6.994061672578231,-0.25781172654940665,23.97476330105785,-1.3100000000000005,8.163765154689953,6.195234845310045,0.3109428571428574,2767680.2,-21381303.0,6.48,6.94,7.45
2024-02-21,6.11,6.36,6.03,6.25,2681080.0,7.113999999999999,6.923198656142209,-0.283855123058804,28.618420920836243,-1.0199999999999996,8.163820034702688,6.06417996529731,0.3080857142857146,2767505.7,-18700223.0,6.14,6.6,7.27
2024-02-22,6.25,6.35,6.07,6.1,2733684.0,7.045,6.844798784128665,-0.3129903829599705,16.245487282513835,-1.3100000000000005,8.172092206567529,5.917907793432471,0.3023714285714287,2796066.35,-21433907.0,6.25,6.6,7.41
2024-02-23,6.07,6.14,5.965,6.0,2474156.0,6.978,6.7643417570687925,-0.34022745120390496,16.791044688405037,-1.0,8.187551461014413,5.768448538985586,0.29701428571428584,2832417.55,-23908063.0,6.1,6.71,7.0
2024-02-26,6.08,6.41,5.97,6.32,3118704.0,6.929,6.722023494490812,-0.33216290902435297,28.838951159645973,-0.5299999999999994,8.162785787088282,5.695214212911719,0.299157142857143,2922300.85,-20789359.0,6.0,6.48,6.85
2024-02-27,6.45,6.77,6.39,6.66,3512523.0,6.8935,6.716116495015497,-0.29493687199212015,39.222614646955286,-0.28000000000000025,8.114651742801591,5.672348257198409,0.3095142857142858,3006705.65,-17276836.0,6.32,6.14,6.94
2024-02-28,6.66,6.665,6.37,6.42,2012035.0,6.825,6.68791492406164,-0.281555250354101,33.105801889596876,-0.17999999999999972,7.986659430116651,5.663340569883349,0.30915714285714296,2954647.55,-19288871.0,6.66,6.25,6.6
2024-02-29,6.43,6.55,6.2,6.33,2740451.0,6.764,6.653827788436722,-0.2750419112833917,37.164750758503274,-0.2699999999999996,7.893031256851361,5.634968743148639,0.29594285714285723,2935456.4,-22029322.0,6.42,6.1,6.6
2024-03-01,6.33,6.6299,6.25,6.55,2675487.0,6.6930000000000005,6.643939427633224,-0.2492547193760961,44.40298484267098,-0.16000000000000014,7.671228258800463,5.714771741199538,0.30593571428571437,2827703.55,-19353835.0,6.33,6.0,6.71
2024-03-04,6.65,6.675,6.28,6.33,2558547.0,6.6205,6.6140404345252986,-0.24376034061255414,39.14590727827662,-0.15000000000000036,7.465360000859684,5.775639999140315,0.31200714285714287,2826739.9,-21912382.0,6.55,6.32,6.48
2024-03-05,6.3,6.365,6.09,6.1,2567657.0,6.553,6.565084202665746,-0.25502522624013935,40.740740529492456,-0.040000000000000036,7.3319628732454,5.7740371267546,0.3130785714285715,2805736.9,-24480039.0,6.33,6.66,6.14
2024-03-06,6.18,6.28,6.08,6.1,2086382.0,6.4945,6.520790469078532,-0.26094471849274736,40.740740529492456,-0.15000000000000036,7.22068614403572,5.768313855964281,0.3102214285714286,2831273.6,-24480039.0,6.1,6.42,6.25
2024-03-07,6.14,6.44,6.06,6.41,3581335.0,6.4445,6.510238995832958,-0.23787951695903953,44.82758599048752,0.3100000000000005,7.029198752845377,5.859801247154622,0.3257071428571429,2914896.2,-20898704.0,6.1,6.33,6.1
2024-03-08,6.4,6.45,6.005,6.06,3700549.0,6.397499999999999,6.467359091467914,-0.24501773982305952,43.04635741634137,0.05999999999999961,6.9440634262803895,5.850936573719609,0.3382071428571429,2843969.7,-24599253.0,6.41,6.55,6.0
2024-03-11,6.13,6.1899,6.03,6.12,2003026.0,6.361,6.434277273232874,-0.24303182892386754,49.635036242740696,-0.20000000000000018,6.876972255476051,5.845027744523948,0.32034285714285715,2759568.8,-22596227.0,6.06,6.33,6.32
2024-03-12,6.11,6.3,6.05,6.14,1854282.0,6.321,6.406250866258315,-0.2371108843058103,47.9245280487006,-0.5200000000000005,6.767313555108597,5.8746864448914025,0.3146285714285714,2736912.0,-20741945.0,6.12,6.1,6.66
2024-03-13,6.14,6.3,5.9,5.95,3441382.0,6.2885,6.362798402805142,-0.24492650031755048,47.21189566506821,-0.46999999999999975,6.743843710549331,5.8331562894506686,0.3232,2743790.0,-24183327.0,6.14,6.1,6.42
2024-03-14,5.91,5.98,5.78,5.89,3326762.0,6.253,6.317769983490367,-0.2530449718135488,47.9245280487006,-0.4400000000000004,6.7167195159508335,5.789280484049167,0.3249857142857143,2753117.15,-27510089.0,5.95,6.41,6.33
2024-03-15,5.9,6.11,5.85,6.04,3009001.0,6.2195,6.291315699348427,-0.24455611004204947,44.3548384592872,-0.5099999999999998,6.638896809967025,5.800103190032975,0.3121285714285715,2771314.95,-24501088.0,5.89,6.06,6.55
2024-03-18,6.09,6.14,5.92,6.06,1866924.0,6.1985,6.269285632743815,-0.23352288936756693,36.111110877057605,-0.27000000000000046,6.604832764848546,5.792167235151454,0.3007,2750020.15,-22634164.0,6.04,6.12,6.33
2024-03-19,5.96,6.155,5.85,6.05,2510739.0,6.194,6.248401286768213,-0.2230151171111565,40.414507478858496,-0.04999999999999982,6.60502695519239,5.78297304480761,0.3014142857142858,2722735.3,-25144903.0,6.06,6.14,6.1
2024-03-20,6.01,6.35,5.93,6.28,2432720.0,6.1955,6.2514106880283835,-0.19389350568220998,48.79227020140494,0.1800000000000006,6.607604994286383,5.783395005713617,0.3064142857142858,2710317.3,-22712183.0,6.05,5.95,6.1
2024-03-21,6.33,6.35,6.19,6.24,2083854.0,6.202500000000001,6.250323955835205,-0.17205869312518107,41.79894148932002,-0.16999999999999993,6.612525673137146,5.792474326862855,0.2907071428571429,2677825.8,-24796037.0,6.28,5.89,6.41
2024-03-22,6.16,6.3101,6.135,6.18,1442619.0,6.2115,6.243626436231851,-0.15777718012505026,45.66473951485181,0.1200000000000001,6.610566014852827,5.812433985147173,0.2750000000000001,2626248.95,-26238656.0,6.24,6.04,6.06
2024-03-25,6.17,6.4297,6.02,6.02,2489126.0,6.1964999999999995,6.2223286804002464,-0.1575534429682781,47.590361044418636,-0.10000000000000053,6.600911202926701,5.792088797073298,0.2846214285714287,2594770.05,-28727782.0,6.18,6.06,6.12
2024-03-26,6.08,6.145,5.96,6.04,1731009.0,6.1655,6.204964044171652,-0.15398722974921775,48.21428531250002,-0.09999999999999964,6.511087219549247,5.819912780450752,0.2835500000000001,2505694.35,-26996773.0,6.02,6.05,6.14
2024-03-27,6.07,6.1,5.975,6.04,1668458.0,6.1465,6.189253182821971,-0.14943834750013085,36.49634999200812,0.08999999999999986,6.474509948501229,5.81849005149877,0.26533571428571434,2488515.5,-26996773.0,6.04,6.28,5.95
2024-03-28,6.06,6.3,6.06,6.29,6488818.0,6.1445,6.198848117791307,-0.12422841134813467,59.055117459234935,0.40000000000000036,6.468259169754294,5.820740830245706,0.25069285714285716,2675933.85,-20507955.0,6.04,6.24,5.89
2024-04-01,6.34,6.56,6.285,6.53,3242708.0,6.1435,6.2303863922873735,-0.0839160509346959,64.13793041521998,0.4900000000000002,6.462067517424305,5.824932482575695,0.25891428571428576,2704294.9,-17265247.0,6.29,6.18,6.04
2024-04-02,6.49,6.6,6.35,6.57,2625735.0,6.1555,6.262730545402862,-0.048185104908423426,64.62584972465177,0.5100000000000007,6.518613727291269,5.792386272708731,0.25891428571428576,2707654.3,-14639512.0,6.53,6.02,6.06
2024-04-03,6.6,6.9299,6.6,6.9,4010658.0,6.1955,6.323422874412113,0.006683104658052663,79.50310489873073,0.8500000000000005,6.6865772262132035,5.7044227737867965,0.25390714285714294,2779804.35,-10628854.0,6.57,6.04,6.05
2024-04-04,6.9,6.95,6.57,6.63,2832725.0,6.2219999999999995,6.3526206958966736,0.028056414612386504,70.32966978867285,0.34999999999999964,6.747381064711972,5.696618935288027,0.2667642857142858,2817121.5,-13461579.0,6.9,6.04,6.28
2024-04-05,6.61,6.75,6.445,6.55,2922698.0,6.229000000000001,6.371418724858895,0.038100392832949304,64.57142805485712,0.3099999999999996,6.7684695250160525,5.6895304749839495,0.26997857142857146,2784189.65,-16384277.0,6.63,6.29,6.24
2024-04-08,6.54,6.56,6.3,6.36,2086850.0,6.244000000000001,6.370331227253286,0.030378730360309802,57.812499578450534,0.1800000000000006,6.780358089339568,5.707641910660433,0.2728357142857143,2703504.7,-18471127.0,6.55,6.53,6.18
2024-04-09,6.37,6.4,6.18,6.24,2277343.0,6.25,6.357918729419639,0.014410155687481385,54.67980257856295,0.22000000000000064,6.7831929639840505,5.7168070360159495,0.26676428571428573,2717220.55,-20748470.0,6.36,6.57,6.02
2024-04-10,6.16,6.31,6.11,6.24,2910936.0,6.255,6.346688374236816,0.0017349459259596856,48.88888850864198,0.20000000000000018,6.785719471938545,5.724280528061454,0.25104999999999994,2770053.25,-20748470.0,6.24,6.9,6.04
2024-04-11,6.24,6.45,6.04,6.42,3721765.0,6.278499999999999,6.35367043383331,0.006143420259005161,54.63917486342862,0.3799999999999999,6.7937526207190855,5.763247379280913,0.2689071428571429,2784072.4,-17026705.0,6.24,6.63,6.04
2024-04-12,6.45,6.585,6.11,6.2,3029598.0,6.294,6.339035154420614,-0.008022505036258565,50.47619013968256,-0.08999999999999986,6.7777311127823765,5.810268887217623,0.2903285714285714,2769214.2,-20056303.0,6.42,6.55,6.29
2024-04-15,6.22,6.28,5.96,5.99,2557043.0,6.2915,6.30579371114246,-0.03578186782294068,49.302325260356966,-0.54,6.781237846091895,5.801762153908105,0.2839214285714285,2746616.3,-22613346.0,6.2,6.36,6.53
2024-04-16,5.99,5.99,5.73,5.8,3758336.0,6.2785,6.257622881509845,-0.07227957342090097,44.827585936385255,-0.7700000000000005,6.806426430281214,5.750573569718786,0.2892785714285714,2841186.9,-26371682.0,5.99,6.24,6.57
2024-04-17,5.87,5.96,5.73,5.76,2061868.0,6.264,6.210230226127955,-0.10324182460309395,44.067796348750356,-1.1400000000000006,6.8327067508136725,5.695293249186328,0.29677857142857134,2818743.35,-28433550.0,5.8,6.24,6.9
2024-04-18,5.9,5.93,5.725,5.85,2000610.0,6.242500000000001,6.17592258554434,-0.11914396918080161,39.99999974545454,-0.7800000000000002,6.8404218396377425,5.644578160362259,0.29427857142857133,2797137.85,-26432940.0,5.76,6.42,6.63
2024-04-19,5.81,5.925,5.775,5.84,1655036.0,6.2225,6.143929958349641,-0.13104286867664428,32.48730941379577,-0.71,6.846945016752764,5.598054983247236,0.2853499999999999,2775696.95,-28087976.0,5.85,6.2,6.55
2024-04-22,5.71,5.71,5.22,5.3,10004907.0,6.1785,6.063555676602056,-0.18194890990380053,24.291497838023886,-1.0600000000000005,6.927204846630775,5.429795153369224,0.30249285714285706,3203811.35,-38092883.0,5.84,5.99,6.36
2024-04-23,5.31,5.37,5.18,5.24,4822129.0,6.1395,5.985121802639956,-0.22454539151703834,12.272727194628075,-1.0,6.996409379228934,5.282590620771066,0.2924999999999999,3320461.5,-42915012.0,5.3,5.8,6.24
2024-04-24,5.31,5.425,5.21,5.36,3202175.0,6.1055,5.925586392864722,-0.24578713456432766,19.024390113979777,-0.8799999999999999,7.030303819879195,5.180696180120806,0.28071428571428564,3394019.8,-39712837.0,5.24,5.76,6.24
2024-04-25,5.33,5.4288,5.255,5.36,2004586.0,6.0715,5.871721022115701,-0.2596285326641974,19.796954174031796,-1.0599999999999996,7.054605177218427,5.088394822781574,0.27134285714285705,3410826.2,-39712837.0,5.36,5.85,6.42
2024-04-26,5.4,5.52,5.275,5.4,3165265.0,6.027,5.826795210485635,-0.26432332064718445,23.62637344463228,-0.7999999999999998,7.048291236363886,5.005708763636115,0.27027142857142844,3244648.55,-36547572.0,5.36,5.84,6.2
2024-04-29,5.45,5.69,5.43,5.51,4657676.0,5.976,5.796624238058431,-0.2562144149819954,29.834253912884193,-0.4800000000000004,6.993393987752915,4.958606012247085,0.27312857142857133,3315396.95,-31889896.0,5.4,5.3,5.99
2024-04-30,5.47,5.49,5.16,5.18,4302865.0,5.9065,5.737898120148104,-0.27326624171444536,25.233644694733144,-0.6200000000000001,6.942774196593887,4.870225803406114,0.2824142857142857,3399253.45,-36192761.0,5.51,5.24,5.8
2024-05-01,5.48,5.72,5.4,5.43,4717926.0,5.833,5.708574489657809,-0.2635687738673598,27.601809779898034,-0.33000000000000007,6.776991525385683,4.889008474614317,0.27598571428571417,3434616.85,-31474835.0,5.18,5.36,5.76
2024-05-02,5.59,5.695,5.4204,5.6,2311988.0,5.7815,5.698234062071351,-0.2394061588636225,36.1111108770576,-0.25,6.651933044070889,4.911066955929112,0.2616714285714285,3408580.0,-29162847.0,5.43,5.36,5.85
2024-05-03,5.66,5.75,5.49,5.54,2358497.0,5.731,5.6831641513978886,-0.22253338372877618,38.80596987896338,-0.2999999999999998,6.527780363317525,4.934219636682474,0.2573857142857142,3380369.95,-31521344.0,5.6,5.4,5.84
2024-05-06,5.62,5.85,5.6,5.76,3358307.0,5.701,5.690481851264757,-0.18922812533139233,49.019607506728185,0.45999999999999996,6.441238937242909,4.96076106275709,0.2566714285714285,3443942.8,-28163037.0,5.54,5.51,5.3
2024-05-07,5.77,5.9505,5.735,5.88,4722192.0,5.683,5.708531198763351,-0.1514051679257813,52.83018833036669,0.6399999999999997,6.3845501632662724,4.981449836733727,0.25563571428571424,3566185.25,-23440845.0,5.76,5.18,5.24
2024-05-08,5.88,5.88,5.71,5.82,4009790.0,5.662000000000001,5.719147275071603,-0.12483270584601325,49.28229632059707,0.45999999999999996,6.316943950996843,5.007056049003158,0.2531357142857142,3621127.95,-27450635.0,5.88,5.43,5.36
2024-05-09,5.91,6.17,5.84,6.15,4652796.0,5.6485,5.760180867921926,-0.07626644747919364,56.43153494189151,0.79,6.24629507138183,5.05070492861817,0.2659928571428571,3667679.5,-22797839.0,5.82,5.6,5.36
2024-05-10,6.16,6.17,5.98,6.08,2777728.0,5.6425,5.790639832881743,-0.04293087180183175,70.10309227760658,0.6799999999999997,6.219018589648688,5.065981410351312,0.24456428571428562,3655086.0,-25575567.0,6.15,5.54,5.4
2024-05-13,6.15,6.26,6.03,6.03,2809732.0,5.6445,5.813436039273958,-0.020312618397321458,70.46632073236867,0.5200000000000005,6.226347330310503,5.062652669689497,0.24742142857142843,3667720.45,-28385299.0,6.08,5.76,5.51
2024-05-14,6.1,6.215,6.07,6.09,2989576.0,5.659,5.839775464105009,0.0024260425104172256,69.51871605707913,0.9100000000000001,6.270844493487122,5.047155506512878,0.2424214285714284,3629282.45,-25395723.0,6.03,5.88,5.18
2024-05-15,6.21,6.32,6.125,6.16,2617060.0,5.679,5.870273038952151,0.0257976304974612,70.6185561914125,0.7300000000000004,6.32966443772985,5.028335562270151,0.24393571428571414,3657042.05,-22778663.0,6.09,5.82,5.43
2024-05-16,6.22,6.26,6.145,6.22,2136900.0,5.6975,5.9035803685757555,0.048601037950942505,70.91836684037901,0.6200000000000001,6.388429960651803,5.006570039348197,0.23464999999999994,3663856.55,-20641763.0,6.16,6.15,5.6
2024-05-17,6.3,6.74,6.2095,6.71,6110230.0,5.7410000000000005,5.980382238235207,0.1050014133338415,75.64102518847251,1.17,6.566205556528979,4.915794443471022,0.25397142857142846,3886616.25,-14531533.0,6.22,6.08,5.54
2024-05-20,6.76,6.99,6.695,6.86,4592925.0,5.819000000000001,6.064155358403283,0.15995895531750204,88.88888831275723,1.1000000000000005,6.756025529057374,4.881974470942628,0.25147142857142846,3616017.15,-9938608.0,6.71,6.03,5.76
2024-05-21,6.8,7.02,6.71,6.74,3083372.0,5.894,6.128521514745827,0.1916213155455413,82.26600928486499,0.8600000000000003,6.8749855409632366,4.913014459036764,0.25075714285714273,3529079.3,-13021980.0,6.86,6.09,5.88
2024-05-22,6.7,6.8,6.57,6.62,3146067.0,5.957,6.175328989531939,0.20467164034456964,75.75757522191616,0.7999999999999998,6.955274300454216,4.958725699545783,0.2475714285714284,3526273.9,-16168047.0,6.74,6.16,5.82
2024-05-23,6.65,6.77,6.59,6.61,2515851.0,6.0195,6.216726228624136,0.21176609266475221,77.7202066901125,0.45999999999999996,7.016917190864267,5.022082809135733,0.2418571428571427,3551837.15,-18683898.0,6.62,6.22,6.15
2024-05-24,6.64,6.69,6.5,6.56,3019129.0,6.0775,6.249418968755171,0.21092253165804387,72.72727214876032,0.47999999999999954,7.058002019644173,5.096997980355827,0.2375714285714284,3544530.35,-21703027.0,6.61,6.71,6.08
2024-05-28,6.56,6.85,6.5225,6.82,2554360.0,6.143,6.303760019349916,0.2285986861081275,74.73684155457065,0.79,7.138782686079008,5.147217313920992,0.2455714285714284,3439364.55,-19148667.0,6.56,6.86,6.03
2024-05-29,6.76,6.82,6.56,6.79,2236326.0,6.2235,6.350068588935638,0.23744924952542856,75.9358283085018,0.7000000000000002,7.149345843710375,5.297654156289624,0.2519999999999999,3336037.6,-21384993.0,6.82,6.74,6.09
2024-05-30,6.79,7.09,6.75,6.97,2737439.0,6.3005,6.4091096757036725,0.2560364509763007,73.83720870132501,0.8099999999999996,7.204374117923851,5.39662588207615,0.2527142857142856,3237013.25,-18647554.0,6.79,6.62,6.16
2024-05-31,6.99,7.17,6.8401,7.0,2452485.0,6.3705,6.465384944684275,0.2700744411497471,77.38095173611109,0.7800000000000002,7.262723125268083,5.478276874731916,0.2627071428571428,3244038.1,-16195069.0,6.97,6.61,6.22
2024-06-03,7.0,7.06,6.74,6.82,1865614.0,6.4345,6.499157807095297,0.2636361212540024,71.82320386435089,0.11000000000000032,7.256781165897324,5.612218834102676,0.2691357142857142,3219393.95,-18060683.0,7.0,6.56,6.71
2024-06-04,6.73,6.75,6.18,6.36,4245311.0,6.464499999999999,6.48590468261003,0.21889229787231734,56.10859692962881,-0.5,7.224596254292481,5.704403745707517,0.2994928571428571,3263744.15,-22305994.0,6.82,6.82,6.86
2024-06-05,6.24,6.31,6.06,6.1,3386084.0,6.475499999999999,6.449151855694789,0.16060135661037123,48.749999715624995,-0.6400000000000006,7.2057623897577665,5.745237610242232,0.30342142857142856,3196938.75,-25692078.0,6.36,6.79,6.74
2024-06-06,6.05,6.285,6.03,6.15,2068674.0,6.492,6.420661202771476,0.11709020472238141,48.535564569247754,-0.46999999999999975,7.173163091993925,5.810836908006075,0.3134214285714285,3099882.95,-23623404.0,6.1,6.97,6.62
2024-06-07,6.09,6.17,5.91,5.94,2826714.0,6.4815,6.374883945364669,0.06491377332325232,31.753554291682605,-0.6699999999999999,7.190755354505501,5.7722446454944984,0.2940999999999999,3008578.85,-26450118.0,6.15,7.0,6.61
2024-06-10,5.95,6.22,5.9208,6.1,1895364.0,6.4825,6.348704521996605,0.03605857719639349,32.07547148629405,-0.45999999999999996,7.189424398548491,5.775575601451509,0.29439999999999994,2964460.65,-24554754.0,5.94,6.82,6.56
2024-06-11,6.02,6.07,5.79,5.82,2614503.0,6.4719999999999995,6.29835171037788,-0.00929587594722836,29.824561220375514,-1.0,7.212656891940482,5.731343108059517,0.2922571428571428,2954699.2,-27169257.0,6.1,6.36,6.82
2024-06-12,5.95,6.06,5.85,5.94,2841045.0,6.464499999999999,6.264222976056177,-0.03515140637939318,35.08771908279472,-0.8499999999999996,7.224236103767886,5.704763896232112,0.29082857142857144,2947272.65,-24328212.0,5.82,6.1,6.79
2024-06-13,5.94,6.165,5.935,6.12,2036916.0,6.4625,6.2504874545270175,-0.04064902844420093,39.99999977142858,-0.8499999999999996,7.225813414280819,5.699186585719182,0.29440000000000005,2918265.45,-22291296.0,5.94,6.15,6.97
2024-06-14,6.12,6.13,5.95,6.02,2017083.0,6.452500000000001,6.228536268381587,-0.05247025322986332,39.199999780480006,-0.9800000000000004,7.234208654840549,5.6707913451594525,0.29368571428571427,2912274.6,-24308379.0,6.12,5.94,7.0
2024-06-17,6.02,6.12,5.87,5.99,1938490.0,6.416500000000001,6.205818528535722,-0.06352710732374423,31.71806147839081,-0.8300000000000001,7.214425600014115,5.618574399985887,0.28815,2703687.6,-26246869.0,6.02,6.1,6.82
2024-06-18,5.97,6.245,5.97,6.12,1870196.0,6.3795,6.197645335341844,-0.06109555890410867,35.864978691092944,-0.2400000000000002,7.159256372208647,5.599743627791353,0.2892214285714286,2567551.15,-24376673.0,5.99,5.82,6.36
2024-06-20,6.2,6.222,6.03,6.1,1874394.0,6.3475,6.188345779595001,-0.06008969548540577,30.316741889396212,0.0,7.117431644265967,5.577568355734034,0.27865,2507102.25,-26251067.0,6.12,5.94,6.1
2024-06-21,6.1,6.17,5.93,6.07,4493837.0,6.32,6.177074752966906,-0.06101000535902923,28.959275834647116,-0.08000000000000007,7.088237901749322,5.551762098250679,0.27222857142857143,2574490.75,-30744904.0,6.1,6.12,6.15
2024-06-24,6.05,6.06,5.74,5.75,2647959.0,6.277,6.136400966970058,-0.08656284033612849,27.23404239094613,-0.1900000000000004,7.072675151910887,5.4813248480891135,0.27222857142857143,2581096.15,-33392863.0,6.07,6.02,5.94
2024-06-25,5.78,5.79,5.535,5.57,3569725.0,6.2275,6.082458017734814,-0.11995537080624175,30.917874187028858,-0.5299999999999994,7.070798660961192,5.384201339038808,0.24972857142857144,2608625.95,-36962588.0,5.75,5.99,6.1
2024-06-26,5.57,5.88,5.55,5.85,2411222.0,6.179,6.060319158902927,-0.12241441491191019,44.019138461115816,0.02999999999999936,6.9897670182578535,5.368232981742147,0.25544285714285714,2601469.05,-34551366.0,5.57,6.12,5.82
2024-06-27,5.88,6.1899,5.875,6.16,2201062.0,6.1475,6.0698125723407435,-0.09821663587466478,50.21276565830692,0.21999999999999975,6.905554990367484,5.3894450096325155,0.25972142857142855,2599705.85,-32350304.0,5.85,6.1,5.94
2024-06-28,6.19,6.34,5.975,6.06,9148764.0,6.102,6.068878041641625,-0.08611619198510567,52.67857109933034,-0.0600000000000005,6.754012269823195,5.449987730176805,0.2672214285714286,2920272.1,-41499068.0,6.16,6.07,6.12
2024-07-01,6.07,6.15,5.915,6.08,3199301.0,6.056,6.069937275770994,-0.07405896454141558,49.523809193650806,0.0600000000000005,6.552531124799576,5.559468875200424,0.26263571428571436,2957612.9,-38299767.0,6.06,5.75,6.02
2024-07-02,6.06,6.085,5.81,5.91,2607332.0,6.0105,6.054705154268994,-0.07732969546975443,52.261306164995844,-0.08000000000000007,6.356087219549257,5.664912780450744,0.26227857142857147,2994698.8,-40907099.0,6.08,5.57,5.99
2024-07-03,5.95,6.0599,5.89,5.92,1883743.0,5.9885,6.041876091957661,-0.07821326306252896,49.46808473800362,-0.20000000000000018,6.294115857951736,5.682884142048264,0.25941428571428576,2876620.4,-39023356.0,5.91,5.85,6.12
2024-07-05,5.97,6.0,5.8,5.91,1748911.0,5.979,6.02931646415217,-0.07881191842839641,43.85964876372217,-0.1899999999999995,6.281821816637402,5.676178183362598,0.25727142857142865,2794761.75,-40772267.0,5.92,6.16,6.1
2024-07-08,5.94,6.035,5.845,5.89,1515293.0,5.966,6.016048229471011,-0.07997825047374185,46.0122695434529,-0.1800000000000006,6.260110612918977,5.671889387081023,0.2579857142857144,2767092.7,-42287560.0,5.91,6.06,6.07
2024-07-09,5.89,6.14,5.8218,6.09,2052863.0,5.9735,6.023091255235676,-0.06402619447346236,52.777777367283946,0.33999999999999986,6.272429669602095,5.674570330397904,0.26285714285714296,2728400.15,-40234697.0,5.89,6.08,5.75
2024-07-10,6.13,6.595,6.13,6.49,3652957.0,5.993,6.06755875473704,-0.0188896699277592,58.937197669023774,0.9199999999999999,6.367902092481978,5.618097907518023,0.2764285714285715,2816279.8,-36581740.0,6.09,5.91,5.57
2024-07-11,6.53,6.68,6.46,6.65,2335986.0,6.0344999999999995,6.123029349523988,0.029452503593375035,62.44343851845787,0.8000000000000007,6.501268284675536,5.567731715324463,0.27842857142857147,2802353.95,-34245754.0,6.49,5.92,5.85
2024-07-12,6.65,6.71,6.56,6.62,1797671.0,6.068499999999999,6.170359887664561,0.06459862241681513,62.44343851845784,0.45999999999999996,6.600755379938689,5.53624462006131,0.2720000000000001,2750185.25,-36043425.0,6.65,5.91,6.16
2024-07-15,6.58,6.615,6.41,6.41,2300257.0,6.083,6.193182755506031,0.07464645208068355,65.71428527619047,0.35000000000000053,6.636537903423343,5.529462096576657,0.2637857142857144,2763352.3,-38343682.0,6.62,5.89,6.06
2024-07-16,6.47,6.48,6.24,6.48,2625866.0,6.106,6.220498683553076,0.08725205704044203,72.86432109542687,0.40000000000000036,6.686105253607612,5.525894746392388,0.26271428571428584,2793791.45,-35717816.0,6.41,6.09,6.08
2024-07-17,6.39,6.41,5.95,5.95,3939398.0,6.104,6.194736904167068,0.05385471570598099,52.23214253069198,0.040000000000000036,6.6860616715380585,5.521938328461942,0.27200000000000013,2893836.85,-39657214.0,6.48,6.49,5.91
2024-07-18,5.99,6.025,5.715,5.75,2381930.0,6.0855,6.152381008532109,0.01112056268643613,40.37558658908066,-0.16999999999999993,6.688561487656716,5.4824385123432835,0.27165000000000017,2919423.55,-42039144.0,5.95,6.65,5.92
2024-07-19,5.74,5.8,5.62,5.62,2502114.0,6.0615000000000006,6.101678055338575,-0.032857711726166805,39.814814556755856,-0.29000000000000004,6.699334329257169,5.423665670742832,0.25843571428571444,2950809.55,-44541258.0,5.75,6.62,5.91
2024-07-22,5.67,5.73,5.59,5.71,2034664.0,6.0435,6.064375383401568,-0.05975969071078424,41.704035612620416,-0.17999999999999972,6.700359353687158,5.386640646312841,0.25165000000000015,2827850.9,-42506594.0,5.62,6.41,5.89
2024-07-23,5.66,5.765,5.6,5.74,2105253.0,6.043,6.0334824897442765,-0.07776255526887077,45.93301404638173,-0.34999999999999964,6.700814563535952,5.385185436464048,0.24379285714285728,2800715.6,-40401341.0,5.71,6.48,6.09
2024-07-24,5.7,5.745,5.53,5.53,1394134.0,6.041,5.985531776435297,-0.10773331742539671,41.4847159035869,-0.96,6.705083063923083,5.376916936076918,0.24701428571428583,2691936.05,-41795475.0,5.74,5.95,6.49
2024-07-25,5.5,5.63,5.375,5.6,2386042.0,6.028499999999999,5.94881446439384,-0.12440290810231325,43.40425506057039,-1.0500000000000007,6.716694433970054,5.3403055660299446,0.25094285714285725,2690677.05,-39409433.0,5.53,5.75,6.65
2024-07-26,5.67,5.71,5.52,5.67,1815636.0,6.004,5.9222607058801415,-0.13046138618711112,45.416666401736116,-0.9500000000000002,6.707207688120355,5.300792311879644,0.25094285714285725,2671405.75,-37593797.0,5.6,5.62,6.62
2024-07-29,5.72,5.72,5.4105,5.5,1765295.0,5.976,5.882045400558224,-0.14728257114041465,37.552742394203214,-0.9100000000000001,6.713574973887577,5.238425026112423,0.25032142857142864,2302232.3,-39359092.0,5.67,5.71,6.41
2024-07-30,5.48,5.6,5.45,5.57,1778445.0,5.9505,5.85232679098125,-0.15319908276723826,27.4509802037678,-0.9100000000000001,6.707932644217499,5.1930673557825004,0.22782142857142862,2231189.5,-37580647.0,5.5,5.74,6.48
2024-07-31,5.65,5.745,5.48,5.69,3364704.0,5.939500000000001,5.8368670966020835,-0.14651601829997585,25.999999818000006,-0.2599999999999998,6.705747864253913,5.173252135746089,0.23103571428571432,2269058.1,-34215943.0,5.57,5.53,5.95
2024-08-01,5.64,5.65,5.12,5.23,3592501.0,5.904999999999999,5.779070230259028,-0.17630545755142712,21.39917683144509,-0.5199999999999996,6.73447034463661,5.075529655363389,0.2581785714285715,2354496.0,-37808444.0,5.69,5.6,5.75
2024-08-02,5.13,5.16,4.86,4.91,4391877.0,5.855,5.696301636901025,-0.22316264829253818,20.47244083204167,-0.71,6.796230996872545,4.913769003127456,0.2649642857142857,2486644.3,-42200321.0,5.23,5.67,5.62
2024-08-05,4.52,4.76,4.1944,4.74,4037218.0,5.7975,5.605225290529499,-0.2708922119779169,17.045454455062,-0.9699999999999998,6.862144739362682,4.732855260637319,0.2882214285714286,2612740.55,-46237539.0,4.91,5.5,5.71
2024-08-06,4.77,4.82,4.62,4.63,2760762.0,5.7245,5.512346691431452,-0.3139750073088168,20.270270142439742,-1.1100000000000003,6.899224603784583,4.549775396215417,0.26965,2648135.5,-48998301.0,4.74,5.57,5.74
2024-08-07,4.7,4.79,4.45,4.45,4125948.0,5.6225000000000005,5.4111708160570275,-0.35851024571427015,20.454545324380177,-1.08,6.869405643667768,4.375594356332233,0.2717928571428571,2671785.05,-53124249.0,4.63,5.69,5.53
2024-08-08,4.52,4.59,4.45,4.55,2671436.0,5.5175,5.32915454786112,-0.38133973170089064,25.34562195629553,-1.0499999999999998,6.75372302535629,4.28127697464371,0.2689357142857142,2688557.55,-50452813.0,4.45,5.23,5.6
2024-08-09,4.43,4.57,4.4,4.44,2759449.0,5.408500000000001,5.244473162350537,-0.40365525795737245,21.0045660757699,-1.2299999999999995,6.61959389439987,4.197406105600132,0.27107857142857134,2736646.45,-53212262.0,4.55,4.91,5.67
2024-08-12,4.49,4.7,4.48,4.59,2673095.0,5.3175,5.182142384983819,-0.40457306049970576,25.10822495605403,-0.9100000000000001,6.484446081828439,4.1505539181715605,0.27500714285714273,2755288.35,-50539167.0,4.44,4.74,5.5
2024-08-13,4.62,4.62,4.5,4.54,1685400.0,5.2205,5.1209859673663125,-0.40467022134209696,26.976744010383968,-1.0300000000000002,6.299807282717174,4.141192717282827,0.2682214285714285,2708265.05,-52224567.0,4.59,4.63,5.57
2024-08-14,4.54,4.65,4.53,4.53,2214179.0,5.149500000000001,5.064701589521902,-0.40093243885163155,24.4019137121403,-1.1600000000000001,6.213464285114879,4.085535714885122,0.2585785714285714,2622004.1,-54438746.0,4.54,4.45,5.69
2024-08-15,4.57,4.815,4.57,4.67,2017808.0,5.0955,5.027110961948387,-0.3822668549840502,26.85185167781205,-0.5600000000000005,6.140598333323619,4.050401666676382,0.2625071428571428,2603798.0,-52420938.0,4.53,4.55,5.23
2024-08-16,4.67,4.67,4.575,4.63,1702697.0,5.046,4.989290870334255,-0.36647738779194583,28.57142837438421,-0.28000000000000025,6.08022282033674,4.011777179663261,0.24718571428571418,2563827.15,-54123635.0,4.67,4.44,4.91
2024-08-19,4.65,4.84,4.6425,4.69,2513837.0,4.995,4.960786977921469,-0.34514401734171773,28.217821586609148,-0.04999999999999982,5.991256149687164,3.9987438503128363,0.2505785714285714,2587785.8,-51609798.0,4.63,4.59,4.74
2024-08-20,4.71,4.77,4.625,4.72,2180439.0,4.944,4.937854884786091,-0.32210341066716897,24.87046614083596,0.08999999999999986,5.882428697905521,4.005571302094479,0.24200714285714278,2591545.1,-49429359.0,4.69,4.54,4.63
2024-08-21,4.76,4.89,4.72,4.86,2286126.0,4.9105,4.930440133854082,-0.28921286800029833,38.5093164353227,0.41000000000000014,5.807781860310419,4.013218139689581,0.21629285714285704,2636144.7,-47143233.0,4.72,4.53,4.45
2024-08-22,4.84,4.88,4.6,4.6,2070105.0,4.8605,4.898969644915598,-0.2808887919058378,39.99999963870966,0.04999999999999982,5.705957832992541,4.015042167007459,0.21486428571428565,2620347.85,-49213338.0,4.86,4.67,4.55
2024-08-23,4.81,5.09,4.77,4.91,4516487.0,4.8225,4.900020154923637,-0.2464367232746234,55.029585342950185,0.46999999999999975,5.578329972525862,4.066670027474138,0.1973214285714285,2755390.4,-44696851.0,4.6,4.63,4.44
2024-08-26,4.96,5.09,4.87,4.87,3420992.0,4.791,4.897161092549958,-0.21982684929402385,57.407406911294025,0.28000000000000025,5.477252983887693,4.104747016112308,0.19874999999999993,2838175.25,-48117843.0,4.91,4.69,4.59
2024-08-27,4.85,4.87,4.69,4.86,2831387.0,4.7555000000000005,4.893621940878533,-0.19727122894651927,64.13793041522,0.3200000000000003,5.33763671752842,4.173363282471581,0.18732142857142847,2890822.35,-50949230.0,4.87,4.72,4.54
2024-08-28,4.81,4.86,4.69,4.7,2434495.0,4.7059999999999995,4.8751817560329584,-0.19011487420847217,54.966886907591785,0.16999999999999993,5.087266587214698,4.324733412785301,0.18946428571428564,2844311.9,-53383725.0,4.86,4.86,4.53
2024-08-29,4.74,4.87,4.6802,4.79,2120844.0,4.684,4.867069207839343,-0.17516200512313684,61.74496586279896,0.1200000000000001,4.978968330146647,4.389031669853353,0.19087857142857137,2770729.05,-51262881.0,4.7,4.6,4.67
2024-08-30,4.79,4.9,4.755,4.9,2406116.0,4.6835,4.870205473759405,-0.15267571732260876,60.68965458644473,0.27000000000000046,4.976884963558348,4.390115036441653,0.18552142857142856,2671441.0,-48856765.0,4.79,4.91,4.63
2024-09-03,4.82,4.83,4.33,4.4,4232968.0,4.6665,4.8254240000680335,-0.17320440103022872,46.31578913240999,-0.29000000000000004,4.984472193421849,4.348527806578151,0.2126642857142857,2681228.5,-53089733.0,4.9,4.87,4.69
2024-09-04,4.33,4.49,4.33,4.39,2416204.0,4.6545000000000005,4.783955047680601,-0.18811200905115655,46.31578913240996,-0.33000000000000007,4.995549463922954,4.313450536077047,0.21552142857142856,2664000.6,-55505937.0,4.4,4.86,4.72
2024-09-05,4.48,4.48,4.325,4.37,2252431.0,4.6505,4.744530757425306,-0.19924347392113173,41.573033380886265,-0.4900000000000002,5.003321708366656,4.2976782916333445,0.20909285714285714,2570324.75,-57758368.0,4.39,4.7,4.86
2024-09-06,4.37,4.435,4.21,4.3,2372903.0,4.638,4.702194494813372,-0.2112781717645893,40.88397758432283,-0.2999999999999998,5.022138133050062,4.253861866949938,0.2183785714285714,2555398.1,-60131271.0,4.37,4.79,4.6
2024-09-09,4.31,4.36,4.26,4.28,2235807.0,4.63,4.661985495307337,-0.21989477922820644,38.4180787921734,-0.6299999999999999,5.0374568107561934,4.222543189243806,0.21141428571428575,2529216.0,-62367078.0,4.3,4.9,4.91
2024-09-10,4.3,4.55,4.29,4.52,2838027.0,4.6265,4.648463067182829,-0.20499445996015364,44.94949463167024,-0.35000000000000053,5.0365975493709145,4.216402450629086,0.21962857142857148,2537462.6,-59529051.0,4.28,4.4,4.87
2024-09-11,4.49,4.94,4.47,4.9,4980840.0,4.6445,4.672418965546369,-0.1606709111380269,50.900900579904224,0.040000000000000036,5.069927339333828,4.219072660666171,0.24105714285714294,2702234.6,-54548211.0,4.52,4.39,4.86
2024-09-12,4.94,5.14,4.925,5.09,4158690.0,4.6725,4.712188587875286,-0.10895678130982223,61.395348437425646,0.3899999999999997,5.138021778562312,4.206978221437689,0.23641428571428577,2799460.15,-50389521.0,4.9,4.37,4.7
2024-09-13,5.12,5.15,4.72,4.72,7157607.0,4.675,4.712932531887163,-0.09671400971537825,45.70135717655248,-0.07000000000000028,5.14100203297504,4.20899796702496,0.24427142857142867,3056450.1,-57547128.0,5.09,4.3,4.79
2024-09-16,4.76,4.83,4.55,4.67,3252410.0,4.6770000000000005,4.708843719326481,-0.09000854467963482,45.495495208586966,-0.23000000000000043,5.14253195379053,4.211468046209471,0.24855714285714298,3133935.75,-60799538.0,4.72,4.28,4.9
2024-09-17,4.69,4.795,4.655,4.73,2705083.0,4.679,4.710858603200149,-0.07894291202060355,47.1365635859419,0.33000000000000007,5.145110445461641,4.21288955453836,0.2457000000000001,3143498.05,-58094455.0,4.67,4.52,4.4
2024-09-18,4.74,4.9,4.615,4.68,3413025.0,4.6770000000000005,4.707919688609659,-0.0733622264664815,49.53703671596364,0.29000000000000004,5.142712809629132,4.211287190370869,0.25391428571428587,3205127.35,-61507480.0,4.73,4.9,4.39
2024-09-19,4.9,5.02,4.845,4.95,2710120.0,4.681500000000001,4.73097495636112,-0.04661539617486987,53.418803099203735,0.5800000000000001,5.1563085486749,4.206691451325101,0.252857142857143,3226327.05,-58797360.0,4.68,5.09,4.37
2024-09-20,5.2,5.35,5.0513,5.3,7722522.0,4.7165,4.785167817660061,0.0027915551465218513,57.7519376711135,1.0,5.263694759901065,4.169305240098935,0.26383571428571434,3508947.9,-51074838.0,4.95,4.72,4.3
2024-09-23,5.38,5.51,5.27,5.37,5269338.0,4.7395,4.840866120740055,0.04705293803136179,72.5581390624121,1.0899999999999999,5.355308411764588,4.1236915882354115,0.24526428571428577,3546590.45,-45805500.0,5.3,4.67,4.28
2024-09-24,5.54,5.56,5.38,5.46,2897385.0,4.769,4.899831252098146,0.08837393102552316,73.99103092561685,0.9400000000000004,5.462728295061146,4.075271704938854,0.24669285714285719,3520410.1,-42908115.0,5.37,4.73,4.52
2024-09-25,5.44,5.65,5.41,5.61,3196951.0,4.8065,4.9674663709459415,0.13170663002526073,76.27118598822177,0.71,5.5954840235858425,4.017515976414157,0.2527642857142857,3538688.3,-39711164.0,5.46,4.68,4.9
2024-09-26,5.69,5.79,5.52,5.56,2912419.0,4.849500000000001,5.023898145141566,0.16016721607916384,76.92307646285336,0.46999999999999975,5.704983242937808,3.9940167570621936,0.2559785714285715,3562584.5,-42623583.0,5.61,4.95,5.09
2024-09-27,5.56,5.66,5.45,5.54,1694675.0,4.887,5.073050702747131,0.17904468702085463,76.92307646285336,0.8200000000000003,5.79560448230414,3.9783955176958594,0.26383571428571434,3541276.05,-44318258.0,5.56,5.3,4.72
2024-09-30,5.56,5.68,5.405,5.49,3543453.0,4.9165,5.1127601596283565,0.18780572907488846,72.55813906241211,0.8200000000000003,5.864345756939062,3.968654243060938,0.2649071428571429,3598142.9,-47861711.0,5.54,5.37,4.67
2024-10-01,5.5,5.72,5.49,5.59,1967771.0,4.976000000000001,5.158211572997084,0.20050676511013155,68.44919734850866,0.8599999999999994,5.93664452048448,4.015355479515522,0.24776428571428566,3484883.05,-45893940.0,5.49,5.46,4.73
2024-10-02,5.63,5.92,5.59,5.9,3095650.0,5.0515,5.228858089854505,0.23290208661647238,70.35175829903285,1.2200000000000006,6.05463770897016,4.048362291029839,0.2559785714285714,3518855.35,-42798290.0,5.59,5.61,4.68
2024-10-03,5.97,6.0,5.59,5.61,3295112.0,5.1135,5.265157319392171,0.23249497854869272,73.29842878210574,0.6600000000000001,6.092269904684341,4.13473009531566,0.25454999999999994,3570989.4,-46093402.0,5.9,5.56,4.95
2024-10-04,5.65,5.73,5.55,5.67,2776546.0,5.182,5.303713765164345,0.23431282859733216,76.04166611219615,0.3700000000000001,6.111574888690638,4.252425111309363,0.2474071428571428,3591171.55,-43316856.0,5.61,5.54,5.3
2024-10-07,5.7,5.74,5.29,5.4,3124487.0,5.238,5.312883882767741,0.21152837688603654,65.72769909850338,0.03000000000000025,6.068436790585468,4.4075632094145325,0.26955,3635605.55,-46441343.0,5.67,5.49,5.37
2024-10-08,5.27,5.62,5.26,5.59,2219833.0,5.2915,5.339275893932718,0.20642342609291742,70.04405243144637,0.1299999999999999,6.062944987294005,4.5200550127059955,0.27490714285714285,3604695.85,-44221510.0,5.4,5.59,5.46
2024-10-09,5.49,5.535,5.33,5.39,2284325.0,5.316,5.344106761177221,0.18411700110072982,59.99999961818181,-0.22000000000000064,6.065916486578404,4.566083513421596,0.27705,3469870.1,-46505835.0,5.59,5.9,5.61
2024-10-10,5.34,5.45,5.295,5.4,2173299.0,5.3315,5.349429926779391,0.16533997865837513,52.68817164643313,-0.15999999999999925,6.074531486192662,4.588468513807339,0.26678571428571435,3370600.55,-44332536.0,5.39,5.61,5.56
2024-10-11,5.45,5.54,5.34,5.53,1909523.0,5.372,5.366627076609925,0.15911479037800902,54.166666271701395,-0.009999999999999787,6.061029829008256,4.6829701709917435,0.2639285714285715,3108196.35,-42423013.0,5.4,5.67,5.54
2024-10-14,5.6,5.74,5.53,5.74,2126193.0,5.4254999999999995,5.402186402647075,0.16917636889993481,56.8627447078047,0.25,6.047972996666468,4.803027003333531,0.2660714285714287,3051885.5,-40296820.0,5.53,5.4,5.49
2024-10-15,5.74,5.74,5.45,5.72,2844295.0,5.475,5.432454364299734,0.17353599459207825,52.87958076423343,0.1299999999999999,6.016829260347209,4.93317073965279,0.26964285714285724,3058846.1,-43141115.0,5.74,5.59,5.59
2024-10-16,5.9,6.7275,5.8621,6.6,11187652.0,5.571,5.543649186747379,0.2451734677723909,68.97810183733817,0.6999999999999993,6.19402825820848,4.94797174179152,0.31217142857142866,3447577.45,-31953463.0,5.72,5.39,5.9
2024-10-17,6.72,6.97,6.535,6.64,9225489.0,5.6555,5.648063549914295,0.30169657675659955,69.92753587717917,1.0299999999999994,6.374870338706356,4.936129661293644,0.32824285714285717,3773345.9,-22727974.0,6.6,5.4,5.61
2024-10-18,6.79,7.04,6.544,6.84,5644775.0,5.7325,5.761581307065314,0.3584973421796471,73.19587593651468,1.17,6.6050250712730065,4.859974928726993,0.3440285714285715,3669458.55,-17083199.0,6.64,5.53,5.67
2024-10-21,7.05,7.085,6.71,6.94,5479832.0,5.811000000000001,5.87381165877338,0.4068911345515813,73.19587593651468,1.54,6.818297583166263,4.8037024168337386,0.3543857142857144,3679983.25,-11603367.0,6.84,5.74,5.4
2024-10-22,6.82,6.92,6.49,6.67,3418747.0,5.8715,5.9496391198425815,0.4186311014012096,63.41463383700177,1.08,6.933876184736223,4.809123815263777,0.36152857142857153,3706051.35,-15022114.0,6.94,5.72,5.59
2024-10-23,6.6,6.7,6.27,6.36,3718835.0,5.909000000000001,5.988721108429003,0.39832901159550893,62.97577824163984,0.9700000000000006,6.985366206514433,4.832633793485568,0.36295714285714303,3732145.55,-18740949.0,6.67,6.6,5.39
2024-10-24,6.39,6.45,6.07,6.17,3654590.0,5.9395,6.005985764769098,0.362726758766847,58.27814542520064,0.7699999999999996,7.00877373286237,4.87022626713763,0.37724285714285727,3769254.1,-22395539.0,6.36,6.64,5.4
2024-10-25,6.24,6.3288,6.11,6.17,2722445.0,5.971,6.021606168124422,0.33069961756185595,63.9999996741818,0.6399999999999997,7.02776567138154,4.91423432861846,0.3607285714285715,3820642.6,-22395539.0,6.17,6.84,5.53
2024-10-28,6.21,6.54,6.2,6.49,3670145.0,6.021,6.066215104493525,0.3273655369300785,65.62499968098957,0.75,7.076569689040473,4.965430310959527,0.35930000000000006,3826977.2,-18725394.0,6.17,6.94,5.74
2024-10-29,6.54,6.56,6.36,6.42,2345270.0,6.062500000000001,6.09990890406557,0.3154386585214315,68.72727237738842,0.7000000000000002,7.111968537177872,5.01303146282213,0.3589428571428571,3845852.15,-21070664.0,6.49,6.67,5.72
2024-10-30,6.36,6.495,6.295,6.33,3552614.0,6.0840000000000005,6.121822341773611,0.2953200083891421,66.43109507772601,-0.2699999999999996,7.137063700777252,5.030936299222749,0.36215714285714284,3868700.35,-24623278.0,6.42,6.36,6.6
2024-10-31,6.3,6.3799,5.93,6.02,3740319.0,6.1045,6.11212497589041,0.2514627183041416,58.13953461330447,-0.6200000000000001,7.134420283067397,5.074579716932603,0.3800071428571429,3890960.7,-28363597.0,6.33,6.17,6.64
2024-11-01,5.88,5.97,5.56,5.6,6035093.0,6.101,6.063351168662752,0.18073164808629638,47.82608674858223,-1.2400000000000002,7.137591580740988,5.064408419259012,0.39429285714285717,4053888.05,-34398690.0,6.02,6.17,6.84
2024-11-04,5.49,5.67,5.33,5.63,4851356.0,6.1125,6.022079628790109,0.12564910990322176,48.60681093483116,-1.3100000000000005,7.121071162325012,5.103928837674988,0.3978642857142857,4140231.5,-29547334.0,5.6,6.49,6.94
2024-11-05,5.64,5.87,5.58,5.85,3098433.0,6.125500000000001,6.00569109271486,0.0986112340057419,35.40856011839696,-0.8200000000000003,7.112179172514362,5.138820827485639,0.3567642857142857,4184161.5,-26448901.0,5.63,6.42,6.67
2024-11-06,6.1,6.17,5.72,6.05,4814944.0,6.1585,6.009910988646778,0.09225835421121786,39.194138993143625,-0.3100000000000005,7.083845454695842,5.233154545304158,0.3578357142857143,4310692.45,-21633957.0,5.85,6.33,6.36
2024-11-07,6.09,6.44,6.09,6.35,3348689.0,6.206,6.042300418299466,0.11016127341233872,41.342755979223114,0.17999999999999972,7.062366866784471,5.34963313321553,0.3474071428571429,4369461.95,-18285268.0,6.05,6.02,6.17
2024-11-08,6.4,6.528,6.12,6.31,2905510.0,6.244999999999999,6.06779561655666,0.11974149474187179,38.62815864953276,0.13999999999999968,7.0406328166606125,5.449367183339386,0.3497642857142857,4419261.3,-21190778.0,6.35,5.6,6.17
2024-11-11,6.34,6.46,6.0,6.42,3849119.0,6.279,6.101338891170312,0.13465771949011174,45.21072772683901,-0.07000000000000028,7.0411824619230545,5.516817538076945,0.35190714285714286,4505407.6,-17341659.0,6.31,5.63,6.49
2024-11-12,6.45,6.7799,6.33,6.71,3961988.0,6.3285,6.159306615820759,0.16794356258912302,56.75675644996346,0.29000000000000004,7.06601431743457,5.59098568256543,0.3533285714285714,4561292.25,-13379671.0,6.42,5.85,6.42
2024-11-13,6.8,6.8677,6.34,6.38,3636279.0,6.3175,6.180325033361639,0.1657835415119857,53.84615357001972,0.04999999999999982,7.0444510951479264,5.590548904852073,0.3638785714285714,4183723.6,-17015950.0,6.71,6.05,6.33
2024-11-14,6.4,6.7,6.36,6.7,3782858.0,6.3205,6.229817887327197,0.1877290117048327,58.68852432077398,0.6800000000000006,7.053524735706663,5.587475264293337,0.37253571428571425,3911592.05,-13233092.0,6.38,6.35,6.02
2024-11-15,6.75,7.15,6.55,6.64,6695617.0,6.3105,6.268882850438892,0.19799706941486495,52.688171778625644,1.04,7.01872164238095,5.60227835761905,0.3911071428571429,3964134.15,-19928709.0,6.7,6.31,5.6
2024-11-18,7.05,7.34,6.88,7.29,8021105.0,6.327999999999999,6.366132102778045,0.25563731896618513,62.908011608097276,1.6600000000000001,7.114667856079934,5.541332143920065,0.4096785714285715,4091197.8,-11907604.0,6.64,6.42,5.63
2024-11-19,7.3,7.32,7.1401,7.23,3706252.0,6.356,6.448405235846803,0.29309748805665325,63.473053626160855,1.3800000000000008,7.2290442805433175,5.482955719456682,0.4082428571428572,4105573.05,-15613856.0,7.29,6.71,5.85
2024-11-20,7.17,7.19,6.78,6.94,4652421.0,6.385,6.495223784813774,0.29597257793609266,63.855421417477146,0.8900000000000006,7.2962975133811465,5.473702486618853,0.40539285714285717,4152252.35,-20266277.0,7.23,6.38,6.05
2024-11-21,7.02,7.13,6.875,7.06,4071667.0,6.4295,6.549011995783891,0.30442488393349443,74.17218508661901,0.71,7.382555474168228,5.476444525831772,0.3943214285714286,4173106.2,-16194610.0,6.94,6.7,6.35
2024-11-22,7.06,7.13,6.82,6.98,4583753.0,6.470000000000001,6.590058472375901,0.30119606516870423,71.98697035575975,0.6700000000000008,7.445208479735122,5.494791520264879,0.39217857142857143,4266171.6,-20778363.0,7.06,6.64,6.31
2024-11-25,7.06,7.1,6.76,6.96,4892830.0,6.4935,6.625290998816292,0.29363848847072394,69.33797875584261,0.54,7.493084650584495,5.493915349415505,0.39575,4327305.85,-25671193.0,6.98,7.29,6.42
2024-11-26,6.99,7.2499,6.865,6.94,4028232.0,6.519499999999999,6.655263284643311,0.28277556098973644,66.5427505830489,0.23000000000000043,7.537908975856545,5.501091024143453,0.39109999999999995,4411453.95,-29699425.0,6.96,7.23,6.71
2024-11-27,6.98,7.1,6.8,6.8,4619555.0,6.542999999999999,6.6690477337249,0.25987411568711494,58.8932803065194,0.41999999999999993,7.564682822344389,5.521317177655609,0.38752857142857133,4464801.0,-34318980.0,6.94,6.94,6.38
2024-11-29,7.09,7.47,7.03,7.26,4329798.0,6.6049999999999995,6.725328901941577,0.27566501619708017,66.10169460155129,0.5599999999999996,7.64340971530606,5.566590284693939,0.3898142857142856,4494274.95,-29989182.0,6.8,7.06,6.7
2024-12-02,7.36,7.38,6.97,7.03,7356115.0,6.6765,6.75434519699476,0.2665477443323141,59.9348531468769,0.39000000000000057,7.615733169861629,5.7372668301383705,0.38624285714285705,4560326.05,-37345297.0,7.26,6.98,6.64
2024-12-03,7.1,7.12,6.77,6.98,3910432.0,6.744,6.775836130614307,0.252378397494315,54.77031775025285,-0.3099999999999996,7.55134522714225,5.936654772857749,0.37910714285714286,4513279.85,-41255729.0,7.03,6.96,7.29
2024-12-04,7.06,7.1999,6.84,6.88,3465508.0,6.7955,6.78575649912723,0.23042374230792895,59.61538429437871,-0.35000000000000053,7.485625084009298,6.105374915990701,0.3671214285714286,4531633.6,-44721237.0,6.98,6.94,7.23
2024-12-05,6.8,6.89,6.58,6.75,6184841.0,6.830499999999999,6.78235111825797,0.2002265196712294,51.03734410185775,-0.1900000000000004,7.425937919341188,6.2350620806588095,0.36497857142857143,4600128.45,-50906078.0,6.88,6.8,6.94
2024-12-06,6.73,6.85,6.63,6.69,3526730.0,6.847499999999999,6.773555773661973,0.16949961852087547,51.03734410185777,-0.3699999999999992,7.403268789487418,6.29173121051258,0.33783571428571424,4609030.5,-54432808.0,6.75,7.26,7.06
2024-12-09,6.83,6.84,6.37,6.37,4140521.0,6.850499999999999,6.735121890456071,0.11796715045701145,27.884615196930454,-0.6100000000000003,7.394577200404399,6.3064227995956,0.33854999999999996,4670781.05,-58573329.0,6.69,7.03,6.98
2024-12-10,6.41,6.49,6.3,6.41,3302032.0,6.85,6.704157900888826,0.07943923786615059,30.097087174097453,-0.5499999999999998,7.395758766836445,6.3042412331635544,0.33927142857142856,4643426.7,-55271297.0,6.37,6.98,6.96
2024-12-11,6.45,6.48,6.26,6.4,3978873.0,6.8345,6.675190481756557,0.047550540105606665,34.831460400201976,-0.54,7.413590939135958,6.255409060864043,0.3257,4644270.95,-59250170.0,6.41,6.88,6.94
2024-12-12,6.35,6.43,6.14,6.16,4974992.0,6.8235,6.626124721589266,0.002879332001437085,26.3157892797784,-0.6399999999999997,7.445695603022831,6.201304396977169,0.3282,4711206.6,-64225162.0,6.4,6.75,6.8
2024-12-13,6.15,6.22,5.95,5.97,3468635.0,6.787000000000001,6.563636652866478,-0.04730898582376408,24.87562171728422,-1.29,7.516155243018213,6.057844756981789,0.32534285714285716,4695495.45,-67693797.0,6.16,6.69,7.26
2024-12-16,5.97,5.99,5.8,5.83,4970838.0,6.7465,6.493766495450623,-0.09725927487969344,23.474178249465496,-1.2000000000000002,7.590906362637716,5.9020936373622845,0.3146285714285715,4609256.5,-72664635.0,5.97,6.37,7.03
2024-12-17,5.74,5.8,5.53,5.55,4952776.0,6.6594999999999995,6.4038839720743725,-0.15762193126389068,20.920501969503334,-1.4300000000000006,7.6188523034345454,5.700147696565454,0.30642142857142857,4455840.05,-77617411.0,5.83,6.41,6.98
2024-12-18,5.58,5.7785,5.33,5.35,5773345.0,6.5655,6.303514069972051,-0.21907276539663556,20.408163148688047,-1.5300000000000002,7.6497698246430605,5.48123017535694,0.3170285714285715,4559194.7,-83390756.0,5.55,6.4,6.88
2024-12-19,5.41,5.52,5.38,5.41,3362963.0,6.489,6.218417491879475,-0.25993512529668994,4.878048747174319,-1.3399999999999999,7.673299037627844,5.304700962372156,0.29560000000000003,4494721.8,-80027793.0,5.35,6.16,6.75
2024-12-20,5.33,5.4489,5.2801,5.3,5606678.0,6.401000000000001,6.130949159319525,-0.29776249985887127,5.181347112674189,-1.3900000000000006,7.665493241537758,5.136506758462243,0.2783714285714286,4571472.35,-85634471.0,5.41,5.97,6.69
2024-12-23,5.35,5.45,5.2975,5.4,4329408.0,6.322,6.0613349536700465,-0.31602881896190915,10.10101002958885,-0.9699999999999998,7.630829931455427,5.013170068544573,0.26426428571428573,4558755.1,-81305063.0,5.3,5.83,6.37
2024-12-24,5.52,5.55,5.23,5.35,2134844.0,6.2415,5.993588767606233,-0.330727173598623,10.362694225348363,-1.0600000000000005,7.582752752976993,4.900247247023008,0.26141428571428565,4420855.8,-83439907.0,5.4,5.55,6.41
2024-12-26,5.3,5.37,5.255,5.33,2678511.0,6.1610000000000005,5.93038983735802,-0.34006944946956796,10.989010904480182,-1.0700000000000003,7.518891554463815,4.803108445536186,0.24748571428571425,4353369.75,-86118418.0,5.35,5.35,6.4
2024-12-27,5.3,5.3548,5.07,5.2,5560930.0,6.0809999999999995,5.86082890046678,-0.35388383142577595,10.58201050362537,-0.96,7.468582524809911,4.693417475190088,0.2521142857142857,4400438.5,-91679348.0,5.33,5.41,6.16
2024-12-30,5.12,5.235,5.1,5.11,3747065.0,5.9735,5.789321386136611,-0.3678536881558401,12.048192669473138,-0.8599999999999994,7.308632952181153,4.638367047818846,0.2281857142857143,4371301.85,-95426413.0,5.2,5.3,5.97
2024-12-31,5.12,5.1681,5.05,5.13,3393328.0,5.878500000000001,5.726528873171219,-0.37301122618474203,10.975609662403357,-0.7000000000000002,7.166669243539051,4.590330756460951,0.22305,4173162.5,-92033085.0,5.11,5.4,5.83
2025-01-02,5.25,5.7,5.23,5.68,7303092.0,5.8134999999999994,5.722097551916817,-0.3289265482736763,33.48623831706085,0.1299999999999999,6.994369884538724,4.632630115461275,0.2409071428571428,4342795.5,-84729993.0,5.13,5.35,5.55
2025-01-03,5.7,5.77,5.46,5.74,4968204.0,5.756500000000001,5.723802546972358,-0.28585249522912637,39.499999723500004,0.39000000000000057,6.825356250489515,4.687643749510487,0.24233571428571418,4417930.3,-79761789.0,5.68,5.33,5.35
2025-01-06,5.95,6.05,5.8,5.83,5145564.0,5.710500000000001,5.733916590117848,-0.24166795229987592,46.31578913240999,0.41999999999999993,6.673247712484802,4.747752287515199,0.2409071428571428,4365966.45,-74616225.0,5.74,5.2,5.41
2025-01-07,5.86,5.9349,5.44,5.45,4806693.0,5.6485,5.706876914868529,-0.23460977248578097,41.12149505808368,0.15000000000000036,6.498794685759921,4.79820531424008,0.26268571428571413,4429964.6,-79422918.0,5.83,5.11,5.3
2025-01-08,5.42,5.44,5.21,5.4,4526525.0,5.6,5.677650542023907,-0.2303948478737592,46.07329809160935,0.0,6.385178491273087,4.814821508726912,0.25982857142857135,4449264.8,-83949443.0,5.45,5.13,5.4
2025-01-10,5.4,5.45,5.255,5.28,4384354.0,5.5435,5.639779061831154,-0.2340396237717588,48.0874313261071,-0.0699999999999994,6.240992501374512,4.846007498625488,0.2417214285714285,4503380.9,-88333797.0,5.4,5.68,5.35
2025-01-13,5.21,5.395,5.12,5.24,4700828.0,5.4855,5.601704865466282,-0.23741898239529835,45.303867052898276,-0.08999999999999986,6.066260843975152,4.904739156024848,0.25136428571428565,4539478.65,-93034625.0,5.28,5.74,5.33
2025-01-14,5.31,5.3294,5.115,5.15,4789199.0,5.4350000000000005,5.558685354469493,-0.24454048579100096,45.810055507630864,-0.04999999999999982,5.9394434139670516,4.930556586032949,0.25462142857142844,4530189.0,-97823824.0,5.24,5.83,5.2
2025-01-15,5.24,5.3159,5.15,5.17,4563425.0,5.3950000000000005,5.521667701662875,-0.24573778348517283,43.274853446872534,0.05999999999999961,5.844725062209064,4.945274937790937,0.2555785714285713,4584928.5,-93260399.0,5.15,5.45,5.11
2025-01-16,5.14,5.19,4.9701,5.07,5385321.0,5.357000000000001,5.478651730075935,-0.251852614630347,42.04545421100208,-0.05999999999999961,5.779578550779555,4.934421449220447,0.24842857142857136,4605652.65,-98645720.0,5.17,5.4,5.13
2025-01-17,5.08,5.27,4.99,5.21,5194587.0,5.34,5.453065851021084,-0.24260523031810255,46.808510289723856,-0.46999999999999975,5.7572087701555885,4.922791229844411,0.26021428571428556,4617743.2,-93451133.0,5.07,5.28,5.68
2025-01-21,5.29,5.6,5.28,5.58,6612179.0,5.3515,5.465154817590505,-0.20307972716386402,58.96226376156996,-0.16000000000000014,5.7823266228395935,4.920673377160406,0.26272857142857126,4659684.9,-86838954.0,5.21,5.24,5.74
2025-01-22,5.68,5.9191,5.5,5.83,7518103.0,5.3725000000000005,5.49990197781998,-0.14985513378474735,65.78947328024009,0.0,5.853370920419673,4.891629079580328,0.28302142857142837,4867441.9,-79320851.0,5.58,5.15,5.83
2025-01-23,5.74,5.925,5.61,5.88,6334182.0,5.4015,5.536101789456173,-0.10245859898589949,66.23376583234948,0.4299999999999997,5.931416577347196,4.8715834226528045,0.29708571428571406,4903817.1,-72986669.0,5.83,5.17,5.45
2025-01-24,5.9,5.95,5.65,5.71,5864445.0,5.417,5.55266352379368,-0.0777181959499238,50.777201704206824,0.3099999999999996,5.964572633970764,4.869427366029235,0.2849428571428569,4980568.95,-78851114.0,5.88,5.07,5.4
2025-01-27,5.44,5.44,5.065,5.17,7094916.0,5.408,5.516219378670472,-0.10052593492799922,38.17427363716188,-0.11000000000000032,5.966026598121026,4.849973401878975,0.28958571428571406,5228572.55,-85946030.0,5.71,5.21,5.28
2025-01-28,5.27,5.32,5.1005,5.27,3928848.0,5.404999999999999,5.492769914035189,-0.10927244341591713,38.429751843794804,0.02999999999999936,5.9654321640719,4.844567835928099,0.28740714285714264,5291089.4,-82017182.0,5.17,5.58,5.24
2025-01-29,5.27,5.66,5.255,5.56,7112320.0,5.423,5.499172779365171,-0.09174594786182855,52.36051470684668,0.40999999999999925,5.978815190792575,4.8671848092074255,0.2809857142857141,5368658.9,-74904862.0,5.27,5.83,5.15
2025-01-30,5.59,5.77,5.49,5.54,7346197.0,5.4445,5.5030610860922975,-0.07856426675407491,53.04347793799622,0.3700000000000001,5.982311354130399,4.9066886458696,0.2845571428571426,5548615.5,-82251059.0,5.56,5.88,5.17
2025-01-31,5.54,5.59,5.29,5.31,7221334.0,5.4535,5.484674315988269,-0.08568899788897699,50.622406344932074,0.23999999999999932,5.974926181887609,4.932073818112391,0.2920571428571426,5740015.8,-89472393.0,5.54,5.71,5.07
2025-02-03,5.2,5.55,5.16,5.25,8894144.0,5.432,5.462324381132244,-0.0950808641868166,50.20576102762112,0.040000000000000036,5.949548878952761,4.9144511210472395,0.30027142857142836,5819568.4,-98366537.0,5.31,5.17,5.21
2025-02-04,5.45,5.5028,5.27,5.41,7453207.0,5.4155,5.4573411067386965,-0.08859208861746914,55.19999969088,-0.16999999999999993,5.91233101013481,4.918668989865189,0.30158571428571407,5943818.55,-90913330.0,5.25,5.27,5.58
2025-02-05,5.39,5.4532,5.26,5.33,7055574.0,5.3905,5.445213382287392,-0.08888046002476191,53.12499970947266,-0.5,5.848296783231208,4.932703216768792,0.30353571428571413,6039319.05,-97968904.0,5.41,5.56,5.83
2025-02-06,5.3,5.37,5.02,5.07,10117590.0,5.371499999999999,5.4094787744504975,-0.1088342500444357,49.99999974264706,-0.8099999999999996,5.849974549727404,4.893025450272595,0.3128285714285713,6304863.9,-108086494.0,5.33,5.54,5.88
2025-02-07,5.12,5.28,5.08,5.19,7568958.0,5.361,5.388576034026641,-0.11365463538697984,49.62962937229082,-0.5199999999999996,5.846013293360959,4.875986706639041,0.3071142857142856,6456985.55,-100517536.0,5.07,5.31,5.71
2025-02-10,5.26,5.3688,5.05,5.07,6709889.0,5.3505,5.358235459357437,-0.12570873062245358,39.59183650845481,-0.09999999999999964,5.851718515220659,4.8492814847793415,0.30702857142857143,6573262.3,-107227425.0,5.19,5.25,5.17
2025-02-11,5.2,5.21,4.96,4.98,6577780.0,5.3375,5.322213034656729,-0.140899731383894,31.44104784271849,-0.28999999999999915,5.86365286952108,4.811347130478921,0.29495,6667109.9,-113805205.0,5.07,5.41,5.27
2025-02-12,4.94,5.11,4.87,5.03,7945108.0,5.3315,5.294383221832279,-0.14720721367409517,31.44104784271849,-0.5299999999999994,5.869264378065146,4.793735621934855,0.28959285714285715,6824905.35,-105860097.0,4.98,5.33,5.56
2025-02-13,5.04,5.05,4.885,5.03,8508909.0,5.3245,5.269203867372061,-0.15047139821856526,33.96226392666429,-0.5099999999999998,5.874618647489605,4.774381352510394,0.27995000000000003,7022179.55,-105860097.0,5.03,5.07,5.54
2025-02-14,4.97,5.0,4.74,4.8,10618610.0,5.311,5.224517784765198,-0.1696616123406578,39.77900521717896,-0.5099999999999998,5.899339322070811,4.722660677929189,0.2717357142857143,7283844.0,-116478707.0,5.03,5.19,5.31
2025-02-18,4.78,4.98,4.72,4.94,8835694.0,5.2975,5.197420852882798,-0.171595123549241,41.081080770197254,-0.3099999999999996,5.907586275175815,4.687413724824186,0.2746285714285715,7465899.35,-107643013.0,4.8,5.07,5.25
2025-02-19,4.9,4.9,4.78,4.87,6511556.0,5.2620000000000005,5.166237914513008,-0.17673852835882364,28.834355580563837,-0.54,5.88535594292423,4.638644057075771,0.25427142857142865,7460868.2,-114154569.0,4.94,4.98,5.41
2025-02-20,4.87,5.07,4.855,4.87,7927851.0,5.214,5.138024779797483,-0.17875414718845306,29.192546330002713,-0.45999999999999996,5.799918981286313,4.628081018713688,0.24962857142857153,7481355.6,-114154569.0,4.87,5.03,5.33
2025-02-21,4.91,4.91,4.57,4.64,9810659.0,5.152,5.090593848388199,-0.19664382977931982,29.192546330002713,-0.4300000000000006,5.702544228349037,4.601455771650963,0.25248571428571437,7655179.45,-123965228.0,4.87,5.03,5.07
2025-02-24,4.68,4.6894,4.52,4.56,12817107.0,5.0945,5.040061100922657,-0.21480077391997732,28.834355580563823,-0.6300000000000008,5.639852614080313,4.549147385919687,0.2367285714285716,8002812.55,-136782335.0,4.64,4.8,5.19
2025-02-25,4.53,4.55,4.29,4.36,16789035.0,5.054,4.9752933770252605,-0.2425328438430565,18.56287409588012,-0.71,5.688728288325031,4.41927171167497,0.2386714285714287,8487518.5,-153571370.0,4.56,4.94,5.07
2025-02-26,4.45,4.61,4.41,4.44,15825419.0,5.0125,4.9243130554038075,-0.2551145756193369,23.353293217397564,-0.54,5.694536424401623,4.330463575598377,0.239157142857143,9082347.05,-137745951.0,4.36,4.87,4.98
2025-02-27,4.45,4.54,3.99,4.02,20141348.0,4.935499999999999,4.838188002508207,-0.29556904267346695,21.31147524679747,-1.0100000000000007,5.70001498212577,4.170985017874228,0.25344285714285725,9733798.45,-157887299.0,4.44,4.87,5.03
2025-02-28,4.11,4.475,3.97,4.12,15406004.0,4.8645000000000005,4.769789145126473,-0.31591862178797303,20.44198879216144,-0.9100000000000001,5.655913791561482,4.073086208438519,0.2752285714285715,10136788.8,-142481295.0,4.02,4.64,5.03
2025-03-03,4.15,4.19,3.7801,3.8,14699956.0,4.789,4.677428274162047,-0.3537888775410707,18.407960070790352,-1.0,5.68293041057311,3.895069589426889,0.2817357142857143,10510719.9,-157181251.0,4.12,4.56,4.8
2025-03-04,3.8,4.195,3.74,4.04,17594294.0,4.7285,4.616720819479947,-0.3602822246121171,28.240740557698928,-0.9000000000000004,5.654277624770853,3.802722375229148,0.29637857142857144,10945727.4,-139586957.0,3.8,4.36,4.94
2025-03-05,4.08,4.2,4.01,4.16,12266827.0,4.6659999999999995,4.573223598577095,-0.3516911748858771,30.493273351163324,-0.71,5.56648875617636,3.765511243823638,0.29280714285714293,11186408.4,-127320130.0,4.04,4.44,4.87
2025-03-06,4.05,4.28,4.05,4.19,7764387.0,4.609,4.536726112998324,-0.33855925644069274,31.415929008927904,-0.6799999999999997,5.47622546088088,3.7417745391191204,0.29745000000000005,11221849.05,-119555743.0,4.16,4.02,4.87
2025-03-07,4.11,4.16,4.01,4.07,5604473.0,4.559,4.492276006998484,-0.33398514077633834,33.02325559891837,-0.5699999999999994,5.429617445748799,3.6883825542512017,0.28959285714285726,10996193.2,-125160216.0,4.19,4.12,4.64
2025-03-10,4.0,4.1,3.88,3.96,6394703.0,4.4975000000000005,4.4415830539510095,-0.3353702622270429,26.886792275275923,-0.5999999999999996,5.35409976528995,3.6409002347100503,0.2867357142857143,10937480.45,-131554919.0,4.07,3.8,4.56
2025-03-11,3.98,4.2256,3.95,4.16,6824768.0,4.452,4.41476562024139,-0.31667917205620366,34.22222200928398,-0.20000000000000018,5.276636443020776,3.6273635569792235,0.29785,10943224.4,-124730151.0,3.96,4.04,4.36
2025-03-12,4.24,4.34,4.13,4.16,6347274.0,4.411,4.390502227837448,-0.29842627608695693,34.22222200928398,-0.28000000000000025,5.206114026910316,3.615885973089683,0.2974928571428572,10931699.1,-124730151.0,4.16,4.16,4.44
2025-03-13,4.13,4.22,4.08,4.18,5222290.0,4.368499999999999,4.370454396614834,-0.27912926327815235,38.72548993031528,0.16000000000000014,5.113596955895189,3.6234030441048093,0.2832071428571429,10795558.2,-119507861.0,4.16,4.19,4.02
2025-03-14,4.24,4.27,4.11,4.13,3980302.0,4.323500000000001,4.3475539778896115,-0.26481816477235753,39.30348231330909,0.009999999999999787,5.006504970314094,3.6404950296859084,0.2825357142857142,10569127.85,-123488163.0,4.18,4.07,4.12
2025-03-17,4.2,4.4,4.19,4.35,5771128.0,4.301,4.347786932376315,-0.23303803728465677,49.753694238151844,0.5499999999999998,4.946532012333579,3.6554679876664213,0.27896428571428566,10326753.75,-117717035.0,4.13,3.96,3.8
2025-03-18,4.3,4.31,4.1301,4.25,8014636.0,4.2665,4.338473891197618,-0.21346058085087805,45.36585334872099,0.20999999999999996,4.837713850635616,3.6952861493643834,0.2775285714285714,10285700.85,-125731671.0,4.35,4.16,4.04
2025-03-19,4.25,4.325,4.2,4.28,5240140.0,4.237,4.332904949178798,-0.1932963562278216,57.83132481347077,0.1200000000000001,4.732966891934141,3.741033108065859,0.24717142857142854,10222130.05,-120491531.0,4.25,4.16,4.16
2025-03-20,4.22,4.42,4.19,4.35,7547841.0,4.211,4.334533049257008,-0.1697113214806656,57.05521423388158,0.15999999999999925,4.6128326438758895,3.809167356124111,0.22752857142857139,10203129.55,-112943690.0,4.28,4.18,4.19
2025-03-21,4.3,4.3836,4.22,4.36,8859444.0,4.197,4.336958473137293,-0.14850126495248794,71.21212045684116,0.29000000000000004,4.552770475979985,3.841229524020015,0.20993571428571428,10155568.8,-104084246.0,4.35,4.13,4.07
2025-03-24,4.44,4.4494,4.27,4.29,5767429.0,4.1835,4.332486237600408,-0.1357754227728325,60.86956447637051,0.33000000000000007,4.499546299073369,3.8674537009266317,0.19025,9803084.9,-109851675.0,4.36,4.35,3.96
2025-03-25,4.29,4.32,4.13,4.18,5730355.0,4.1745,4.317963738781321,-0.13303266411044934,50.8771923576485,0.019999999999999574,4.479440028616629,3.8695599713833704,0.19025,9250150.9,-115582030.0,4.29,4.25,4.16
2025-03-26,4.19,4.23,4.1101,4.13,6344295.0,4.159000000000001,4.300062430325958,-0.1333563413509138,47.41379253121283,-0.03000000000000025,4.437484621138416,3.880515378861585,0.1823857142857143,8776094.7,-121926325.0,4.18,4.28,4.16
2025-03-27,4.22,4.22,4.02,4.02,5552800.0,4.159000000000001,4.273389817913961,-0.1408651330196431,47.826086374291094,-0.16000000000000014,4.437484621138416,3.880515378861585,0.18595714285714285,8046667.3,-127479125.0,4.13,4.35,4.18
2025-03-28,4.0,4.0356,3.75,3.75,5673998.0,4.1405,4.223543168588822,-0.1666812503325259,41.98473237573569,-0.3799999999999999,4.473680842312839,3.8073191576871617,0.19064285714285711,7560067.0,-133153123.0,4.02,4.36,4.13
2025-03-31,3.7,3.78,3.545,3.73,11389234.0,4.1370000000000005,4.176539057294649,-0.18660349323768965,30.973450943691745,-0.6199999999999997,4.486321146164926,3.787678853835075,0.18774285714285713,7394530.9,-144542357.0,3.75,4.29,4.35
2025-04-01,3.73,3.7567,3.6,3.67,4780181.0,4.1185,4.128297242314206,-0.20487187735726042,29.41176435986158,-0.5800000000000001,4.5241067579631125,3.7128932420368876,0.18393571428571426,6753825.25,-149322538.0,3.73,4.18,4.25
2025-04-02,3.63,3.79,3.58,3.77,3852159.0,4.099,4.094173695427139,-0.20887278369188378,33.8582673432947,-0.5100000000000002,4.532730452312544,3.665269547687457,0.18893571428571426,6333091.85,-145470379.0,3.67,4.13,4.28
2025-04-03,3.56,3.7371,3.5,3.63,5110913.0,4.071,4.04996667681503,-0.2207951714618379,31.617646733347755,-0.7199999999999998,4.549941816046566,3.5920581839534336,0.19444285714285717,6200418.15,-150581292.0,3.77,4.02,4.35
2025-04-04,3.53,3.55,3.285,3.45,8793204.0,4.04,3.992826993308837,-0.2419788636296154,15.909090740358153,-0.9100000000000001,4.593648187741605,3.4863518122583947,0.1983714285714286,6359854.7,-159374496.0,3.63,3.75,4.36
2025-04-07,3.21,3.625,3.2,3.45,10159551.0,4.0145,3.941129184422281,-0.2558181795601584,17.213114556570844,-0.8399999999999999,4.627464324539354,3.4015356754606456,0.21587857142857142,6548097.1,-159374496.0,3.45,3.73,4.29
2025-04-08,3.59,3.65,3.36,3.44,8770431.0,3.9784999999999995,3.893402595429683,-0.2645433623597553,14.999999825000017,-0.7399999999999998,4.638269497228978,3.3187305027710208,0.2276642857142857,6645380.25,-168144927.0,3.45,3.67,4.18
2025-04-09,3.41,3.87,3.37,3.81,10685840.0,3.961,3.8854594911030462,-0.23884892310177896,31.999999701333365,-0.31999999999999984,4.619064146609377,3.3029358533906223,0.24695000000000003,6862308.55,-157459087.0,3.44,3.77,4.13
2025-04-10,3.64,3.82,3.64,3.79,6303207.0,3.9415,3.876368110997994,-0.21759146871901347,31.125827525985713,-0.22999999999999954,4.5953396713182615,3.2876603286817385,0.24812142857142855,6916354.4,-163762294.0,3.81,3.63,4.02
2025-04-11,3.79,4.17,3.79,4.11,8112820.0,3.9404999999999992,3.8986187670934234,-0.17293002760751364,44.88636327931303,0.3600000000000003,4.593185948499367,3.2878140515006313,0.26244999999999996,7122980.3,-155649474.0,3.79,3.45,3.75
2025-04-14,4.3,4.3588,4.135,4.25,9743505.0,3.9354999999999998,3.9320836464178592,-0.12480006630810436,51.95530685621548,0.52,4.576403145651011,3.294596854348988,0.2648642857142856,7321599.15,-145905969.0,4.11,3.45,3.73
2025-04-15,4.32,4.39,4.06,4.13,5507602.0,3.9295,3.9509328229494916,-0.09524183376516993,49.99999962365592,0.45999999999999996,4.560171321521419,3.298828678478581,0.27987142857142844,7196247.45,-151413571.0,4.25,3.44,3.67
2025-04-16,4.14,4.67,4.14,4.43,13294888.0,3.937,3.996558268382873,-0.04706667341084714,59.99999959024391,0.6599999999999997,4.588446972435083,3.285553027564917,0.30344285714285707,7598984.85,-138118683.0,4.13,3.81,3.77
2025-04-17,4.91,5.12,4.62,4.95,21033119.0,3.967,4.087362242822599,0.03269525191987199,76.08695605860113,1.3200000000000003,4.742061287899284,3.1919387121007166,0.31875714285714274,8273248.75,-117085564.0,4.43,3.79,3.63
2025-04-21,5.08,5.0972,4.36,4.49,11300184.0,3.9735,4.125708695887114,0.05811903670126295,63.86861281235015,1.04,4.764456116954325,3.1825438830456747,0.35462857142857135,8395285.75,-128385748.0,4.95,4.11,3.45
2025-04-22,4.58,4.65,4.3125,4.35,8045175.0,3.9765,4.147069772469293,0.06620754002911955,62.05673728056938,0.8999999999999995,4.772946714112845,3.180053285887155,0.367542857142857,8509173.05,-136430923.0,4.49,4.25,3.45
2025-04-23,4.45,4.55,4.39,4.48,8465358.0,3.9915000000000007,4.178777413186503,0.08216055500075559,62.4561400440751,1.0400000000000005,4.814927368733298,3.1680726312667034,0.3639714285714285,8645923.2,-127965565.0,4.35,4.13,3.44
2025-04-24,4.51,4.83,4.51,4.81,8927360.0,4.025499999999999,4.2388938500258835,0.12004783960815324,69.40789441720048,0.9999999999999996,4.9255929776534995,3.1254070223464994,0.36989285714285713,8775076.45,-119038205.0,4.48,4.43,3.81
2025-04-25,4.75,4.7659,4.5,4.51,7442564.0,4.05,4.2647134833567515,0.12443191911983931,66.77215160290818,0.7199999999999998,4.9757713711165605,3.124228628883439,0.3699571428571428,8869564.65,-126480769.0,4.81,4.95,3.79
2025-04-28,4.52,4.63,4.41,4.61,6228391.0,4.093,4.297597913513251,0.13442591965896789,67.79141075181602,0.5,5.0397528994577545,3.146247100542246,0.3553142857142858,8897284.3,-120252378.0,4.51,4.49,4.11
2025-04-29,4.59,4.615,4.44,4.45,4414015.0,4.129,4.3121123979405604,0.12796052498553312,64.8093838981433,0.20000000000000018,5.07238472366378,3.185615276336219,0.3470999999999999,8548523.35,-124666393.0,4.61,4.35,4.25
2025-04-30,4.35,4.62,4.26,4.52,6702146.0,4.1715,4.331911217184317,0.1270208508113555,61.41479072031926,0.3899999999999997,5.104345674606286,3.2386543253937137,0.3371,8644621.6,-117964247.0,4.45,4.48,4.13
2025-05-01,4.58,4.76,4.43,4.55,8477204.0,4.2105,4.3526815774524765,0.1272302701813146,62.179486900476654,0.1200000000000001,5.137872632764238,3.2831273672357613,0.34781428571428574,8875873.85,-109487043.0,4.52,4.81,4.43
2025-05-02,4.61,4.85,4.56,4.63,10642940.0,4.2605,4.3790928557903355,0.13232619395913048,59.02777749083719,-0.3200000000000003,5.163605169605674,3.357394830394327,0.34138571428571435,9152475.2,-98844103.0,4.55,4.51,4.95
2025-05-05,4.65,4.65,4.37,4.53,6856219.0,4.3145,4.393464964762685,0.1268335280419306,54.929577194009134,0.040000000000000036,5.139311940288313,3.4896880597116864,0.3454000000000001,9055625.95,-105700322.0,4.63,4.61,4.49
2025-05-06,4.47,4.65,4.35,4.61,10530642.0,4.3725000000000005,4.414087349071001,0.1274665273598865,58.57142827857144,0.2600000000000007,5.098581770079767,3.6464182299202337,0.343257142857143,9074180.5,-95169680.0,4.53,4.45,4.35
2025-05-07,4.58,4.83,4.53,4.75,10550413.0,4.438000000000001,4.446079030111858,0.1376779481661492,56.060605763314975,0.2699999999999996,5.034713807801621,3.8412861921983796,0.3268285714285715,9163179.6,-84619267.0,4.61,4.52,4.48
2025-05-08,4.8,4.9,4.6201,4.76,9232744.0,4.4855,4.4759762653393,0.1449070904141756,45.53990580396305,-0.04999999999999982,5.0196978738455496,3.9513021261544505,0.3111071428571431,9090524.8,-75386523.0,4.75,4.55,4.81
2025-05-09,4.87,4.87,4.6,4.76,11485619.0,4.534000000000001,4.5030261448307956,0.14891958544708395,58.08383184839901,0.25,4.969305095669508,4.098694904330493,0.2777357142857145,9349645.4,-75386523.0,4.76,4.63,4.51
2025-05-12,4.8,4.9,4.6434,4.66,6206413.0,4.5615000000000006,4.5179760357992915,0.14238898086663188,59.50920194286577,0.04999999999999982,4.951116545633814,4.171883454366187,0.27195714285714306,9254325.05,-81592936.0,4.76,4.53,4.61
2025-05-13,4.7,4.7,4.52,4.52,6277186.0,4.575,4.518168794294597,0.12448165270967859,51.2195117578822,0.0699999999999994,4.936895594132725,4.213104405867275,0.2733857142857145,9081009.1,-87870122.0,4.66,4.61,4.45
2025-05-14,4.52,4.65,4.4601,4.57,8789168.0,4.5969999999999995,4.523105099599874,0.11302170440768133,41.17647016435989,0.05000000000000071,4.892374873321205,4.301625126678794,0.2640928571428574,9245087.4,-79080954.0,4.52,4.75,4.52
2025-05-15,4.49,4.53,4.41,4.46,5566904.0,4.5985,4.5170950901141715,0.09398018702682798,47.86324729052525,-0.08999999999999986,4.890590469042225,4.306409530957774,0.2536714285714288,8858688.2,-84647858.0,4.57,4.76,4.55
2025-05-16,4.42,4.4578,4.31,4.37,7796617.0,4.5695,4.503086033912822,0.07081113281645113,39.65517193519619,-0.2599999999999998,4.827873454722635,4.311126545277364,0.248514285714286,8196863.1,-92444475.0,4.46,4.76,4.63
2025-05-19,4.32,4.36,4.2,4.35,3861166.0,4.5625,4.48850641163541,0.05025633384460004,45.09803859669356,-0.1800000000000006,4.8370235106412265,4.2879764893587735,0.24744285714285746,7824912.2,-96305641.0,4.37,4.66,4.53
2025-05-20,4.33,4.41,4.24,4.4,4346488.0,4.5649999999999995,4.480077229574895,0.03756802885133137,43.99999938400006,-0.20999999999999996,4.832188086718433,4.297811913281566,0.23387142857142887,7639977.85,-91959153.0,4.35,4.52,4.61
2025-05-21,4.4,4.6282,4.39,4.48,6978419.0,4.5649999999999995,4.4800698743772855,0.03358068985260232,46.66666604444449,-0.2699999999999996,4.832188086718433,4.297811913281566,0.227314285714286,7565630.9,-84980734.0,4.4,4.57,4.75
2025-05-22,4.48,4.54,4.36,4.5,7968597.0,4.5495,4.481967981579449,0.03166946197778486,43.43434282012042,-0.2599999999999998,4.791637412053233,4.307362587946767,0.2194571428571431,7517692.75,-77012137.0,4.48,4.46,4.76
2025-05-23,5.0,5.44,4.74,5.4,33177758.0,4.593999999999999,4.569399602381406,0.10160602746642766,74.3016753965232,0.6400000000000006,5.043720380962077,4.144279619037921,0.2494571428571431,8804452.45,-43834379.0,4.5,4.37,4.76
2025-05-27,5.59,5.6,5.35,5.45,17071995.0,4.636,4.65326630691651,0.15923033344794213,73.86363577608469,0.79,5.2267853827077095,4.045214617292291,0.24588571428571449,9346632.65,-26762384.0,5.4,4.35,4.66
2025-05-28,5.4,5.5482,5.29,5.32,10053185.0,4.6795,4.716764753876843,0.19219262065912268,66.28571375542857,0.8000000000000007,5.336974434163784,4.022025565836216,0.24290000000000017,9628591.15,-36815569.0,5.45,4.4,4.52
2025-05-29,5.27,5.32,5.0,5.03,10279100.0,4.705,4.746596682079049,0.1926936420278933,56.65024591472737,0.45999999999999996,5.375851775926096,4.034148224073904,0.24576428571428588,9807438.85,-47094669.0,5.32,4.48,4.57
2025-05-30,4.98,4.98,4.85,4.89,8620908.0,4.7219999999999995,4.760254140928663,0.17972215002874847,52.99539136316337,0.4299999999999997,5.3935449587175714,4.050455041282428,0.2357642857142859,9814624.05,-55715577.0,5.03,4.5,4.46
2025-06-02,4.95,4.9954,4.82,4.87,6032166.0,4.734,4.770706127506886,0.1659157429065834,55.023923076394766,0.5,5.4071981799393996,4.0608018200606,0.22996428571428584,9584085.35,-61747743.0,4.89,5.4,4.37
2025-06-03,5.28,5.74,5.14,5.58,20613956.0,4.7865,4.847781734410992,0.20984615621079605,69.92481166204986,1.2300000000000004,5.550375851031768,4.022624148968233,0.2599642857142858,10271972.2,-41133787.0,4.87,5.45,4.35
2025-06-04,5.61,5.82,5.43,5.72,12927998.0,4.842,4.930850140657564,0.25304125317323134,70.90909054809916,1.3199999999999994,5.7065436885859,3.9774563114140995,0.274257142857143,10391840.0,-28205789.0,5.58,5.32,4.4
2025-06-05,5.74,5.7596,5.38,5.58,10432830.0,4.8835,4.992673936785415,0.27283181343527385,70.14388453884375,1.0999999999999996,5.807114752224293,3.959885247775706,0.2928000000000001,10385960.85,-38638619.0,5.72,5.03,4.48
2025-06-06,5.67,5.67,5.28,5.47,11024232.0,4.9190000000000005,5.0381335618534715,0.27645311491197067,69.64285679464285,0.9699999999999998,5.876582482361881,3.9614175176381203,0.3101000000000001,10475535.25,-49662851.0,5.58,4.89,4.5
2025-06-09,5.56,5.9,5.52,5.65,14323599.0,4.9635,5.096406555962664,0.29049882843460306,71.95945911911068,0.25,5.971369561318131,3.9556304386818693,0.32581428571428583,10617434.25,-35339252.0,5.47,4.87,5.4
2025-06-10,5.7,5.7,5.3,5.36,10105490.0,4.9985,5.12151069349003,0.2750588737479527,64.999999715625,-0.08999999999999986,6.010600993504428,3.9863990064955717,0.3422428571428573,10812388.1,-45444742.0,5.65,5.58,5.45
2025-06-11,5.4,5.67,5.33,5.41,13301115.0,5.043000000000001,5.148985865538599,0.2638160730817951,64.66876943048493,0.08999999999999986,6.044726929909185,4.041273070090817,0.34951428571428583,11163584.55,-32143627.0,5.36,5.72,5.32
2025-06-12,5.37,5.43,5.29,5.37,10788634.0,5.083,5.170034830725399,0.24881027685524248,63.63636335708179,0.33999999999999986,6.068966797775565,4.097033202224435,0.346657142857143,11263557.85,-42932261.0,5.41,5.58,5.03
2025-06-13,5.58,5.89,5.24,5.62,16678251.0,5.141,5.212888656370599,0.2541611740924985,54.330708361956724,0.7300000000000004,6.108969116514739,4.173030883485261,0.3430857142857144,11819125.2,-26254010.0,5.37,5.47,4.89
2025-06-16,5.9,6.24,5.69,5.8,20239967.0,5.2125,5.268804022430542,0.2698160232203488,56.554306819565426,0.9299999999999997,6.151500028025336,4.2734999719746645,0.3645142857142858,12441292.7,-6014043.0,5.62,5.65,4.87
2025-06-17,5.86,5.91,5.65,5.88,9868458.0,5.289,5.327013163151443,0.2853881583123066,60.68702257648155,0.2999999999999998,6.180217972038383,4.397782027961616,0.3646428571428572,12741657.3,3854415.0,5.8,5.36,5.58
2025-06-18,5.84,6.0789,5.66,5.77,10790922.0,5.3575,5.369202385708448,0.2855613335745275,65.16393405233806,0.04999999999999982,6.167954713173571,4.547045286826429,0.3717071428571429,13063879.0,-6936507.0,5.88,5.41,5.72
2025-06-20,5.73,5.8199,5.39,5.41,12796456.0,5.404,5.373087872783834,0.25372480326914904,59.77443577562328,-0.16999999999999993,6.101284960249009,4.706715039750991,0.39312857142857144,13354780.85,-19732963.0,5.77,5.37,5.58
2025-06-23,5.4,5.6,5.33,5.48,9039119.0,5.453,5.383269980137754,0.2314742475795324,61.25461222968098,0.010000000000000675,6.005510061827871,4.90048993817213,0.3998857142857143,13408306.95,-10693844.0,5.41,5.62,5.47
2025-06-24,5.49,5.74,5.41,5.65,8859032.0,5.4655000000000005,5.408672839172254,0.22496484642579162,51.61290289281999,0.0,6.024238240191788,4.906761759808213,0.38059999999999994,12192370.65,-1834812.0,5.48,5.8,5.65
2025-06-25,5.7,5.815,5.53,5.61,7874192.0,5.4735,5.427846854489182,0.21411030311245405,47.34299484888797,0.25,6.035873728517165,4.911126271482834,0.37309999999999993,11732480.5,-9709004.0,5.65,5.88,5.36
2025-06-26,5.62,5.98,5.6,5.9,12029750.0,5.5024999999999995,5.472813820728308,0.22629993096539458,57.207206846441046,0.4900000000000002,6.0907668567383535,4.9142331432616455,0.3731285714285714,11831308.75,2320746.0,5.61,5.77,5.41
2025-06-27,5.9,5.99,5.45,5.55,14397756.0,5.528499999999999,5.48016488542085,0.20535106468533026,51.626015966356015,0.17999999999999972,6.073188225646446,4.983811774353553,0.38384285714285715,12037241.55,-12077010.0,5.9,5.41,5.37
2025-06-30,5.55,5.8,5.45,5.75,9009885.0,5.5715,5.5058634677617215,0.20255236814470567,52.01612873861862,0.1299999999999999,6.033453517825717,5.1095464821742835,0.38169999999999993,12056690.4,-3067125.0,5.55,5.48,5.62
2025-07-01,5.81,5.82,5.59,5.75,5549697.0,5.6155,5.529114566070129,0.19805136808416268,58.904109212485146,-0.04999999999999982,5.944676004753133,5.286323995246867,0.3695571428571428,12032566.95,-3067125.0,5.75,5.65,5.8
2025-07-02,5.85,6.38,5.76,6.26,16648780.0,5.649500000000001,5.598722702634879,0.23295170857138192,66.037735500178,0.3799999999999999,6.086160774032792,5.212839225967209,0.3895571428571428,11834308.15,13581655.0,5.75,5.61,5.88
2025-07-03,6.24,6.25,6.0533,6.17,5643386.0,5.672000000000001,5.6531300642887,0.25046107267309115,64.81481447873799,0.40000000000000036,6.166500279388958,5.177499720611043,0.3936071428571428,11470077.55,7938269.0,6.26,5.9,5.77
2025-07-07,6.01,6.17,5.79,6.16,7874206.0,5.7010000000000005,5.7014033914993,0.2605272573946804,60.9756094090819,0.75,6.238906272406915,5.163093727593086,0.3743214285714286,11342146.35,64063.0,6.17,5.55,5.41
2025-07-08,6.15,6.17,5.78,5.83,7519104.0,5.718999999999999,5.713650687546985,0.2391201114370105,50.57471237239618,0.34999999999999964,6.2483849460011065,5.189615053998892,0.36289285714285713,11166889.95,-7455041.0,6.16,5.75,5.48
2025-07-09,5.85,5.875,5.57,5.59,6963298.0,5.716,5.701874431590129,0.20047781632559403,44.76534273403798,-0.0600000000000005,6.2477062901145075,5.184293709885493,0.36610714285714285,10798874.9,-14418339.0,5.83,5.75,5.65
2025-07-10,6.05,6.7,6.0,6.51,31998638.0,5.7735,5.778838771438688,0.24130817979869512,60.335195294778565,0.8999999999999995,6.385735764700909,5.161264235299091,0.3861857142857143,11893532.3,17580299.0,5.59,6.26,5.61
2025-07-11,6.34,6.68,6.13,6.6,15683117.0,5.833,5.857044602730242,0.27772731722293376,67.9758305281989,0.6999999999999993,6.522869552886598,5.1431304471134025,0.39476428571428573,12012632.4,33263416.0,6.51,6.17,5.9
2025-07-14,6.6,7.02,6.43,7.01,15514360.0,5.915,5.966849878660695,0.33580239848439764,70.95890383741789,1.46,6.748142434274849,5.0818575657251515,0.4176214285714286,12248918.7,48777776.0,6.6,6.16,5.55
2025-07-15,7.1,7.8,6.87,7.76,23846156.0,6.022,6.13762608069301,0.4373050701452659,74.94089809712231,2.01,7.181411829107166,4.862588170892835,0.4604785714285714,12607313.95,72623932.0,7.01,5.83,5.75
2025-07-16,7.84,8.285,7.56,8.24,22986833.0,6.144,6.337852168246056,0.5501370200773392,78.15845800980333,2.49,7.662841663900464,4.6251583360995365,0.4919071428571429,12744657.25,95610765.0,7.76,5.59,5.75
2025-07-17,8.2,9.37,8.14,9.16,28973027.0,6.308000000000001,6.606628152222622,0.7056590660916147,80.75471676781773,2.9000000000000004,8.331354171978568,4.284645828021434,0.5526214285714285,13699885.7,124583792.0,8.24,6.51,6.26
