Date,Open,High,Low,Close,Volume
2023-09-15 04:00:00,0.42,0.48,0.3,0.315,10825
2023-09-18 04:00:00,0.335,0.48,0.315,0.315,17033
2023-09-19 04:00:00,0.315,0.397,0.315,0.315,2574
2023-09-20 04:00:00,0.39,0.4,0.32,0.32,2459
2023-09-21 04:00:00,0.32,0.34,0.313301,0.3201,4577
2023-09-22 04:00:00,0.3566,0.3566,0.3,0.35,841
2023-09-25 04:00:00,0.311,0.311,0.311,0.311,154
2023-09-27 04:00:00,0.32335,0.33,0.311,0.311,2122
2023-09-28 04:00:00,0.325503,0.325503,0.325503,0.325503,350
2023-09-29 04:00:00,0.33,0.33,0.33,0.33,141
2023-10-02 04:00:00,0.33,0.33,0.300001,0.315001,6535
2023-10-03 04:00:00,0.31,0.31,0.28,0.28,4171
2023-10-04 04:00:00,0.3,0.3,0.3,0.3,216
2023-10-05 04:00:00,0.3,0.3,0.2999,0.3,10332
2023-10-06 04:00:00,0.35,0.4,0.35,0.4,940
2023-10-10 04:00:00,0.3212,0.3212,0.31,0.31,894
2023-10-11 04:00:00,0.3,0.3,0.3,0.3,538
2023-10-12 04:00:00,0.3,0.39,0.3,0.3,2207
2023-10-16 04:00:00,0.3,0.348499,0.3,0.3001,3984
2023-10-17 04:00:00,0.3,0.3,0.26,0.26,1954
2023-10-18 04:00:00,0.29,0.29,0.29,0.29,308
2023-10-20 04:00:00,0.375,0.375,0.31,0.354,1277
2023-10-23 04:00:00,0.364,0.364,0.3599,0.3599,708
2023-10-24 04:00:00,0.2512,0.29,0.2512,0.29,284
2023-10-26 04:00:00,0.29,0.29,0.0512,0.24,1634
2023-10-27 04:00:00,0.2399,0.2399,0.2399,0.2399,159
2023-10-30 04:00:00,0.24,0.3,0.200101,0.3,6066
2023-10-31 04:00:00,0.29,0.3488,0.2013,0.27,3617
2023-11-01 04:00:00,0.3002,0.3002,0.3,0.3,1184
2023-11-02 04:00:00,0.229101,0.23,0.2013,0.21,13542
2023-11-03 04:00:00,0.26,0.285899,0.21,0.285899,3293
2023-11-06 05:00:00,0.27,0.276499,0.213,0.276499,2606
2023-11-07 05:00:00,0.230101,0.230101,0.22,0.22,1194
2023-11-08 05:00:00,0.24,0.49,0.24,0.49,17563
2023-11-09 05:00:00,0.4287,0.4287,0.38,0.3801,3426
2023-11-10 05:00:00,0.49,0.49,0.32,0.42,1276
2023-11-13 05:00:00,0.4714,0.5,0.42,0.4988,36620
2023-11-14 05:00:00,0.5,0.9713,0.5,0.75,22153
2023-11-15 05:00:00,0.75,1.24,0.555,1.01,40319
2023-11-16 05:00:00,1.2,1.99,1.01,1.37,38498
2023-11-17 05:00:00,1.64,1.64,1.3999,1.6,18832
2023-11-20 05:00:00,1.8,1.8,1.4101,1.65,42727
2023-11-21 05:00:00,1.89,2.79,1.7,2.46,115641
2023-11-22 05:00:00,2.78,2.8,0.851,1.29,118794
2023-11-24 05:00:00,1.12,1.195,0.720101,0.9,34134
2023-11-27 05:00:00,1.0,1.39,1.0,1.2,64782
2023-11-28 05:00:00,1.48,1.785,1.02,1.48,30847
2023-11-29 05:00:00,1.2,1.5499,1.2,1.475,8208
2023-11-30 05:00:00,1.47,1.77,1.15,1.77,25501
2023-12-01 05:00:00,1.62,2.2899,1.61,2.24,28420
2023-12-04 05:00:00,2.3,2.89,2.1,2.84,59221
2023-12-05 05:00:00,2.89,3.0,2.12,2.24,21934
2023-12-06 05:00:00,2.09,2.59,1.65,1.75,19941
2023-12-07 05:00:00,1.75,2.46,1.4,2.34,9575
2023-12-08 05:00:00,2.5,2.5,1.6905,1.91,6605
2023-12-11 05:00:00,1.91,2.25,1.61,1.72,8440
2023-12-12 05:00:00,1.815,1.9,1.56,1.875,2522
2023-12-13 05:00:00,1.7901,1.88,1.25,1.58,24690
2023-12-14 05:00:00,1.22,1.7,1.22,1.65,7537
2023-12-15 05:00:00,1.85,1.89,1.65,1.65,3890
2023-12-18 05:00:00,1.8699,1.87,1.58,1.67,13180
2023-12-19 05:00:00,1.82,1.99,1.7,1.781,12832
2023-12-20 05:00:00,1.69,1.82,1.6,1.6001,21603
2023-12-21 05:00:00,1.6,1.82,1.5,1.615,13172
2023-12-22 05:00:00,1.55,1.61,1.33,1.61,11552
2023-12-26 05:00:00,1.43,1.53,1.36,1.4,7415
2023-12-27 05:00:00,1.4,1.4,1.34,1.345,2504
2023-12-28 05:00:00,1.325,1.325,1.31,1.31,1457
2023-12-29 05:00:00,1.43,1.43,1.31,1.3101,2963
2024-01-02 05:00:00,1.31,1.55,1.31,1.32,4989
2024-01-03 05:00:00,1.45,1.6501,1.45,1.47,14626
2024-01-04 05:00:00,1.37,1.468,1.25,1.3,15771
2024-01-05 05:00:00,1.35,1.4304,1.25,1.27,13880
2024-01-08 05:00:00,1.27,1.49,1.14,1.2332,7997
2024-01-09 05:00:00,1.17,1.2,1.03,1.08,13243
2024-01-10 05:00:00,1.1199,1.1199,1.0014,1.08,9497
2024-01-11 05:00:00,1.05,1.13,1.05,1.1201,3208
2024-01-12 05:00:00,1.06,1.18,1.06,1.1,2425
2024-01-16 05:00:00,1.07,1.62,1.07,1.15,24827
2024-01-17 05:00:00,1.14,1.56,1.14,1.2529,5264
2024-01-18 05:00:00,1.4,1.4,1.3,1.3799,2454
2024-01-19 05:00:00,1.37,1.38,1.35,1.3799,3006
2024-01-22 05:00:00,1.11,1.3148,1.11,1.3148,4668
2024-01-23 05:00:00,1.16,1.255,1.16,1.25,1264
2024-01-24 05:00:00,1.2,1.2,1.1,1.1,4735
2024-01-25 05:00:00,1.13,1.13,1.1,1.1,1982
2024-01-26 05:00:00,1.09,1.35,1.0,1.03,16433
2024-01-29 05:00:00,1.1,1.19,1.1,1.135,5608
2024-01-30 05:00:00,1.14,1.22,1.086,1.14,9864
2024-01-31 05:00:00,1.27,1.3,1.03,1.19,4271
2024-02-01 05:00:00,1.19,1.21,1.08,1.15,1275
2024-02-02 05:00:00,1.11,1.11,1.01,1.08,13645
2024-02-05 05:00:00,1.23,1.23,0.9705,1.05,8557
2024-02-06 05:00:00,1.05,1.14,1.035,1.05,4559
2024-02-07 05:00:00,1.05,1.1,1.04,1.1,10064
2024-02-08 05:00:00,1.0,1.13,1.0,1.06,7350
2024-02-09 05:00:00,0.976,1.06,0.95,1.0599,17507
2024-02-12 05:00:00,1.08,1.08,0.7222,0.8,5365
2024-02-13 05:00:00,0.7277,0.872751,0.7277,0.74,6075
2024-02-14 05:00:00,0.744708,0.876517,0.744708,0.849,3397
2024-02-15 05:00:00,0.83,0.8546,0.7277,0.8152,2947
2024-02-16 05:00:00,0.7277,0.8155,0.7277,0.79,2979
2024-02-20 05:00:00,0.7278,0.830699,0.540001,0.6001,7627
2024-02-21 05:00:00,0.5,0.6241,0.5,0.624,5412
2024-02-22 05:00:00,0.5528,0.5528,0.5101,0.5101,2694
2024-02-23 05:00:00,0.5101,0.62,0.5101,0.62,3323
2024-02-26 05:00:00,0.5102,0.5102,0.5102,0.5102,873
2024-02-27 05:00:00,0.579899,0.58,0.5102,0.5102,4894
2024-02-28 05:00:00,0.5101,0.54505,0.5101,0.5102,1524
2024-02-29 05:00:00,0.5101,0.58,0.472,0.475,5873
2024-03-01 05:00:00,0.45,0.56499,0.45,0.5024,13907
2024-03-04 05:00:00,0.5031,0.54,0.321,0.38,14417
2024-03-05 05:00:00,0.35,0.375,0.33,0.37,4080
2024-03-06 05:00:00,0.4,0.4,0.331,0.331,13501
2024-03-07 05:00:00,0.33,0.379,0.33,0.331,6077
2024-03-08 05:00:00,0.33,0.3679,0.33,0.35,9756
2024-03-11 04:00:00,0.32121,0.38,0.32121,0.3773,8208
2024-03-12 04:00:00,0.3423,0.378,0.323,0.35,3398
2024-03-13 04:00:00,0.3212,0.3853,0.312801,0.368,24487
2024-03-14 04:00:00,0.356349,0.399899,0.3,0.3518,14096
2024-03-15 04:00:00,0.35,0.3801,0.3235,0.3355,5546
2024-03-18 04:00:00,0.33,0.4475,0.3236,0.4475,17518
2024-03-19 04:00:00,0.47,0.49,0.333101,0.49,1607
2024-03-20 04:00:00,0.3367,0.49,0.3265,0.4,1780
2024-03-21 04:00:00,0.4,0.41,0.4,0.4,1338
2024-03-25 04:00:00,0.4,0.4002,0.3555,0.377749,6907
2024-03-27 04:00:00,0.37,0.37,0.365001,0.37,810
2024-03-28 04:00:00,0.3412,0.38,0.341099,0.35,2632
2024-04-01 04:00:00,0.3438,0.58,0.3438,0.43,5600
2024-04-02 04:00:00,0.8,0.8,0.39,0.39,7963
2024-04-03 04:00:00,0.451,0.502,0.4,0.4,1737
2024-04-04 04:00:00,0.33,0.499,0.33,0.499,275
2024-04-05 04:00:00,0.45,0.666,0.45,0.5,6849
2024-04-08 04:00:00,0.38,0.426,0.362801,0.3652,4054
2024-04-09 04:00:00,0.5,0.5,0.3627,0.3627,2195
2024-04-10 04:00:00,0.61,0.63,0.61,0.63,905
2024-04-11 04:00:00,0.6,0.6,0.3754,0.53,6453
2024-04-12 04:00:00,0.552723,0.5899,0.3801,0.484999,2408
2024-04-15 04:00:00,0.4,0.45,0.3954,0.4499,1554
2024-04-16 04:00:00,0.41,0.41,0.41,0.41,151
2024-04-17 04:00:00,0.4,0.413838,0.4,0.413838,4628
2024-04-18 04:00:00,0.4011,0.4011,0.3,0.3,5070
2024-04-19 04:00:00,0.36,0.48,0.36,0.48,6709
2024-04-22 04:00:00,0.45,0.4508,0.4499,0.4508,3676
2024-04-23 04:00:00,0.3711,0.42,0.3711,0.372,915
2024-04-24 04:00:00,0.386,0.533,0.386,0.53,3001
2024-04-25 04:00:00,0.53,0.53,0.52,0.53,1232
2024-04-26 04:00:00,0.5,0.5,0.3922,0.3922,451
2024-04-29 04:00:00,0.456451,0.456451,0.456451,0.456451,192
2024-04-30 04:00:00,0.3,0.42,0.3,0.42,460
2024-05-02 04:00:00,0.31,0.31,0.31,0.31,218
2024-05-03 04:00:00,0.45,0.45,0.45,0.45,644
2024-05-06 04:00:00,0.42,0.42,0.385999,0.42,1480
2024-05-07 04:00:00,0.385999,0.385999,0.1884,0.3,5030
2024-05-08 04:00:00,0.3,0.3426,0.1123,0.3426,5240
2024-05-10 04:00:00,0.3,0.37,0.28,0.28,575
2024-05-13 04:00:00,0.34,0.34,0.2223,0.319999,571
2024-05-14 04:00:00,0.3479,0.3479,0.3,0.3,1666
2024-05-15 04:00:00,0.3,0.349899,0.2916,0.33,2725
2024-05-16 04:00:00,0.3,0.3001,0.3,0.3001,494
2024-05-20 04:00:00,0.3,0.3311,0.3,0.3311,792
2024-05-21 04:00:00,0.33,0.33,0.2915,0.292963,1453
2024-05-22 04:00:00,0.29,0.2901,0.29,0.2901,267
2024-05-23 04:00:00,0.26631,0.28,0.26631,0.28,1200
2024-05-24 04:00:00,0.3285,0.3285,0.3285,0.3285,128
2024-05-28 04:00:00,0.24,0.24,0.1212,0.21,24662
2024-05-29 04:00:00,0.13,0.2,0.1233,0.193301,4162
2024-05-30 04:00:00,0.2,0.278,0.2,0.2779,5081
2024-05-31 04:00:00,0.278,0.28,0.2022,0.24,7873
2024-06-04 04:00:00,0.3,0.35,0.1246,0.25,5288
2024-06-05 04:00:00,0.18,0.32,0.18,0.26,1602
2024-06-06 04:00:00,0.21,0.389,0.21,0.3799,597
2024-06-07 04:00:00,0.2169,0.35,0.2169,0.35,707
2024-06-10 04:00:00,0.274135,0.3,0.26,0.29,1620
2024-06-12 04:00:00,0.2316,0.28,0.2316,0.28,755
2024-06-13 04:00:00,0.2315,0.255751,0.2315,0.255751,1393
2024-06-14 04:00:00,0.24,0.275,0.24,0.2699,3139
2024-06-17 04:00:00,0.24,0.25,0.24,0.24,2920
2024-06-18 04:00:00,0.25,0.25,0.2438,0.246,1824
2024-06-20 04:00:00,0.246,0.25,0.222,0.222,1812
2024-06-24 04:00:00,0.222,0.222,0.222,0.222,270
2024-06-25 04:00:00,0.245,0.245,0.2201,0.2201,424
2024-06-26 04:00:00,0.22,0.22,0.22,0.22,1080
2024-06-27 04:00:00,0.22,0.22,0.168,0.168,3690
2024-06-28 04:00:00,0.23,0.25,0.2075,0.226,4768
2024-07-01 04:00:00,0.25,0.325,0.25,0.28,3716
2024-07-03 04:00:00,0.22,0.22,0.15,0.15,2010
2024-07-05 04:00:00,0.33,0.33,0.33,0.33,1597
2024-07-08 04:00:00,0.25,0.32,0.25,0.32,201
2024-07-09 04:00:00,0.24,0.24,0.24,0.24,235
2024-07-10 04:00:00,0.21,0.3,0.21,0.22,6837
2024-07-11 04:00:00,0.22,0.26,0.22,0.2599,1350
2024-07-12 04:00:00,0.19,0.19,0.19,0.19,830
2024-07-15 04:00:00,0.27,0.41,0.27,0.41,7561
2024-07-18 04:00:00,0.22,0.26,0.22,0.26,1556
2024-07-24 04:00:00,0.2526,0.2526,0.2526,0.2526,179
2024-07-25 04:00:00,0.22,0.232,0.22,0.22,3510
2024-07-26 04:00:00,0.26,0.26,0.26,0.26,184
2024-07-29 04:00:00,0.2592,0.29,0.21,0.21,3562
2024-07-30 04:00:00,0.22,0.22,0.22,0.22,2879
2024-07-31 04:00:00,0.250101,0.28055,0.15,0.165,20541
2024-08-01 04:00:00,0.19,0.19,0.14,0.19,3572
2024-08-02 04:00:00,0.168,0.194751,0.14,0.14,7930
2024-08-05 04:00:00,0.14,0.1898,0.14,0.14,1678
2024-08-07 04:00:00,0.14,0.1497,0.1245,0.1497,630
2024-08-08 04:00:00,0.1245,0.1559,0.1245,0.1559,352
2024-08-09 04:00:00,0.16,0.16,0.16,0.16,1256
2024-08-12 04:00:00,0.14,0.14,0.14,0.14,3350
2024-08-13 04:00:00,0.11,0.11,0.105,0.105,500
2024-08-14 04:00:00,0.15,0.197,0.1499,0.15,3523
2024-08-15 04:00:00,0.15,0.22,0.15,0.2,3167
2024-08-16 04:00:00,0.18,0.22,0.15,0.18,1088
2024-08-19 04:00:00,0.16,0.22,0.16,0.22,1305
2024-08-20 04:00:00,0.21,0.21,0.21,0.21,829
2024-08-21 04:00:00,0.22,0.22,0.199999,0.218,1341
2024-08-22 04:00:00,0.23,0.3,0.18,0.18,19440
2024-08-23 04:00:00,0.2,0.3,0.2,0.21,2303
2024-08-27 04:00:00,0.2,0.2,0.19,0.19,1230
2024-08-29 04:00:00,0.17,0.195,0.13,0.162499,4110
2024-08-30 04:00:00,0.170101,0.2,0.1191,0.2,5054
2024-09-03 04:00:00,0.16,0.1983,0.16,0.1983,921
2024-09-04 04:00:00,0.152,0.1983,0.152,0.1983,4688
2024-09-05 04:00:00,0.2,0.25,0.2,0.25,970
2024-09-06 04:00:00,0.22,0.24,0.2122,0.24,2218
2024-09-09 04:00:00,0.195,0.270751,0.195,0.2102,4337
2024-09-10 04:00:00,0.25,0.3111,0.18,0.3111,5160
2024-09-11 04:00:00,0.325,0.5,0.325,0.4499,2125
2024-09-12 04:00:00,0.455,0.49,0.45,0.45,1303
2024-09-13 04:00:00,0.38,0.38,0.32,0.32,500
2024-09-16 04:00:00,0.375,0.39,0.375,0.39,1415
2024-09-17 04:00:00,0.39,0.39,0.204,0.32,2739
2024-09-18 04:00:00,0.2521,0.48,0.2521,0.4501,6479
2024-09-19 04:00:00,0.4771,0.4771,0.2526,0.36,2849
2024-09-20 04:00:00,0.32,0.33,0.252,0.252,3708
2024-09-23 04:00:00,0.26,0.28,0.26,0.28,1394
2024-09-24 04:00:00,0.3,0.32,0.3,0.32,1170
2024-09-25 04:00:00,0.22,0.2718,0.22,0.22,11816
2024-09-26 04:00:00,0.22,0.2201,0.22,0.220098,1865
2024-09-27 04:00:00,0.27,0.27,0.22,0.22,4680
2024-09-30 04:00:00,0.22,0.22,0.22,0.22,311
2024-10-02 04:00:00,0.22,0.2674,0.22,0.22,9101
2024-10-07 04:00:00,0.2399,0.24,0.222,0.2221,1157
2024-10-08 04:00:00,0.2101,0.2101,0.2,0.2096,13137
2024-10-09 04:00:00,0.2,0.23,0.2,0.2,700
2024-10-14 04:00:00,0.2344,0.2344,0.2344,0.2344,104
2024-10-15 04:00:00,0.21,0.228501,0.2,0.2,5014
2024-10-16 04:00:00,0.2,0.246899,0.147,0.225261,11748
2024-10-17 04:00:00,0.23,0.23,0.17,0.17,1150
2024-10-18 04:00:00,0.1957,0.1957,0.1907,0.1907,1751
2024-10-22 04:00:00,0.175,0.1966,0.175,0.1966,830
2024-10-23 04:00:00,0.2288,0.2288,0.190653,0.190653,990
2024-10-28 04:00:00,0.185,0.2162,0.11,0.1208,9000
2024-10-29 04:00:00,0.1327,0.175,0.1231,0.1231,5444
2024-10-31 04:00:00,0.1497,0.1497,0.125,0.125,270
2024-11-01 04:00:00,0.13,0.15,0.13,0.15,4185
2024-11-04 05:00:00,0.13035,0.1499,0.13035,0.14,1256
2024-11-05 05:00:00,0.15,0.15,0.14,0.14,560
2024-11-06 05:00:00,0.16,0.16,0.16,0.16,2623
2024-11-07 05:00:00,0.1695,0.18,0.1695,0.18,1573
2024-11-08 05:00:00,0.1798,0.18,0.1798,0.18,500
2024-11-11 05:00:00,0.1326,0.155,0.1326,0.155,550
2024-11-12 05:00:00,0.18,0.18,0.11,0.11,10309
2024-11-13 05:00:00,0.11,0.110101,0.11,0.110101,1342
2024-11-14 05:00:00,0.14,0.18,0.1205,0.16,7377
2024-11-15 05:00:00,0.13,0.16,0.13,0.13,4290
2024-11-18 05:00:00,0.11,0.13,0.11,0.13,399
2024-11-19 05:00:00,0.12,0.15,0.1001,0.1308,2420
2024-11-20 05:00:00,0.13,0.15,0.13,0.15,2321
2024-11-21 05:00:00,0.11,0.16,0.1001,0.16,3220
2024-11-22 05:00:00,0.131,0.15,0.131,0.149999,900
2024-11-25 05:00:00,0.101,0.1499,0.101,0.1468,2719
2024-11-27 05:00:00,0.112,0.133,0.07,0.13,6068
2024-11-29 05:00:00,0.105,0.105,0.104,0.104,1428
2024-12-02 05:00:00,0.13,0.15,0.104,0.15,3973
2024-12-03 05:00:00,0.15,0.15,0.11,0.11,5486
2024-12-04 05:00:00,0.11,0.11,0.11,0.11,600
2024-12-05 05:00:00,0.104,0.13,0.104,0.13,1962
2024-12-06 05:00:00,0.13,0.1401,0.13,0.1401,2380
2024-12-09 05:00:00,0.12,0.124751,0.12,0.124751,974
2024-12-10 05:00:00,0.12,0.12,0.12,0.12,184
2024-12-11 05:00:00,0.1247,0.1395,0.1247,0.1395,1444
2024-12-12 05:00:00,0.145,0.25,0.145,0.25,29068
2024-12-13 05:00:00,0.25,0.2501,0.16,0.218,3271
2024-12-16 05:00:00,0.1711,0.21,0.1611,0.21,4310
2024-12-17 05:00:00,0.151,0.2,0.15,0.18,6012
2024-12-18 05:00:00,0.18,0.196632,0.18,0.196632,1900
2024-12-19 05:00:00,0.18,0.193117,0.18,0.193117,1143
2024-12-20 05:00:00,0.18,0.1892,0.18,0.18,7546
2024-12-23 05:00:00,0.19,0.19,0.19,0.19,399
2024-12-24 05:00:00,0.16,0.17,0.16,0.1699,1372
2024-12-26 05:00:00,0.17,0.18,0.17,0.18,1143
2024-12-27 05:00:00,0.18,0.1803,0.18,0.1803,550
2024-12-30 05:00:00,0.1501,0.1501,0.122005,0.1501,1559
2024-12-31 05:00:00,0.1326,0.1326,0.1,0.13,825
2025-01-02 05:00:00,0.12,0.18,0.1001,0.18,2787
2025-01-03 05:00:00,0.14,0.14,0.14,0.14,1032
2025-01-06 05:00:00,0.13,0.130001,0.1299,0.130001,3551
2025-01-07 05:00:00,0.13,0.135001,0.1,0.1,2690
2025-01-10 05:00:00,0.15,0.25,0.1418,0.1418,6276
2025-01-13 05:00:00,0.143925,0.225,0.143925,0.1645,5151
2025-01-14 05:00:00,0.145201,0.185051,0.145201,0.185051,800
2025-01-15 05:00:00,0.225,0.225,0.225,0.225,1203
2025-01-16 05:00:00,0.1501,0.225,0.1501,0.225,570
2025-01-17 05:00:00,0.1855,0.208,0.15,0.208,6202
2025-01-21 05:00:00,0.1525,0.16,0.083,0.1094,18658
2025-01-22 05:00:00,0.11,0.124901,0.11,0.1157,2135
2025-01-23 05:00:00,0.127251,0.127251,0.112299,0.112299,2400
2025-01-24 05:00:00,0.1195,0.1271,0.1195,0.127,10387
2025-01-27 05:00:00,0.1264,0.1264,0.1264,0.1264,830
2025-01-28 05:00:00,0.1264,0.15,0.1264,0.15,829
2025-01-29 05:00:00,0.1489,0.1489,0.1489,0.1489,202
2025-01-31 05:00:00,0.1029,0.1391,0.1029,0.11,907
2025-02-03 05:00:00,0.13,0.1527,0.13,0.1527,1404
2025-02-04 05:00:00,0.13,0.13,0.13,0.13,280
2025-02-05 05:00:00,0.1131,0.1491,0.1027,0.14535,13548
2025-02-06 05:00:00,0.144999,0.1621,0.115701,0.16,17776
2025-02-07 05:00:00,0.15,0.1725,0.1175,0.1175,7510
2025-02-11 05:00:00,0.16,0.1866,0.1597,0.1866,2822
2025-02-12 05:00:00,0.156,0.4537,0.156,0.4537,6725
2025-02-13 05:00:00,0.36,0.36,0.2,0.295,2525
2025-02-14 05:00:00,0.35,0.44,0.26,0.32,76152
2025-02-18 05:00:00,0.32,0.32,0.2403,0.3,13789
2025-02-19 05:00:00,0.29,0.458,0.2124,0.2132,12457
2025-02-20 05:00:00,0.34,0.39,0.25,0.3,12762
2025-02-21 05:00:00,0.2711,0.42,0.230549,0.250999,4380
2025-02-24 05:00:00,0.312,0.3597,0.1782,0.232,23135
2025-02-25 05:00:00,0.29,0.325,0.22,0.2299,17434
2025-02-27 05:00:00,0.25,0.285,0.18,0.22,20423
2025-02-28 05:00:00,0.22,0.25,0.12,0.175001,29730
2025-03-03 05:00:00,0.18,0.19,0.165,0.19,858
2025-03-04 05:00:00,0.13,0.2,0.13,0.18,2634
2025-03-05 05:00:00,0.2,0.25,0.1311,0.246,14034
2025-03-06 05:00:00,0.23,0.23,0.15,0.23,1906
2025-03-07 05:00:00,0.1551,0.23,0.14,0.182296,1130
2025-03-10 04:00:00,0.14,0.21,0.14,0.21,800
2025-03-11 04:00:00,0.17,0.209,0.13,0.1897,1410
2025-03-14 04:00:00,0.14,0.17,0.14,0.1689,16434
2025-03-17 04:00:00,0.14,0.17,0.14,0.169,844
2025-03-19 04:00:00,0.16,0.16,0.16,0.16,516
2025-03-20 04:00:00,0.15,0.1629,0.15,0.1629,600
2025-03-21 04:00:00,0.1619,0.1629,0.13,0.1594,1961
2025-03-26 04:00:00,0.13,0.158,0.13,0.158,200
2025-03-27 04:00:00,0.13,0.1547,0.1102,0.1547,1400
2025-03-28 04:00:00,0.1575,0.1575,0.115,0.1485,2200
2025-03-31 04:00:00,0.15,0.153,0.134101,0.15,3300
2025-04-01 04:00:00,0.1546,0.1546,0.1245,0.1546,1925
2025-04-03 04:00:00,0.1328,0.14,0.1328,0.14,715
2025-04-04 04:00:00,0.125051,0.14,0.11,0.1386,6400
2025-04-07 04:00:00,0.1135,0.1399,0.11,0.1388,10831
2025-04-08 04:00:00,0.1003,0.1372,0.0852,0.1195,8149
2025-04-09 04:00:00,0.0852,0.1199,0.0852,0.1199,265
2025-04-11 04:00:00,0.0851,0.0995,0.0851,0.0995,1270
2025-04-14 04:00:00,0.0851,0.0999,0.0851,0.0999,1080
2025-04-15 04:00:00,0.09,0.0988,0.09,0.0988,560
2025-04-16 04:00:00,0.0999,0.1143,0.09,0.1142,13463
2025-04-17 04:00:00,0.13,0.146,0.13,0.146,1871
2025-04-21 04:00:00,0.145,0.145,0.145,0.145,560
2025-04-22 04:00:00,0.1451,0.146,0.118,0.146,1061
2025-04-23 04:00:00,0.145,0.145,0.1121,0.14,1722
2025-04-24 04:00:00,0.14,0.1448,0.11,0.1423,10222
2025-04-25 04:00:00,0.138,0.138,0.138,0.138,7000
2025-04-28 04:00:00,0.138,0.138,0.117599,0.138,452
2025-04-29 04:00:00,0.1421,0.1421,0.096,0.096,2585
2025-04-30 04:00:00,0.145,0.145,0.12,0.120101,1225
2025-05-01 04:00:00,0.145,0.146,0.12,0.13,16240
2025-05-02 04:00:00,0.148,0.148,0.115,0.122501,1572
2025-05-05 04:00:00,0.135,0.135,0.117499,0.117499,1100
2025-05-06 04:00:00,0.1348,0.135,0.1348,0.135,1100
2025-05-07 04:00:00,0.135,0.135,0.135,0.135,569
2025-05-09 04:00:00,0.1148,0.135,0.1103,0.135,1808
2025-05-12 04:00:00,0.1111,0.1111,0.0187,0.09,29578
2025-05-13 04:00:00,0.0999,0.111,0.07,0.079,5393
2025-05-14 04:00:00,0.0999,0.111,0.0999,0.1,3219
2025-05-15 04:00:00,0.100001,0.100003,0.0201,0.0987,4745
2025-05-16 04:00:00,0.06,0.0899,0.06,0.0899,2628
2025-05-19 04:00:00,0.0899,0.0899,0.03,0.08,1326
2025-05-20 04:00:00,0.065,0.0898,0.065,0.0898,2800
2025-05-21 04:00:00,0.1,0.1,0.085,0.1,762
2025-05-22 04:00:00,0.1,0.1,0.1,0.1,360
2025-05-23 04:00:00,0.1,0.1,0.0805,0.1,2854
2025-05-27 04:00:00,0.0705,0.0947,0.0705,0.0947,327
2025-05-28 04:00:00,0.0943,0.0943,0.0943,0.0943,101
2025-05-29 04:00:00,0.0947,0.1,0.0235,0.045,135610
2025-05-30 04:00:00,0.03,0.035,0.0166,0.0313,131989
2025-06-02 04:00:00,0.0312,0.0312,0.0261,0.0261,1545
2025-06-03 04:00:00,0.026,0.045,0.0175,0.0388,43504
2025-06-04 04:00:00,0.036,0.037,0.027,0.027,6548
2025-06-05 04:00:00,0.027,0.031,0.0269,0.0269,21799
2025-06-06 04:00:00,0.032501,0.032501,0.027,0.027,12624
2025-06-09 04:00:00,0.0199,0.0309,0.0199,0.0221,4435
2025-06-10 04:00:00,0.02145,0.02145,0.0199,0.0199,410
2025-06-11 04:00:00,0.0201,0.0229,0.02,0.0228,5247
2025-06-12 04:00:00,0.0201,0.030501,0.01,0.030501,78027
2025-06-13 04:00:00,0.03,0.03,0.0151,0.03,3602
2025-06-16 04:00:00,0.01,0.0298,0.01,0.0298,10419
2025-06-17 04:00:00,0.015,0.02,0.015,0.0161,12354
2025-06-18 04:00:00,0.0247,0.0248,0.015,0.0171,16573
2025-06-23 04:00:00,0.0247,0.038,0.0247,0.0313,14247
2025-06-24 04:00:00,0.0251,0.03,0.0251,0.03,3512
2025-06-25 04:00:00,0.0298,0.03,0.0209,0.03,4918
2025-06-26 04:00:00,0.0299,0.0445,0.0299,0.0391,13915
2025-06-27 04:00:00,0.0447,0.0447,0.0447,0.0447,1070
2025-07-02 04:00:00,0.0347,0.0414,0.0347,0.0414,5163
2025-07-03 04:00:00,0.024,0.0447,0.024,0.042,607
2025-07-07 04:00:00,0.024,0.0447,0.024,0.0447,645
2025-07-08 04:00:00,0.0434,0.0434,0.0434,0.0434,1600
2025-07-09 04:00:00,0.0209,0.0424,0.02,0.0424,1526
2025-07-10 04:00:00,0.0421,0.0421,0.03171,0.0368,10548
2025-07-11 04:00:00,0.0222,0.026,0.0199,0.026,7796
2025-07-14 04:00:00,0.026,0.043,0.0152,0.0422,16985
2025-07-15 04:00:00,0.015,0.0387,0.015,0.0387,11634
2025-07-16 04:00:00,0.037,0.043,0.016,0.0358,31078
2025-07-17 04:00:00,0.0292,0.036,0.02,0.036,1538
2025-07-18 04:00:00,0.0251,0.039,0.0203,0.039,1832
2025-07-21 04:00:00,0.0447,0.0447,0.016,0.039999,8457
2025-07-22 04:00:00,0.0164,0.0349,0.0164,0.028149,21813
2025-07-23 04:00:00,0.0397,0.08,0.0213,0.0759,138467
2025-07-24 04:00:00,0.04,0.07,0.04,0.0676,35498
2025-07-25 04:00:00,0.0512,0.07,0.0512,0.07,5259
2025-07-28 04:00:00,0.0685,0.0685,0.061,0.0685,3869
2025-07-29 04:00:00,0.035,0.0476,0.035,0.0476,15760
2025-07-30 04:00:00,0.0499,0.0499,0.0491,0.0491,2765
2025-07-31 04:00:00,0.0351,0.06,0.0243,0.035,96291
2025-08-01 04:00:00,0.043949,0.0649,0.043949,0.0596,28485
2025-08-04 04:00:00,0.1,0.1,0.05,0.06,25604
2025-08-05 04:00:00,0.08,0.098,0.05,0.0587,15211
2025-08-06 04:00:00,0.06,0.098,0.0486,0.088,34725
2025-08-07 04:00:00,0.0544,0.0998,0.0544,0.0797,41178
2025-08-08 04:00:00,0.1,0.1,0.0623,0.08,23503
2025-08-11 04:00:00,0.052,0.0798,0.052,0.0701,13845
2025-08-12 04:00:00,0.0798,0.08,0.07,0.07,23569
2025-08-13 04:00:00,0.0617,0.0831,0.0617,0.079899,14834
2025-08-14 04:00:00,0.0621,0.0783,0.0617,0.0701,4258
2025-08-15 04:00:00,0.0775,0.0775,0.0774,0.0775,1934
2025-08-18 04:00:00,0.06975,0.06975,0.06975,0.06975,175
2025-08-19 04:00:00,0.0624,0.0624,0.0624,0.0624,450
2025-08-20 04:00:00,0.0623,0.0623,0.0623,0.0623,875
2025-08-22 04:00:00,0.0622,0.07,0.0622,0.065048,10275
2025-08-25 04:00:00,0.07,0.07,0.0626,0.0626,807
2025-08-26 04:00:00,0.07,0.07,0.06,0.06,397
2025-08-27 04:00:00,0.051,0.051,0.051,0.051,450
2025-08-28 04:00:00,0.0574,0.0574,0.0574,0.0574,405
2025-08-29 04:00:00,0.0667,0.0667,0.0667,0.0667,15632
2025-09-02 04:00:00,0.0667,0.0704,0.0658,0.0658,13816
2025-09-03 04:00:00,0.07,0.07,0.0522,0.07,1815
2025-09-05 04:00:00,0.07,0.07,0.069894,0.0699,8359
